tracker;puntos;ext_x;ext_y;ids
TR-07_1-049;9;7.0;1575.7;914 915 943 944 945 946 983 985 14412
TR-07_1-117;44;0.5;1082.1;7164 7165 7166 7167 7168 7169 7170 7171 13921 13922 13923 13930 14215 14216 14217 14218 14219 14220 14221 14222 16674 16701 16702 16703 16704 16705 16706 16707 17214 17224 17225 17232 17233 17234 17247 17248 17249 17250 17263 17264 17265 17266 17273 18273
TR-08_1-090;10;6.3;609.3;11669 11671 11672 11673 11674 11675 11676 11678 12977 13001
TR-08_1-098;9;6.3;609.3;11797 11800 11801 11802 11803 11804 11806 12575 15824
TR-08_1-043;10;6.5;590.5;12499 15747 16872 16873 16874 16875 16876 16877 16878 16879
TR-08_1-091;9;6.3;533.6;11679 11680 11681 11682 11683 11684 11685 11688 13027
TR-07_1-064;12;6.6;532.6;1200 1201 1203 1204 1205 1206 1207 1208 11915 11916 11917 11918
TR-03_2-020;12;8.7;524.8;924 925 926 996 16541 16542 16558 16559 16562 16563 16565 16566
TR-08_1-070;13;6.3;477.3;11807 11808 11809 11810 11811 11812 11813 11814 11815 11816 11817 11818 15855
TR-08_1-053;9;6.3;455.6;12779 16720 16721 16722 16723 16724 16725 16726 16727
TR-08_1-048;10;6.2;438.3;12615 12617 16811 16813 16814 16815 16816 16817 16818 16819
TR-07_1-075;9;6.5;435.9;739 740 759 760 806 807 808 809 16568
TR-07_2-009;10;6.4;400.4;11805 12574 12576 12577 12578 12579 12580 12581 12582 16840
TR-07_2-010;9;6.4;400.4;12583 12584 12585 12586 12587 12588 12589 12591 16830
TR-08_1-050;8;6.4;386.0;12667 16780 16781 16782 16783 16784 16785 16787
TR-08_1-013;16;6.3;385.9;10930 10931 10932 10933 10938 10939 10940 10941 11555 11559 11560 11561 11562 11567 11568 11569
TR-07_2-013;8;6.3;385.4;12670 12672 12673 12674 12676 12677 12678 16775
TR-08_1-022;9;7.8;379.5;11734 16919 16921 16923 16924 16925 16926 16927 16928
TR-08_1-078;8;6.3;372.4;11875 11876 11878 11879 11880 11881 11882 12775
TR-08_1-044;9;6.4;355.4;12529 16864 16865 16866 16867 16868 16869 16870 16871
TR-08_1-069;12;7.6;340.8;11791 11792 11793 11794 11795 11796 11798 11799 16892 16893 16894 16895
TR-08_1-096;9;6.3;335.7;11765 11768 11769 11770 11771 11772 11773 11774 12511
TR-07_1-006;12;6.8;318.0;12799 12800 12801 12802 12803 12804 12806 12807 16708 16709 16710 16711
TR-07_1-041;20;6.3;309.8;13398 13399 13401 13402 13403 13404 13405 13406 18119 18120 18121 18122 18123 18124 18125 18126 18127 18128 18129 18283
TR-01_1-018;16;7.2;306.9;355 356 360 361 362 363 368 371 6016 6017 6018 6019 6020 6021 6022 6023
TR-06_1-009;20;6.4;301.8;1257 1258 1259 1260 1261 1262 1263 1264 1265 1266 1267 1268 9667 9668 9669 9670 9671 9672 9673 9674
TR-08_1-079;9;6.3;297.6;12813 18213 18214 18215 18216 18217 18218 18219 18220
TR-08_1-075;9;6.3;274.9;11851 11852 11853 11854 11855 11856 11857 11858 12713
TR-08_2-051;12;6.2;270.6;10901 10902 11168 11169 11170 11171 11628 11629 11630 11631 11632 11633
TR-08_1-060;13;6.3;253.7;11653 11654 11655 11656 11657 11658 11659 11660 11661 17037 17038 17039 17040
TR-08_1-086;9;6.2;252.9;11578 11580 11581 11582 11583 11584 11585 11586 12319
TR-07_1-114;9;6.4;248.3;892 893 894 895 899 900 16614 18162 18163
TR-10_1-013;14;7.6;247.1;1798 1799 1800 1807 3600 3601 3602 3603 3604 3605 3606 3607 8125 8150
TR-01_1-091;9;6.2;235.6;7457 7495 7496 7498 7499 7500 7501 7602 7693
TR-01_1-095;20;12.5;235.5;7573 7582 7583 7584 7586 7587 7588 7589 7598 7599 7600 7601 7604 7605 7606 7607 7608 7609 7610 7611
TR-01_1-085;9;6.2;235.0;7347 7350 7351 7352 7353 7354 7355 7356 7838
TR-03_1-099;15;7.9;233.9;14407 14408 14409 14410 14411 14413 14414 14694 14696 14697 14698 14699 14700 14701 14702
TR-05_2-011;12;6.3;210.3;881 882 883 905 16659 16660 16662 16663 16664 16665 16668 16669
TR-08_1-073;9;6.3;199.6;11835 11836 11837 11838 11839 11840 11841 11842 12675
TR-07_2-012;9;6.5;199.1;11831 12631 12632 12633 12634 12635 12636 12637 12639
TR-07_1-003;9;6.3;199.1;11863 12742 12744 12745 12746 12747 12748 12749 12750
TR-08_2-019;10;6.4;197.9;10724 10728 10996 10997 10998 10999 11000 11001 11002 11003
TR-07_1-005;9;6.2;185.0;11877 12790 12792 12793 12794 12795 12796 12797 12798
TR-09_2-058;16;6.3;173.4;2753 2754 2755 2756 2757 2758 2759 2760 8389 8390 8391 8392 8393 8394 8395 8396
TR-08_2-010;9;6.3;167.9;10874 11128 11129 11130 11131 11132 11133 11134 11135
TR-08_1-027;9;6.3;161.6;10911 10912 10913 10925 11642 11643 11644 11645 11646
TR-05_1-034;12;7.2;160.6;13471 13472 13473 13474 18095 18097 18098 18099 18100 18101 18102 18103
TR-07_2-043;7;6.2;159.8;12513 12514 12515 12516 12517 12519 15757
TR-07_2-034;9;6.3;159.7;12330 12332 12333 12334 12335 12336 12338 12881 12887
TR-07_2-036;9;6.3;159.7;12362 12364 12365 12366 12367 12368 12369 12370 12951
TR-05_2-021;12;6.2;153.8;13775 13776 13777 13778 13779 13780 13781 13783 13839 13840 13841 13842
TR-08_2-007;12;6.3;153.3;11100 11101 11102 11103 11108 11109 11110 11111 18192 18208 18209 18210
TR-02_2-015;14;6.2;152.3;5952 5953 5954 5955 5956 5957 5958 5959 5960 5961 6108 6109 6110 6111
TR-03_2-003;12;6.4;150.4;8672 8673 8674 8675 8676 8677 8678 8679 8680 8681 8682 8683
TR-07_1-063;12;6.2;149.8;1157 1158 1159 1160 1161 1162 1163 1164 1165 1166 1167 1170
TR-05_2-039;12;6.2;149.8;13651 13652 13653 13654 13655 13656 13657 13658 13659 13660 13661 13663
TR-03_1-071;12;6.3;149.8;14906 14908 14909 14910 14911 14912 14913 14914 14915 14916 14917 14918
TR-04_1-040;12;6.3;149.7;15 18 19 20 21 22 23 24 25 26 27 28
TR-04_1-019;12;6.3;149.7;161 163 164 165 166 167 168 169 170 171 172 173
TR-07_1-112;12;6.5;149.7;829 830 831 859 860 864 865 866 867 877 878 18160
TR-07_1-050;12;6.2;149.7;916 917 939 940 941 942 987 988 989 997 998 1156
TR-07_1-031;12;6.3;149.7;972 974 1011 1012 1013 1014 1144 1145 1146 1147 1148 1149
TR-08_1-113;12;6.3;149.7;1046 1047 1049 1050 1051 1052 1053 1054 1055 1056 1057 1058
TR-07_1-017;12;6.3;149.7;1110 1113 1114 1115 1116 1117 1118 1119 1120 1121 1122 1123
TR-05_1-054;12;6.3;149.7;5256 5259 5260 5261 5262 5263 5264 5265 5266 5267 5268 5269
TR-01_1-109;16;12.6;149.7;7533 7534 7535 7552 7553 7554 7555 7572 7590 7591 7592 7593 7594 7595 7596 7597
TR-01_1-065;12;6.5;149.7;7660 7661 7662 7663 7664 7665 7666 7668 7669 7699 7700 7702
TR-05_2-008;12;6.3;149.7;13859 13860 13861 13862 13863 13864 13865 13866 13867 13868 13869 13870
TR-01_1-017;12;6.2;149.6;357 358 359 373 500 554 555 556 557 610 611 612
TR-07_1-095;12;6.3;149.6;747 748 749 750 825 826 836 837 838 839 855 856
TR-07_1-116;12;6.2;149.6;861 862 863 879 880 884 885 886 887 903 904 18166
TR-03_2-016;12;6.3;149.6;8959 8960 8961 8962 8963 8964 8965 8966 8967 8968 8969 8970
TR-05_1-007;12;6.3;149.6;13559 13560 13561 13562 13563 13564 13565 13566 13567 13568 13569 13571
TR-03_1-086;12;6.3;149.6;14814 14816 14817 14818 14819 14820 14821 14822 14823 14824 14825 14826
TR-05_1-106;12;6.3;149.5;6066 6081 6082 6083 6084 6085 6086 6087 6088 6089 6090 6091
TR-06_1-103;12;6.3;149.5;9847 9848 9849 9850 9851 9852 9853 9854 9871 9872 9873 9874
TR-08_2-005;9;6.3;149.5;11068 11069 11070 11071 11076 11079 11080 11081 11082
TR-05_1-078;12;6.2;149.4;5320 5350 5352 5353 5354 5355 6028 6029 6030 6031 6032 6033
TR-05_1-018;12;6.3;149.4;13499 13500 13501 13502 13503 13504 13505 13506 13507 13508 13509 13510
TR-07_2-096;8;6.2;149.4;15715 15717 15719 15720 15721 15724 15725 15726
TR-08_1-038;12;6.3;149.2;16760 16761 16762 16763 16764 16765 16766 16767 16768 16769 16770 16786
TR-07_2-008;9;6.3;147.8;11779 12535 12536 12537 12538 12539 12540 12541 12543
TR-09_1-030;12;6.3;124.4;8915 8916 8917 8918 9055 9056 9057 9058 17065 17066 17067 17068
TR-08_1-026;9;6.2;123.8;10907 10908 10909 10910 10915 11638 11639 11640 11641
TR-08_2-026;9;6.3;122.9;10840 11092 11093 11094 11095 11104 11105 11106 11107
TR-08_2-018;8;6.3;122.8;10712 10989 10990 10991 10992 10993 10994 10995
TR-07_1-022;7;6.2;122.7;12728 12729 12730 12732 12733 12735 13275
TR-08_2-015;5;6.0;122.6;10664 10968 10969 10970 10971
TR-08_2-016;9;6.3;122.5;10680 10972 10973 10974 10975 10976 10977 10978 10979
TR-07_1-037;9;6.3;122.1;12727 12731 13270 13272 13273 13274 13276 13277 13278
TR-07_1-023;9;6.2;122.0;12766 12768 12769 12770 12771 12772 12773 12774 13283
TR-07_2-041;6;6.3;121.9;12463 12465 12466 12468 12472 15703
TR-07_1-036;9;6.5;121.9;12705 13215 13216 13217 13218 13219 13220 13221 13223
