tracker;zona;id;tipo;pend_long_pct;este_pend_transv_pct;este_pend_vector_pct;este_azimut_deg;este_vecina_critica;este_es_hermana;este_n_candidatas;oeste_pend_transv_pct;oeste_pend_vector_pct;oeste_azimut_deg;oeste_vecina_critica;oeste_es_hermana;oeste_n_candidatas
1;HD;HD-1;2TTx56;-0,164;-3,486;3,49;87,3;HD-2-0;NO;2;4,088;4,091;87,7;HD-1-0 (hermana);SI;3
2;HD;HD-2;2TTx56;-0,351;-2,721;2,743;82,6;HD-3-0;NO;2;3,486;3,503;84,2;HD-1-1;NO;2
3;HD;HD-3;2TTx56;-0,658;-2,731;2,809;76,5;HD-4-0;NO;2;3,505;3,567;79,4;HD-3-0 (hermana);SI;2
4;HD;HD-4;2TTx56;-0,771;-3,073;3,168;75,9;HD-4-1 (hermana);SI;2;3,073;3,168;75,9;HD-4-0 (hermana);SI;2
5;HD;HD-5;2TTx56;1,905;-1,943;2,721;134,4;HD-5-1 (hermana);SI;2;1,943;2,721;134,4;HD-5-0 (hermana);SI;1
6;HD;HD-6;2TTx56;-1,064;-2,569;2,78;67,5;HD-6-1 (hermana);SI;2;4,042;4,179;75,3;HD-4-1;NO;2
7;HD;HD-7;2TTx56;2,0;-4,038;4,506;116,3;HD-7-1 (hermana);SI;2;4,95;5,338;112,0;HD-5-1;NO;2
8;HD;HD-8;2TTx56;-1,138;-4,089;4,245;74,4;HD-8-1 (hermana);SI;2;4,174;4,326;74,7;HD-6-1;NO;2
9;HD;HD-9;2TTx56;1,821;-2,73;3,282;123,7;HD-9-1 (hermana);SI;2;4,786;5,12;110,8;HD-7-1;NO;2
10;HD;HD-10;2TTx56;-0,882;-3,088;3,211;74,1;HD-10-1 (hermana);SI;2;4,224;4,315;78,2;HD-8-1;NO;2
11;HD;HD-11;2TTx56;1,501;-2,9;3,265;117,4;HD-11-1 (hermana);SI;2;3,964;4,239;110,7;HD-9-1;NO;2
12;HD;HD-12;2TTx56;-0,79;-4,034;4,111;78,9;HD-12-1 (hermana);SI;2;4,034;4,111;78,9;HD-12-0 (hermana);SI;2
13;HD;HD-13;2TTx56;1,337;-3,195;3,464;112,7;HD-13-1 (hermana);SI;2;3,682;3,917;110,0;HD-11-1;NO;2
14;HD;HD-14;2TTx56;-0,888;-4,245;4,337;78,2;HD-14-1 (hermana);SI;2;5,3;5,374;80,5;HD-12-1;NO;2
15;HD;HD-15;2TTx56;0,956;-1,415;1,708;124,0;HD-17-0;NO;3;3,542;3,668;105,1;HD-13-1;NO;2
16;HD;HD-16;2TTx56;-0,825;-3,218;3,322;75,6;HD-18-0;NO;2;4,975;5,043;80,6;HD-14-1;NO;2
17;HD;HD-17;2TTx56;0,463;-4,416;4,44;96,0;HD-17-1 (hermana);SI;2;4,416;4,44;96,0;HD-17-0 (hermana);SI;2
18;HD;HD-18;2TTx56;-0,594;-3,821;3,867;81,2;HD-20-0;NO;2;4,611;4,65;82,7;HD-18-0 (hermana);SI;3
19;HD;HD-19;2TTx56;0,875;-3,648;3,752;103,5;HD-21-0;NO;2;6,52;6,578;97,6;HD-17-1;NO;2
20;HD;HD-20;2TTx56;-0,512;-3,709;3,744;82,1;HD-20-1 (hermana);SI;2;3,821;3,855;82,4;HD-18-1;NO;2
21;HD;HD-21;2TTx56;0,815;-3,103;3,208;104,7;HD-21-1 (hermana);SI;2;3,648;3,738;102,6;HD-19-1;NO;2
22;HD;HD-22;2TTx56;-0,58;-3,52;3,568;80,6;HD-22-1 (hermana);SI;2;4,483;4,521;82,6;HD-20-1;NO;2
23;HD;HD-23;2TTx56;0,408;-1,238;1,304;108,3;HD-25-0;NO;2;3,128;3,155;97,4;HD-21-1;NO;2
24;HD;HD-24;2TTx56;-0,507;-2,957;3,0;80,3;HD-24-1 (hermana);SI;2;4,585;4,613;83,7;HD-22-1;NO;2
25;HD;HD-25;2TTx56;-0,088;-1,82;1,822;87,2;HD-25-1 (hermana);SI;2;1,82;1,822;87,2;HD-25-0 (hermana);SI;2
26;HD;HD-26;2TTx56;-0,519;-4,312;4,344;83,1;HD-26-1 (hermana);SI;2;4,312;4,344;83,1;HD-26-0 (hermana);SI;2
27;HD;HD-27;2TTx56;-0,612;-0,509;0,796;39,8;HD-29-0;NO;2;2,37;2,448;75,5;HD-27-0 (hermana);SI;2
28;HD;HD-28;2TTx56;-0,764;-3,538;3,619;77,8;HD-30-0;NO;2;5,519;5,572;82,1;HD-28-0 (hermana);SI;2
29;HD;HD-29;2TTx56;-1,16;-0,781;1,398;34,0;HD-29-1 (hermana);SI;2;0,781;1,398;34,0;HD-29-0 (hermana);SI;2
30;HD;HD-30;2TTx56;-1,013;-2,402;2,607;67,1;HD-32-0;NO;2;3,551;3,693;74,1;HD-30-0 (hermana);SI;2
31;HD;HD-31;2TTx56;-1,581;-1,232;2,005;37,9;HD-33-0;NO;2;2,094;2,624;52,9;HD-29-1;NO;2
32;HD;HD-32;2TTx56;-1,111;-2,094;2,37;62,1;HD-34-0;NO;2;3,239;3,424;71,1;HD-32-0 (hermana);SI;2
33;HD;HD-33;2TTx56;-1,777;-0,9;1,992;26,9;HD-35-0;NO;2;2,709;3,24;56,7;HD-33-0 (hermana);SI;2
34;HD;HD-34;2TTx56;-1,217;-2,339;2,637;62,5;HD-34-1 (hermana);SI;2;2,339;2,637;62,5;HD-34-0 (hermana);SI;2
35;HD;HD-35;2TTx56;-1,88;-1,107;2,181;30,5;HD-37-0;NO;3;2,1;2,818;48,2;HD-35-0 (hermana);SI;2
36;HD;HD-36;2TTx56;-1,62;-1,272;2,06;38,1;HD-38-0;NO;2;3,575;3,925;65,6;HD-34-1;NO;2
37;HD;HD-37;2TTx56;-2,976;1,396;3,287;334,9;HD-39-0;NO;2;1,698;3,426;29,7;HD-37-0 (hermana);SI;2
38;HD;HD-38;2TTx28;-0,872;-0,055;0,873;3,6;HD-40-0;NO;2;2,989;3,114;73,7;HD-35-1;NO;3
39;HD;HD-39;2TTx56;-3,173;-1,944;3,721;31,5;HD-39-1 (hermana);SI;3;1,944;3,721;31,5;HD-39-0 (hermana);SI;2
40;HD;HD-40;2TTx28;-0,49;-0,097;0,499;11,3;HD-40-1 (hermana);SI;2;0,097;0,499;11,3;HD-40-0 (hermana);SI;2
41;HD;HD-41;2TTx56;-3,752;0,576;3,796;351,3;HD-43-0;NO;2;4,371;5,761;49,4;HD-39-1;NO;2
42;HD;HD-42;2TTx28;-1,144;-1,674;2,028;55,7;HD-42-1 (hermana);SI;1;2,281;2,552;63,4;HD-39-1;NO;3
43;HD;HD-43;2TTx42;-4,013;-0,824;4,097;11,6;HD-45-0;NO;2;2,09;4,525;27,5;HD-43-0 (hermana);SI;2
44;HD;HD-44;2TTx28;-3,385;-0,928;3,509;15,3;HD-46-0;NO;2;1,574;3,733;24,9;HD-44-0 (hermana);SI;1
45;HD;HD-45;2TTx42;-3,801;-0,776;3,879;11,5;HD-45-1 (hermana);SI;2;0,824;3,889;12,2;HD-43-1;NO;2
46;HD;HD-46;2TTx28;-3,173;-1,183;3,386;20,4;HD-46-1 (hermana);SI;2;1,183;3,386;20,4;HD-46-0 (hermana);SI;2
47;HD;HD-47;2TTx42;-3,427;-0,302;3,441;5,0;HD-47-1 (hermana);SI;2;1,015;3,575;16,5;HD-45-1;NO;2
48;HD;HD-48;2TTx56;-2,218;-0,102;2,22;2,6;HD-48-1 (hermana);SI;2;2,102;3,056;43,5;HD-46-1;NO;2
49;HD;HD-49;2TTx42;-2,561;-0,337;2,583;7,5;HD-49-1 (hermana);SI;1;1,22;2,837;25,5;HD-47-1;NO;2
50;HD;HD-50;2TTx42;-1,471;-0,407;1,526;15,5;HD-52-0;NO;2;0,74;1,646;26,7;HD-50-0 (hermana);SI;1
51;HD;HD-51;2TTx56;-1,766;0,04;1,766;358,7;HD-51-1 (hermana);SI;2;1,833;2,545;46,1;HD-48-1;NO;2
52;HD;HD-52;2TTx42;-1,626;-0,49;1,698;16,8;HD-54-0;NO;2;1,352;2,114;39,7;HD-52-0 (hermana);SI;2
53;HD;HD-53;2TTx56;-1,63;-0,884;1,854;28,5;HD-55-0;NO;3;1,991;2,573;50,7;HD-53-0 (hermana);SI;2
54;HD;HD-54;2TTx56;-1,829;-0,099;1,832;3,1;HD-57-0;NO;2;1,679;2,483;42,5;HD-54-0 (hermana);SI;3
55;HD;HD-55;2TTx28;-1,876;-1,17;2,211;32,0;HD-58-0;NO;2;2,194;2,887;49,5;HD-55-0 (hermana);SI;2
56;HD;HD-56;2TTx56;-2,682;-2,17;3,45;39,0;HD-56-1 (hermana);SI;2;2,17;3,45;39,0;HD-56-0 (hermana);SI;1
57;HD;HD-57;2TTx56;-2,266;-0,651;2,357;16,0;HD-57-1 (hermana);SI;2;0,651;2,357;16,0;HD-57-0 (hermana);SI;2
58;HD;HD-58;2TTx28;-1,867;-3,096;3,616;58,9;HD-58-1 (hermana);SI;2;3,096;3,616;58,9;HD-58-0 (hermana);SI;2
59;HD;HD-59;2TTx56;-2,43;-0,513;2,483;11,9;HD-62-0;NO;2;3,613;4,354;56,1;HD-56-1;NO;2
60;HD;HD-60;2TTx56;-2,723;-0,961;2,888;19,4;HD-63-0;NO;2;5,154;5,83;62,1;HD-57-1;NO;2
61;HD;HD-61;2TTx56;-2,081;-2,146;2,99;45,9;HD-64-0;NO;2;7,222;7,516;73,9;HD-58-1;NO;2
62;HD;HD-62;2TTx56;-1,933;0,675;2,047;340,7;HD-62-1 (hermana);SI;2;0,513;2,0;14,9;HD-59-1;NO;2
63;HD;HD-63;2TTx56;-3,007;-0,229;3,016;4,4;HD-66-0;NO;2;1,769;3,489;30,5;HD-63-0 (hermana);SI;2
64;HD;HD-64;2TTx56;-2,283;-1,927;2,987;40,2;HD-67-0;NO;2;2,146;3,133;43,2;HD-61-1;NO;2
65;HD;HD-65;2TTx56;-1,625;3,108;3,508;297,6;HD-68-0;NO;2;3,879;4,206;67,3;HD-62-1;NO;2
66;HD;HD-66;2TTx56;-3,278;-0,245;3,287;4,3;HD-69-0;NO;2;1,453;3,586;23,9;HD-66-0 (hermana);SI;2
67;HD;HD-67;2TTx56;-2,365;-1,239;2,67;27,6;HD-67-1 (hermana);SI;2;1,927;3,05;39,2;HD-64-1;NO;2
68;HD;HD-68;2TTx56;-1,333;-2,372;2,721;60,7;HD-68-1 (hermana);SI;3;2,372;2,721;60,7;HD-68-0 (hermana);SI;2
69;HD;HD-69;2TTx56;-3,236;0,217;3,243;356,2;HD-69-1 (hermana);SI;3;0,245;3,245;4,3;HD-66-1;NO;2
70;HD;HD-70;2TTx56;-2,57;-0,172;2,576;3,8;HD-70-1 (hermana);SI;3;2,042;3,283;38,5;HD-67-1;NO;2
71;HD;HD-71;2TTx56;-0,85;-1,68;1,883;63,2;HD-71-1 (hermana);SI;2;6,109;6,168;82,1;HD-68-1;NO;2
72;HD;HD-72;2TTx56;-2,739;-0,899;2,883;18,2;HD-72-1 (hermana);SI;2;7,279;7,777;69,4;HD-68-1;NO;3
73;HD;HD-73;2TTx56;-2,695;-1,303;2,994;25,8;HD-73-1 (hermana);SI;2;3,252;4,224;50,3;HD-69-1;NO;3
74;HD;HD-74;2TTx28;-2,27;-1,225;2,579;28,3;HD-74-1 (hermana);SI;2;2,032;3,047;41,8;HD-70-1;NO;2
75;HD;HD-75;2TTx56;-0,85;-2,905;3,027;73,7;HD-80-0;NO;3;3,446;3,549;76,1;HD-75-0 (hermana);SI;2
76;HD;HD-76;2TTx56;-2,385;1,488;2,811;328,0;HD-81-0;NO;3;3,21;3,999;53,4;HD-72-1;NO;2
77;HD;HD-77;2TTx56;-2,885;0,801;2,994;344,5;HD-82-0;NO;3;1,606;3,302;29,1;HD-77-0 (hermana);SI;2
78;HD;HD-78;2TTx28;-1,913;1,824;2,643;316,4;HD-82-0;NO;2;1,931;2,718;45,3;HD-78-0 (hermana);SI;2
79;HD;HD-79;2TTx42;-0,949;-2,34;2,525;67,9;HD-79-1 (hermana);SI;2;3,49;3,617;74,8;HD-75-1;NO;2
80;HD;HD-80;2TTx56;-1,702;-1,882;2,537;47,9;HD-80-1 (hermana);SI;2;2,905;3,367;59,6;HD-75-1;NO;3
81;HD;HD-81;2TTx56;-3,004;-0,615;3,066;11,6;HD-81-1 (hermana);SI;2;0,615;3,066;11,6;HD-81-0 (hermana);SI;3
82;HD;HD-82;2TTx56;-2,045;-1,134;2,339;29,0;HD-82-1 (hermana);SI;2;1,134;2,339;29,0;HD-82-0 (hermana);SI;3
83;HD;HD-83;2TTx42;-1,162;-1,529;1,92;52,8;HD-87-0;NO;2;3,137;3,345;69,7;HD-79-1;NO;2
84;HD;HD-84;2TTx56;-1,516;-2,693;3,09;60,6;HD-84-1 (hermana);SI;3;2,757;3,147;61,2;HD-80-1;NO;2
85;HD;HD-85;2TTx56;-2,991;4,346;5,276;304,5;HD-89-0;NO;3;3,041;4,265;45,5;HD-81-1;NO;2
86;HD;HD-86;2TTx56;-1,973;-1,406;2,423;35,5;HD-86-1 (hermana);SI;1;1,613;2,549;39,3;HD-82-1;NO;2
87;HD;HD-87;2TTx56;-1,428;-1,05;1,772;36,3;HD-87-1 (hermana);SI;2;4,187;4,424;71,2;HD-84-1;NO;3
88;HD;HD-88;2TTx56;-2,106;-0,227;2,118;6,1;HD-91-0;NO;2;6,737;7,059;72,6;HD-85-1;NO;3
89;HD;HD-89;2TTx28;-4,307;-4,118;5,959;43,7;HD-89-1 (hermana);SI;1;4,118;5,959;43,7;HD-89-0 (hermana);SI;2
90;HD;HD-90;2TTx56;-1,934;-1,801;2,642;43,0;HD-90-1 (hermana);SI;2;3,121;3,672;58,2;HD-87-1;NO;2
91;HD;HD-91;2TTx56;-1,68;-1,682;2,378;45,0;HD-93-0;NO;2;2,704;3,184;58,1;HD-91-0 (hermana);SI;2
92;HD;HD-92;2TTx56;-2,272;-1,183;2,561;27,5;HD-92-1 (hermana);SI;2;2,408;3,311;46,7;HD-90-1;NO;2
93;HD;HD-93;2TTx56;-1,307;-3,884;4,098;71,4;HD-94-0;NO;3;3,932;4,144;71,6;HD-93-0 (hermana);SI;2
94;HD;HD-94;2TTx56;-1,38;-1,5;2,038;47,4;HD-94-1 (hermana);SI;2;3,884;4,122;70,4;HD-93-1;NO;3
95;HD;HD-95;2TTx56;-2,173;-1,583;2,689;36,1;HD-98-0;NO;2;5,48;5,895;68,4;HD-93-1;NO;2
96;HD;HD-96;2TTx56;-1,471;0,322;1,505;347,7;HD-99-0;NO;2;2,666;3,045;61,1;HD-96-0 (hermana);SI;1
97;HD;HD-97;2TTx56;-1,385;2,923;3,234;295,3;HD-100-0;NO;3;2,293;2,679;58,9;HD-94-1;NO;2
98;HD;HD-98;2TTx56;-2,078;-1,196;2,397;29,9;HD-98-1 (hermana);SI;3;1,583;2,612;37,3;HD-95-1;NO;2
99;HD;HD-99;2TTx56;-1,337;-1,061;1,707;38,4;HD-102-0;NO;2;1,379;1,92;45,9;HD-99-0 (hermana);SI;2
100;HD;HD-100;2TTx56;-2,606;0,821;2,732;342,5;HD-103-0;NO;2;-0,405;2,637;351,2;HD-100-0 (hermana);SI;2
101;HD;HD-101;2TTx56;-2,039;-1,477;2,518;35,9;HD-101-1 (hermana);SI;2;2,915;3,558;55,0;HD-98-1;NO;3
102;HD;HD-102;2TTx56;-1,449;-0,674;1,599;24,9;HD-102-1 (hermana);SI;2;1,579;2,144;47,5;HD-98-1;NO;3
103;HD;HD-103;2TTx56;-3,338;0,089;3,339;358,5;HD-103-1 (hermana);SI;2;-0,089;3,339;358,5;HD-103-0 (hermana);SI;2
104;HD;HD-104;2TTx56;-2,145;-1,462;2,596;34,3;HD-107-0;NO;2;2,342;3,176;47,5;HD-101-1;NO;2
105;HD;HD-105;2TTx56;-1,107;-0,703;1,311;32,4;HD-108-0;NO;2;2,088;2,364;62,1;HD-102-1;NO;2
106;HD;HD-106;2TTx56;-3,521;0,396;3,543;353,6;HD-106-1 (hermana);SI;2;0,988;3,657;15,7;HD-103-1;NO;2
107;HD;HD-107;2TTx56;-1,986;-0,649;2,089;18,1;HD-107-1 (hermana);SI;2;1,462;2,466;36,4;HD-104-1;NO;2
108;HD;HD-108;2TTx56;-1,118;-1,415;1,803;51,7;HD-108-1 (hermana);SI;2;1,415;1,803;51,7;HD-108-0 (hermana);SI;2
109;HD;HD-109;2TTx56;-3,728;0,209;3,734;356,8;HD-112-0;NO;2;0,11;3,73;1,7;HD-109-0 (hermana);SI;2
110;HD;HD-110;2TTx56;-2,134;0,377;2,167;350,0;HD-110-1 (hermana);SI;2;0,943;2,333;23,8;HD-107-1;NO;2
111;HD;HD-111;2TTx56;-1,172;-0,203;1,19;9,8;HD-111-1 (hermana);SI;2;2,353;2,629;63,5;HD-108-1;NO;2
112;HD;HD-112;2TTx56;-3,837;0,632;3,889;350,6;HD-115-0;NO;2;-0,051;3,837;359,2;HD-112-0 (hermana);SI;2
113;HD;HD-113;2TTx56;-2,264;-1,297;2,609;29,8;HD-116-0;NO;2;1,452;2,69;32,7;HD-113-0 (hermana);SI;2
114;HD;HD-114;2TTx56;-1,119;-0,654;1,296;30,3;HD-114-1 (hermana);SI;2;0,982;1,489;41,3;HD-111-1;NO;2
115;HD;HD-115;2TTx56;-4,029;1,809;4,416;335,8;HD-115-1 (hermana);SI;2;-0,632;4,078;351,1;HD-112-1;NO;2
116;HD;HD-116;2TTx56;-2,588;-0,638;2,666;13,8;HD-119-0;NO;2;1,297;2,895;26,6;HD-113-1;NO;2
117;HD;HD-117;2TTx56;-0,849;-1,191;1,462;54,5;HD-120-0;NO;2;1,842;2,028;65,3;HD-117-0 (hermana);SI;2
118;HD;HD-118;2TTx56;-4,121;2,075;4,614;333,3;HD-118-1 (hermana);SI;2;-1,6;4,42;338,8;HD-115-1;NO;2
119;HD;HD-119;2TTx56;-3,075;1,455;3,402;334,7;HD-119-1 (hermana);SI;2;0,638;3,141;11,7;HD-116-1;NO;2
120;HD;HD-120;2TTx56;-0,652;-0,465;0,8;35,5;HD-123-0;NO;3;1,191;1,357;61,3;HD-117-1;NO;2
121;HD;HD-121;2TTx56;-2,708;1,162;2,946;336,8;HD-121-1 (hermana);SI;2;-1,091;2,919;338,0;HD-118-1;NO;2
122;HD;HD-122;2TTx42;-1,841;-0,848;2,027;24,7;HD-125-0;NO;2;3,506;3,959;62,3;HD-119-1;NO;3
123;HD;HD-123;2TTx56;0,205;0,174;0,269;220,4;HD-126-0;NO;2;0,465;0,508;113,8;HD-120-1;NO;2
124;HD;HD-124;2TTx56;-2,392;0,748;2,506;342,6;HD-124-1 (hermana);SI;1;-0,512;2,446;347,9;HD-121-1;NO;2
125;HD;HD-125;2TTx42;-1,456;-1,107;1,829;37,3;HD-125-1 (hermana);SI;2;1,107;1,829;37,3;HD-125-0 (hermana);SI;2
126;HD;HD-126;2TTx56;0,47;0,2;0,511;203,1;HD-126-1 (hermana);SI;2;-0,174;0,501;200,3;HD-123-1;NO;2
127;HD;HD-127;2TTx42;-1,416;-1,007;1,738;35,4;HD-127-1 (hermana);SI;2;1,841;2,323;52,4;HD-125-1;NO;2
128;HD;HD-128;2TTx56;0,662;-0,051;0,664;175,6;HD-130-0;NO;2;1,695;1,82;111,3;HD-128-0 (hermana);SI;2
129;HD;HD-129;2TTx42;-1,502;-0,254;1,523;9,6;HD-131-0;NO;3;2,601;3,003;60,0;HD-129-0 (hermana);SI;2
130;HD;HD-130;2TTx56;0,999;-2,299;2,507;113,5;HD-130-1 (hermana);SI;2;2,299;2,507;113,5;HD-130-0 (hermana);SI;2
131;HD;HD-131;2TTx56;-4,47;-1,122;4,608;14,1;HD-133-0;NO;2;2,687;5,215;31,0;HD-131-0 (hermana);SI;2
132;HD;HD-132;2TTx56;-0,728;-1,027;1,259;54,7;HD-134-0;NO;2;4,019;4,085;79,7;HD-130-1;NO;3
133;HD;HD-133;2TTx56;-4,626;-0,411;4,644;5,1;HD-136-0;NO;2;1,185;4,775;14,4;HD-133-0 (hermana);SI;2
134;HD;HD-134;2TTx56;-0,433;-0,129;0,452;16,6;HD-137-0;NO;2;1,027;1,115;67,1;HD-132-1;NO;2
135;HD;HD-135;2TTx56;-3,8;-1,045;3,941;15,4;HD-135-1 (hermana);SI;2;1,045;3,941;15,4;HD-135-0 (hermana);SI;1
136;HD;HD-136;2TTx56;-4,296;-0,562;4,333;7,4;HD-136-1 (hermana);SI;2;0,562;4,333;7,4;HD-136-0 (hermana);SI;2
137;HD;HD-137;2TTx56;-0,544;-0,247;0,597;24,4;HD-137-1 (hermana);SI;2;0,247;0,597;24,4;HD-137-0 (hermana);SI;2
138;HD;HD-138;2TTx56;-3,567;-2,124;4,152;30,8;HD-141-0;NO;2;2,501;4,357;35,0;HD-138-0 (hermana);SI;2
139;HD;HD-139;2TTx56;-4,354;-0,965;4,459;12,5;HD-139-1 (hermana);SI;2;0,965;4,459;12,5;HD-139-0 (hermana);SI;2
140;HD;HD-140;2TTx56;-0,736;-0,592;0,944;38,8;HD-140-1 (hermana);SI;2;1,331;1,521;61,1;HD-137-1;NO;2
141;HD;HD-141;2TTx56;-3,459;-1,564;3,796;24,3;HD-141-1 (hermana);SI;2;2,124;4,059;31,6;HD-138-1;NO;2
142;HD;HD-142;2TTx56;-4,066;-1,408;4,303;19,1;HD-145-0;NO;2;1,883;4,481;24,8;HD-139-1;NO;2
143;HD;HD-143;2TTx56;-0,755;-0,598;0,963;38,4;HD-146-0;NO;2;1,668;1,831;65,6;HD-140-1;NO;2
144;HD;HD-144;2TTx56;-3,28;-1,716;3,702;27,6;HD-144-1 (hermana);SI;2;3,283;4,641;45,0;HD-141-1;NO;2
145;HD;HD-145;2TTx56;-4,001;-1,172;4,169;16,3;HD-145-1 (hermana);SI;2;1,408;4,241;19,4;HD-142-1;NO;2
146;HD;HD-146;2TTx56;-0,679;1,489;1,637;294,5;HD-149-0;NO;2;1,465;1,615;65,1;HD-146-0 (hermana);SI;2
147;HD;HD-147;2TTx56;-3,232;-0,727;3,313;12,7;HD-150-0;NO;3;3,134;4,502;44,1;HD-144-1;NO;2
148;HD;HD-148;2TTx56;-3,765;0,753;3,84;348,7;HD-152-0;NO;3;2,082;4,303;28,9;HD-145-1;NO;2
149;HD;HD-149;2TTx56;-0,629;-0,005;0,629;0,4;HD-152-0;NO;2;1,18;1,337;62,0;HD-149-0 (hermana);SI;2
150;HD;HD-150;2TTx42;-2,896;-0,452;2,931;8,9;HD-150-1 (hermana);SI;2;0,727;2,986;14,1;HD-147-1;NO;2
151;HD;HD-151;2TTx56;-3,781;-0,734;3,852;11,0;HD-151-1 (hermana);SI;2;2,463;4,513;33,1;HD-148-1;NO;3
152;HD;HD-152;2TTx56;-1,461;0,097;1,464;356,2;HD-155-0;NO;2;1,208;1,896;39,6;HD-152-0 (hermana);SI;3
153;HD;HD-153;2TTx42;-2,871;-0,577;2,928;11,4;HD-153-1 (hermana);SI;2;1,596;3,285;29,1;HD-150-1;NO;2
154;HD;HD-154;2TTx56;-3,702;0,508;3,737;352,2;HD-154-1 (hermana);SI;2;1,149;3,876;17,2;HD-151-1;NO;2
155;HD;HD-155;2TTx56;-1,251;-1,277;1,787;45,6;HD-155-1 (hermana);SI;1;1,277;1,787;45,6;HD-155-0 (hermana);SI;2
156;HD;HD-156;2TTx56;-3,376;-0,789;3,466;13,2;HD-156-1 (hermana);SI;1;1,615;3,742;25,6;HD-154-1;NO;3
1;PD;PD-1;2TTx28;-5,45;-4,057;6,794;36,7;PD-2-0;NO;2;5,532;7,766;45,4;PD-1-0 (hermana);SI;1
2;PD;PD-2;2TTx42;-4,461;-2,77;5,251;31,8;PD-2-1 (hermana);SI;2;4,057;6,03;42,3;PD-1-1;NO;2
3;PD;PD-3;2TTx56;-3,929;-1,692;4,278;23,3;PD-3-1 (hermana);SI;2;3,887;5,527;44,7;PD-2-1;NO;2
4;PD;PD-4;2TTx56;-3,048;-0,949;3,192;17,3;PD-6-0;NO;3;3,384;4,554;48,0;PD-3-1;NO;2
5;PD;PD-5;2TTx56;-2,536;-3,122;4,023;50,9;PD-7-0;NO;3;4,778;5,409;62,0;PD-5-0 (hermana);SI;2
6;PD;PD-6;2TTx28;-1,949;-1,318;2,353;34,1;PD-6-1 (hermana);SI;2;1,318;2,353;34,1;PD-6-0 (hermana);SI;2
7;PD;PD-7;2TTx42;-2,195;-4,061;4,616;61,6;PD-9-0;NO;2;4,149;4,694;62,1;PD-7-0 (hermana);SI;2
8;PD;PD-8;2TTx56;-1,874;0,308;1,899;350,7;PD-8-1 (hermana);SI;3;4,72;5,078;68,3;PD-5-1;NO;3
9;PD;PD-9;2TTx56;-1,968;-2,255;2,993;48,9;PD-11-0;NO;2;4,061;4,512;64,1;PD-7-1;NO;3
10;PD;PD-10;2TTx56;-1,51;-1,424;2,075;43,3;PD-10-1 (hermana);SI;2;3,052;3,405;63,7;PD-8-1;NO;2
11;PD;PD-11;2TTx56;-2,091;-0,824;2,248;21,5;PD-13-0;NO;2;2,255;3,075;47,2;PD-9-1;NO;2
12;PD;PD-12;2TTx56;-1,123;-1,29;1,71;49,0;PD-12-1 (hermana);SI;2;1,547;1,911;54,0;PD-10-1;NO;2
13;PD;PD-13;2TTx56;-2,501;-1,92;3,153;37,5;PD-13-1 (hermana);SI;2;1,92;3,153;37,5;PD-13-0 (hermana);SI;2
14;PD;PD-14;2TTx56;-0,809;-0,975;1,267;50,3;PD-14-1 (hermana);SI;2;1,816;1,988;66,0;PD-12-1;NO;2
15;PD;PD-15;2TTx28;-4,587;0,156;4,59;358,1;PD-15-1 (hermana);SI;2;-0,156;4,59;358,1;PD-15-0 (hermana);SI;1
16;PD;PD-16;2TTx56;-2,702;-0,091;2,703;1,9;PD-20-0;NO;2;2,09;3,416;37,7;PD-13-1;NO;2
17;PD;PD-17;2TTx56;-0,346;0,234;0,417;325,9;PD-17-1 (hermana);SI;1;1,578;1,616;77,6;PD-14-1;NO;2
18;PD;PD-18;2TTx28;-2,788;-0,302;2,804;6,2;PD-21-0;NO;2;0,397;2,816;8,1;PD-18-0 (hermana);SI;1
19;PD;PD-19;2TTx42;-4,923;-0,019;4,923;0,2;PD-19-1 (hermana);SI;2;0,882;5,001;10,2;PD-15-1;NO;2
20;PD;PD-20;2TTx56;-2,695;-2,155;3,451;38,6;PD-20-1 (hermana);SI;2;2,155;3,451;38,6;PD-20-0 (hermana);SI;2
21;PD;PD-21;2TTx42;-2,153;0,255;2,168;353,2;PD-24-0;NO;2;0,302;2,174;8,0;PD-18-1;NO;2
22;PD;PD-22;2TTx42;-5,198;0,841;5,265;350,8;PD-25-0;NO;2;0,995;5,292;10,8;PD-19-1;NO;2
23;PD;PD-23;2TTx42;-3,278;-0,343;3,296;6,0;PD-23-1 (hermana);SI;1;3,955;5,137;50,3;PD-20-1;NO;2
24;PD;PD-24;2TTx28;-1,431;-0,548;1,532;21,0;PD-24-1 (hermana);SI;1;0,548;1,532;21,0;PD-24-0 (hermana);SI;2
25;PD;PD-25;2TTx56;-5,434;1,256;5,577;347,0;PD-25-1 (hermana);SI;3;-0,841;5,498;351,2;PD-22-1;NO;2
26;PD;PD-26;2TTx28;-5,678;3,41;6,623;329,0;PD-29-0;NO;3;-0,873;5,744;351,3;PD-25-1;NO;2
27;PD;PD-27;2TTx42;-5,458;1,846;5,762;341,3;PD-27-1 (hermana);SI;2;-0,168;5,46;358,2;PD-25-1;NO;2
28;PD;PD-28;2TTx42;-3,195;0,472;3,229;351,6;PD-28-1 (hermana);SI;2;-0,472;3,229;351,6;PD-28-0 (hermana);SI;1
29;PD;PD-29;2TTx28;-5,581;2,535;6,13;335,6;PD-32-0;NO;2;-2,179;5,991;338,7;PD-29-0 (hermana);SI;2
30;PD;PD-30;2TTx56;-5,79;2,15;6,176;339,6;PD-32-0;NO;3;-1,628;6,014;344,3;PD-27-1;NO;3
31;PD;PD-31;2TTx42;-2,263;0,034;2,263;359,2;PD-31-1 (hermana);SI;2;0,286;2,281;7,2;PD-28-1;NO;2
32;PD;PD-32;2TTx56;-5,926;3,737;7,006;327,8;PD-35-0;NO;3;-2,15;6,304;340,1;PD-30-1;NO;3
33;PD;PD-33;2TTx42;-6,387;1,441;6,548;347,3;PD-33-1 (hermana);SI;2;0,548;6,411;4,9;PD-30-1;NO;2
34;PD;PD-34;2TTx42;-1,355;-1,055;1,718;37,9;PD-34-1 (hermana);SI;1;1,055;1,718;37,9;PD-34-0 (hermana);SI;2
35;PD;PD-35;2TTx56;-5,709;2,649;6,294;335,1;PD-35-1 (hermana);SI;2;-2,649;6,294;335,1;PD-35-0 (hermana);SI;2
36;PD;PD-36;2TTx56;-6,831;1,063;6,913;351,2;PD-36-1 (hermana);SI;2;-1,063;6,913;351,2;PD-36-0 (hermana);SI;3
37;PD;PD-37;2TTx56;-5,837;3,764;6,945;327,2;PD-41-0;NO;3;-1,35;5,991;347,0;PD-37-0 (hermana);SI;2
38;PD;PD-38;2TTx56;-6,944;1,993;7,224;344,0;PD-41-0;NO;3;-0,981;7,013;352,0;PD-36-1;NO;2
39;PD;PD-39;2TTx42;-6,288;7,818;10,033;308,8;PD-44-0;NO;2;-6,911;9,343;312,3;PD-39-0 (hermana);SI;1
40;PD;PD-40;2TTx56;-5,32;1,98;5,676;339,6;PD-46-0;NO;3;-1,409;5,503;345,2;PD-40-0 (hermana);SI;2
41;PD;PD-41;2TTx56;-7,029;2,271;7,386;342,1;PD-46-0;NO;3;-0,254;7,033;357,9;PD-41-0 (hermana);SI;3
42;PD;PD-42;2TTx42;-6,8;0,711;6,837;354,0;PD-47-0;NO;2;0,549;6,822;4,6;PD-42-0 (hermana);SI;2
43;PD;PD-43;2TTx28;-6,022;0,615;6,053;354,2;PD-43-1 (hermana);SI;2;-0,615;6,053;354,2;PD-43-0 (hermana);SI;1
44;PD;PD-44;2TTx42;-5,332;4,581;7,029;319,3;PD-44-1 (hermana);SI;2;-4,581;7,029;319,3;PD-44-0 (hermana);SI;2
45;PD;PD-45;2TTx56;-5,007;1,505;5,229;343,3;PD-45-1 (hermana);SI;3;-0,982;5,103;348,9;PD-40-1;NO;2
46;PD;PD-46;2TTx56;-6,805;2,997;7,436;336,2;PD-52-0;NO;3;-0,278;6,811;357,7;PD-46-0 (hermana);SI;3
47;PD;PD-47;2TTx56;-6,98;3,44;7,782;333,8;PD-52-0;NO;3;-0,711;7,016;354,2;PD-42-1;NO;3
48;PD;PD-48;2TTx28;-5,952;0,276;5,958;357,3;PD-48-1 (hermana);SI;2;-0,054;5,952;359,5;PD-43-1;NO;2
49;PD;PD-49;2TTx28;-3,529;2,959;4,606;320,0;PD-49-1 (hermana);SI;2;-2,959;4,606;320,0;PD-49-0 (hermana);SI;2
50;PD;PD-50;2TTx28;-3,184;-1,475;3,509;24,9;PD-50-1 (hermana);SI;2;1,475;3,509;24,9;PD-50-0 (hermana);SI;2
51;PD;PD-51;2TTx56;-5,279;0,903;5,355;350,3;PD-51-1 (hermana);SI;2;-0,903;5,355;350,3;PD-51-0 (hermana);SI;3
52;PD;PD-52;2TTx56;-6,986;1,679;7,185;346,5;PD-52-1 (hermana);SI;2;-1,679;7,185;346,5;PD-52-0 (hermana);SI;3
53;PD;PD-53;2TTx42;-7,248;1,761;7,459;346,3;PD-53-1 (hermana);SI;2;-1,761;7,459;346,3;PD-53-0 (hermana);SI;2
54;PD;PD-54;2TTx28;-6,447;1,883;6,716;343,7;PD-60-0;NO;2;0,525;6,468;4,7;PD-48-1;NO;2
55;PD;PD-55;2TTx28;-2,403;1,16;2,668;334,2;PD-55-1 (hermana);SI;2;-0,6;2,477;346,0;PD-49-1;NO;2
56;PD;PD-56;2TTx28;-2,74;0,383;2,767;352,0;PD-62-0;NO;2;1,591;3,168;30,1;PD-50-1;NO;2
57;PD;PD-57;2TTx56;-4,958;0,3;4,967;356,5;PD-63-0;NO;3;0,241;4,964;2,8;PD-51-1;NO;2
58;PD;PD-58;2TTx56;-6,96;5,293;8,744;322,7;PD-64-0;NO;3;-0,891;7,017;352,7;PD-52-1;NO;2
59;PD;PD-59;2TTx42;-6,99;4,026;8,067;330,1;PD-64-0;NO;2;-1,349;7,119;349,1;PD-53-1;NO;2
60;PD;PD-60;2TTx42;-5,42;0,834;5,484;351,2;PD-65-0;NO;2;-0,163;5,422;358,3;PD-60-0 (hermana);SI;2
61;PD;PD-61;2TTx28;-1,671;-0,073;1,673;2,5;PD-61-1 (hermana);SI;2;0,397;1,718;13,4;PD-55-1;NO;2
62;PD;PD-62;2TTx56;-4,028;-1,664;4,358;22,5;PD-68-0;NO;3;2,497;4,739;31,8;PD-62-0 (hermana);SI;3
63;PD;PD-63;2TTx56;-6,24;1,212;6,356;349,0;PD-63-1 (hermana);SI;3;-0,3;6,247;357,2;PD-57-1;NO;3
64;PD;PD-64;2TTx56;-7,198;1,986;7,467;344,6;PD-64-1 (hermana);SI;3;-1,986;7,467;344,6;PD-64-0 (hermana);SI;3
65;PD;PD-65;2TTx42;-5,179;5,823;7,793;311,6;PD-72-0;NO;2;3,871;6,466;36,8;PD-65-0 (hermana);SI;2
66;PD;PD-66;2TTx56;-1,423;-0,022;1,424;0,9;PD-73-0;NO;2;1,271;1,908;41,8;PD-66-0 (hermana);SI;2
67;PD;PD-67;2TTx28;-2,693;-1,016;2,878;20,7;PD-74-0;NO;2;3,497;4,414;52,4;PD-67-0 (hermana);SI;2
68;PD;PD-68;2TTx56;-4,927;0,593;4,963;353,1;PD-74-0;NO;3;3,195;5,872;33,0;PD-63-1;NO;3
69;PD;PD-69;2TTx56;-7,126;1,626;7,309;347,1;PD-76-0;NO;3;3,09;7,767;23,4;PD-64-1;NO;3
70;PD;PD-70;2TTx42;-6,671;0,595;6,698;354,9;PD-70-1 (hermana);SI;2;1,89;6,934;15,8;PD-64-1;NO;2
71;PD;PD-71;2TTx56;-1,952;0,055;1,952;358,4;PD-77-0;NO;2;2,255;2,982;49,1;PD-71-0 (hermana);SI;1
72;PD;PD-72;2TTx42;-5,648;3,102;6,444;331,2;PD-78-0;NO;2;-1,455;5,833;345,6;PD-72-0 (hermana);SI;2
73;PD;PD-73;2TTx56;-1,294;-0,677;1,461;27,6;PD-79-0;NO;2;1,126;1,715;41,0;PD-73-0 (hermana);SI;2
74;PD;PD-74;2TTx56;-3,994;-2,177;4,549;28,6;PD-74-1 (hermana);SI;2;2,177;4,549;28,6;PD-74-0 (hermana);SI;3
75;PD;PD-75;2TTx56;-6,513;0,89;6,573;352,2;PD-81-0;NO;3;0,73;6,554;6,4;PD-69-1;NO;3
76;PD;PD-76;2TTx56;-7,282;1,978;7,546;344,8;PD-83-0;NO;3;0,323;7,289;2,5;PD-70-1;NO;3
77;PD;PD-77;2TTx56;-1,57;-1,257;2,012;38,7;PD-77-1 (hermana);SI;2;1,257;2,012;38,7;PD-77-0 (hermana);SI;2
78;PD;PD-78;2TTx42;-5,342;3,341;6,301;328,0;PD-78-1 (hermana);SI;2;-3,102;6,177;329,9;PD-72-1;NO;2
79;PD;PD-79;2TTx56;-1,215;-1,025;1,589;40,2;PD-79-1 (hermana);SI;2;1,025;1,589;40,2;PD-79-0 (hermana);SI;2
80;PD;PD-80;2TTx56;-3,706;-1,343;3,942;19,9;PD-80-1 (hermana);SI;2;3,983;5,44;47,1;PD-74-1;NO;3
81;PD;PD-81;2TTx56;-6,583;2,725;7,125;337,5;PD-81-1 (hermana);SI;2;0,382;6,594;3,3;PD-76-1;NO;3
82;PD;PD-82;2TTx42;-1,373;-1,068;1,739;37,9;PD-89-0;NO;2;1,156;1,795;40,1;PD-82-0 (hermana);SI;1
83;PD;PD-83;2TTx42;-7,517;1,761;7,721;346,8;PD-83-1 (hermana);SI;2;-1,761;7,721;346,8;PD-83-0 (hermana);SI;2
84;PD;PD-84;2TTx42;-1,739;-0,728;1,885;22,7;PD-84-1 (hermana);SI;2;1,717;2,444;44,6;PD-77-1;NO;2
85;PD;PD-85;2TTx42;-5,009;3,518;6,121;324,9;PD-85-1 (hermana);SI;2;-1,277;5,169;345,7;PD-78-1;NO;2
86;PD;PD-86;2TTx56;-1,196;-0,98;1,547;39,3;PD-86-1 (hermana);SI;2;1,834;2,19;56,9;PD-79-1;NO;2
87;PD;PD-87;2TTx56;-3,455;-2,963;4,552;40,6;PD-95-0;NO;2;3,021;4,59;41,2;PD-87-0 (hermana);SI;2
88;PD;PD-88;2TTx56;-6,348;2,2;6,719;340,9;PD-97-0;NO;3;2,07;6,677;18,1;PD-81-1;NO;2
89;PD;PD-89;2TTx42;-1,332;-0,906;1,611;34,2;PD-89-1 (hermana);SI;2;1,068;1,707;38,7;PD-82-1;NO;2
90;PD;PD-90;2TTx42;-7,385;2,71;7,866;339,9;PD-98-0;NO;3;-0,054;7,385;359,6;PD-90-0 (hermana);SI;2
91;PD;PD-91;2TTx42;-1,223;-0,91;1,524;36,7;PD-91-1 (hermana);SI;2;1,556;1,979;51,8;PD-84-1;NO;2
92;PD;PD-92;2TTx42;-4,611;4,641;6,542;314,8;PD-100-0;NO;2;-3,221;5,624;325,1;PD-85-1;NO;2
93;PD;PD-93;2TTx56;-4,48;3,18;5,494;324,6;PD-93-1 (hermana);SI;2;-3,18;5,494;324,6;PD-93-0 (hermana);SI;1
94;PD;PD-94;2TTx56;-1,322;-0,739;1,515;29,2;PD-103-0;NO;2;1,726;2,174;52,5;PD-94-0 (hermana);SI;2
95;PD;PD-95;2TTx56;-3,531;-0,015;3,531;0,2;PD-105-0;NO;3;2,963;4,61;40,0;PD-87-1;NO;3
96;PD;PD-96;2TTx42;-1,1;-1,639;1,974;56,1;PD-96-1 (hermana);SI;2;1,639;1,974;56,1;PD-96-0 (hermana);SI;2
97;PD;PD-97;2TTx56;-6,418;1,773;6,659;344,6;PD-107-0;NO;3;2,159;6,771;18,6;PD-97-0 (hermana);SI;3
98;PD;PD-98;2TTx42;-7,379;0,146;7,38;358,9;PD-98-1 (hermana);SI;2;-0,146;7,38;358,9;PD-98-0 (hermana);SI;2
99;PD;PD-99;2TTx42;-1,245;-1,902;2,273;56,8;PD-99-1 (hermana);SI;1;1,902;2,273;56,8;PD-99-0 (hermana);SI;2
100;PD;PD-100;2TTx42;-4,495;6,635;8,014;304,1;PD-109-0;NO;2;-4,641;6,461;314,1;PD-92-1;NO;2
101;PD;PD-101;2TTx56;-4,919;4,539;6,693;317,3;PD-110-0;NO;2;-2,798;5,659;330,4;PD-93-1;NO;2
102;PD;PD-102;2TTx56;-3,599;1,479;3,891;337,7;PD-110-0;NO;3;-0,825;3,692;347,1;PD-102-0 (hermana);SI;1
103;PD;PD-103;2TTx56;-1,511;-1,16;1,905;37,5;PD-103-1 (hermana);SI;2;1,16;1,905;37,5;PD-103-0 (hermana);SI;2
104;PD;PD-104;2TTx28;-3,538;1,91;4,021;331,6;PD-113-0;NO;2;3,151;4,738;41,7;PD-104-0 (hermana);SI;2
105;PD;PD-105;2TTx56;-5,538;1,226;5,672;347,5;PD-113-0;NO;3;1,408;5,715;14,3;PD-105-0 (hermana);SI;3
106;PD;PD-106;2TTx42;-1,227;-1,37;1,839;48,1;PD-106-1 (hermana);SI;2;3,014;3,254;67,8;PD-96-1;NO;2
107;PD;PD-107;2TTx56;-7,168;0,433;7,181;356,5;PD-107-1 (hermana);SI;3;-0,076;7,168;359,4;PD-98-1;NO;3
108;PD;PD-108;2TTx56;-3,829;-0,592;3,874;8,8;PD-117-0;NO;2;1,759;4,214;24,7;PD-108-0 (hermana);SI;1
109;PD;PD-109;2TTx56;-4,204;4,064;5,847;316,0;PD-118-0;NO;2;-3,351;5,376;321,4;PD-109-0 (hermana);SI;2
110;PD;PD-110;2TTx42;-4,929;1,737;5,226;340,6;PD-119-0;NO;2;-1,479;5,147;343,3;PD-102-1;NO;3
111;PD;PD-111;2TTx56;-2,687;0,489;2,731;349,7;PD-120-0;NO;2;0,306;2,704;6,5;PD-102-1;NO;2
112;PD;PD-112;2TTx42;-1,171;-1,08;1,593;42,7;PD-112-1 (hermana);SI;2;1,953;2,277;59,1;PD-103-1;NO;2
113;PD;PD-113;2TTx28;-3,173;-1,341;3,445;22,9;PD-113-1 (hermana);SI;2;1,341;3,445;22,9;PD-113-0 (hermana);SI;3
114;PD;PD-114;2TTx42;-1,568;-1,8;2,387;48,9;PD-124-0;NO;2;1,948;2,501;51,2;PD-114-0 (hermana);SI;2
115;PD;PD-115;2TTx56;-6,303;-0,006;6,303;0,1;PD-125-0;NO;2;1,857;6,571;16,4;PD-107-1;NO;3
116;PD;PD-116;2TTx42;-6,897;-0,192;6,9;1,6;PD-128-0;NO;2;1,417;7,041;11,6;PD-116-0 (hermana);SI;2
117;PD;PD-117;2TTx56;-3,967;-0,188;3,972;2,7;PD-117-1 (hermana);SI;2;0,592;4,011;8,5;PD-108-1;NO;2
118;PD;PD-118;2TTx56;-4,143;3,103;5,176;323,2;PD-130-0;NO;3;-2,667;4,927;327,2;PD-118-0 (hermana);SI;2
119;PD;PD-119;2TTx42;-4,986;1,739;5,281;340,8;PD-119-1 (hermana);SI;2;-1,737;5,28;340,8;PD-110-1;NO;2
120;PD;PD-120;2TTx56;-3,112;0,786;3,21;345,8;PD-132-0;NO;3;-0,34;3,131;353,8;PD-120-0 (hermana);SI;2
121;PD;PD-121;2TTx42;-1,004;0,095;1,008;354,6;PD-121-1 (hermana);SI;2;1,843;2,098;61,4;PD-112-1;NO;2
122;PD;PD-122;2TTx28;-2,298;-0,386;2,33;9,5;PD-135-0;NO;2;0,991;2,502;23,3;PD-122-0 (hermana);SI;1
123;PD;PD-123;2TTx28;-2,567;0,07;2,568;358,4;PD-136-0;NO;2;6,562;7,046;68,6;PD-113-1;NO;2
124;PD;PD-124;2TTx42;-1,618;-0,41;1,67;14,2;PD-124-1 (hermana);SI;1;1,8;2,421;48,0;PD-114-1;NO;2
125;PD;PD-125;2TTx56;-6,265;0,092;6,265;359,2;PD-138-0;NO;3;2,459;6,73;21,4;PD-125-0 (hermana);SI;2
126;PD;PD-126;2TTx56;-1,877;1,287;2,276;325,6;PD-126-1 (hermana);SI;2;-1,287;2,276;325,6;PD-126-0 (hermana);SI;1
127;PD;PD-127;2TTx56;-3,339;0,326;3,355;354,4;PD-127-1 (hermana);SI;2;4,357;5,489;52,5;PD-117-1;NO;2
128;PD;PD-128;2TTx42;-6,395;2,521;6,874;338,5;PD-138-0;NO;2;1,178;6,503;10,4;PD-128-0 (hermana);SI;2
129;PD;PD-129;2TTx56;-2,448;2,002;3,162;320,7;PD-129-1 (hermana);SI;2;-2,002;3,162;320,7;PD-129-0 (hermana);SI;1
130;PD;PD-130;2TTx42;-3,832;2,077;4,359;331,5;PD-142-0;NO;2;-1,953;4,301;333,0;PD-130-0 (hermana);SI;2
131;PD;PD-131;2TTx28;-3,795;3,873;5,423;314,4;PD-131-1 (hermana);SI;2;-2,707;4,661;324,5;PD-118-1;NO;2
132;PD;PD-132;2TTx56;-4,98;2,912;5,769;329,7;PD-132-1 (hermana);SI;3;-0,786;5,041;351,0;PD-120-1;NO;3
133;PD;PD-133;2TTx42;-1,355;-0,692;1,522;27,0;PD-147-0;NO;2;1,227;1,828;42,2;PD-133-0 (hermana);SI;2
134;PD;PD-134;2TTx56;-2,678;-0,239;2,688;5,1;PD-146-0;NO;3;0,401;2,708;8,5;PD-134-0 (hermana);SI;2
135;PD;PD-135;2TTx28;-2,322;1,397;2,709;329,0;PD-149-0;NO;2;0,386;2,354;9,4;PD-122-1;NO;2
136;PD;PD-136;2TTx56;-4,915;-3,047;5,782;31,8;PD-136-1 (hermana);SI;2;3,047;5,782;31,8;PD-136-0 (hermana);SI;3
137;PD;PD-137;2TTx56;-1,704;1,608;2,343;316,7;PD-137-1 (hermana);SI;2;-0,783;1,875;335,3;PD-126-1;NO;2
138;PD;PD-138;2TTx56;-6,351;-1,008;6,431;9,0;PD-138-1 (hermana);SI;3;1,008;6,431;9,0;PD-138-0 (hermana);SI;3
139;PD;PD-139;2TTx56;-2,931;2,935;4,148;315,0;PD-153-0;NO;2;2,306;3,73;38,2;PD-127-1;NO;2
140;PD;PD-140;2TTx56;-2,515;3,996;4,722;302,2;PD-154-0;NO;2;-0,875;2,663;340,8;PD-129-1;NO;2
141;PD;PD-141;2TTx56;-1,827;-0,379;1,866;11,7;PD-155-0;NO;2;1,438;2,325;38,2;PD-141-0 (hermana);SI;1
142;PD;PD-142;2TTx28;-3,117;1,425;3,427;335,4;PD-142-1 (hermana);SI;2;-1,425;3,427;335,4;PD-142-0 (hermana);SI;2
143;PD;PD-143;2TTx56;-2,445;-0,455;2,487;10,5;PD-157-0;NO;2;1,26;2,751;27,3;PD-143-0 (hermana);SI;1
144;PD;PD-144;2TTx28;-4,032;1,842;4,433;335,5;PD-144-1 (hermana);SI;2;-0,54;4,068;352,4;PD-131-1;NO;2
145;PD;PD-145;2TTx56;-5,578;1,66;5,82;343,4;PD-145-1 (hermana);SI;2;-1,66;5,82;343,4;PD-145-0 (hermana);SI;2
146;PD;PD-146;2TTx56;-5,032;2,003;5,416;338,3;PD-160-0;NO;2;0,239;5,038;2,7;PD-134-1;NO;3
147;PD;PD-147;2TTx42;-1,373;-0,761;1,57;29,0;PD-161-0;NO;2;1,969;2,401;55,1;PD-147-0 (hermana);SI;2
148;PD;PD-148;2TTx56;-2,44;-0,056;2,441;1,3;PD-162-0;NO;2;1,036;2,651;23,0;PD-134-1;NO;2
149;PD;PD-149;2TTx56;-1,869;-0,336;1,899;10,2;PD-149-1 (hermana);SI;2;0,336;1,899;10,2;PD-149-0 (hermana);SI;2
150;PD;PD-150;2TTx56;-5,212;1,441;5,408;344,5;PD-164-0;NO;3;3,308;6,173;32,4;PD-138-1;NO;3
151;PD;PD-151;2TTx56;-1,049;-1,756;2,045;59,1;PD-151-1 (hermana);SI;2;1,756;2,045;59,1;PD-151-0 (hermana);SI;2
152;PD;PD-152;2TTx42;-5,943;-1,434;6,114;13,6;PD-152-1 (hermana);SI;2;1,493;6,128;14,1;PD-138-1;NO;2
153;PD;PD-153;2TTx28;-3,145;-1,795;3,621;29,7;PD-153-1 (hermana);SI;1;1,795;3,621;29,7;PD-153-0 (hermana);SI;2
154;PD;PD-154;2TTx56;-2,529;-0,324;2,55;7,3;PD-154-1 (hermana);SI;2;0,324;2,55;7,3;PD-154-0 (hermana);SI;2
155;PD;PD-155;2TTx56;-1,967;0,755;2,107;339,0;PD-155-1 (hermana);SI;2;0,379;2,004;10,9;PD-141-1;NO;2
156;PD;PD-156;2TTx28;-3,631;0,004;3,631;359,9;PD-156-1 (hermana);SI;1;-0,004;3,631;359,9;PD-156-0 (hermana);SI;2
157;PD;PD-157;2TTx56;-2,501;-0,601;2,572;13,5;PD-157-1 (hermana);SI;2;0,601;2,572;13,5;PD-157-0 (hermana);SI;2
158;PD;PD-158;2TTx28;-4,3;1,518;4,56;340,6;PD-158-1 (hermana);SI;2;-0,446;4,323;354,1;PD-144-1;NO;2
159;PD;PD-159;2TTx56;-5,45;2,716;6,089;333,5;PD-170-0;NO;2;-1,048;5,55;349,1;PD-159-0 (hermana);SI;2
160;PD;PD-160;2TTx56;-5,063;0,902;5,142;349,9;PD-171-0;NO;2;-0,681;5,108;352,3;PD-160-0 (hermana);SI;2
161;PD;PD-161;2TTx42;-1,551;-0,276;1,576;10,1;PD-161-1 (hermana);SI;1;0,761;1,728;26,1;PD-147-1;NO;2
162;PD;PD-162;2TTx56;-2,863;0,884;2,996;342,8;PD-162-1 (hermana);SI;2;0,056;2,863;1,1;PD-148-1;NO;2
163;PD;PD-163;2TTx56;-1,828;-0,885;2,031;25,8;PD-173-0;NO;2;3,464;3,917;62,2;PD-149-1;NO;2
164;PD;PD-164;2TTx28;-4,607;-2,803;5,393;31,3;PD-164-1 (hermana);SI;2;2,803;5,393;31,3;PD-164-0 (hermana);SI;2
165;PD;PD-165;2TTx56;-0,869;-2,972;3,096;73,7;PD-165-1 (hermana);SI;2;5,478;5,547;81,0;PD-151-1;NO;3
166;PD;PD-166;2TTx56;-6,091;1,131;6,195;349,5;PD-166-1 (hermana);SI;2;2,39;6,543;21,4;PD-152-1;NO;3
167;PD;PD-167;2TTx56;-2,293;1,66;2,831;324,1;PD-167-1 (hermana);SI;2;-0,361;2,321;351,1;PD-155-1;NO;2
168;PD;PD-168;2TTx56;-2,813;-0,144;2,816;2,9;PD-168-1 (hermana);SI;2;1,43;3,156;27,0;PD-157-1;NO;2
169;PD;PD-169;2TTx28;-3,984;-0,265;3,993;3,8;PD-169-1 (hermana);SI;1;0,265;3,993;3,8;PD-169-0 (hermana);SI;2
170;PD;PD-170;2TTx56;-5,393;0,694;5,437;352,7;PD-170-1 (hermana);SI;2;-0,694;5,437;352,7;PD-170-0 (hermana);SI;2
171;PD;PD-171;2TTx56;-5,104;1,834;5,423;340,2;PD-171-1 (hermana);SI;2;-0,902;5,183;350,0;PD-160-1;NO;2
172;PD;PD-172;2TTx56;-3,068;0,117;3,07;357,8;PD-172-1 (hermana);SI;2;0,55;3,117;10,2;PD-162-1;NO;2
173;PD;PD-173;2TTx56;-1,599;-0,745;1,764;25,0;PD-187-0;NO;2;1,606;2,266;45,1;PD-173-0 (hermana);SI;2
174;PD;PD-174;2TTx42;-3,233;0,491;3,27;351,4;PD-188-0;NO;2;1,489;3,559;24,7;PD-174-0 (hermana);SI;1
175;PD;PD-175;2TTx28;-4,104;-4,243;5,903;46,0;PD-175-1 (hermana);SI;2;4,243;5,903;46,0;PD-175-0 (hermana);SI;2
176;PD;PD-176;2TTx56;-0,43;-5,908;5,923;85,8;PD-176-1 (hermana);SI;1;5,908;5,923;85,8;PD-176-0 (hermana);SI;2
177;PD;PD-177;2TTx56;-5,958;-1,977;6,277;18,4;PD-177-1 (hermana);SI;3;1,977;6,277;18,4;PD-177-0 (hermana);SI;2
178;PD;PD-178;2TTx56;-2,295;-1,79;2,91;38,0;PD-178-1 (hermana);SI;2;1,79;2,91;38,0;PD-178-0 (hermana);SI;2
179;PD;PD-179;2TTx56;-3,153;-1,11;3,343;19,4;PD-179-1 (hermana);SI;2;1,11;3,343;19,4;PD-179-0 (hermana);SI;2
180;PD;PD-180;2TTx56;3,195;0,353;3,214;186,3;PD-195-0;NO;2;0,695;3,27;167,7;PD-180-0 (hermana);SI;1
181;PD;PD-181;2TTx42;3,022;-0,317;3,038;174,0;PD-197-0;NO;2;1,358;3,313;155,8;PD-181-0 (hermana);SI;1
182;PD;PD-182;2TTx56;-5,093;1,456;5,297;344,1;PD-198-0;NO;2;-0,166;5,096;358,1;PD-170-1;NO;2
183;PD;PD-183;2TTx56;2,97;-0,199;2,977;176,2;PD-199-0;NO;2;1,337;3,257;155,8;PD-183-0 (hermana);SI;1
184;PD;PD-184;2TTx56;-5,025;1,755;5,322;340,7;PD-200-0;NO;2;-1,515;5,248;343,2;PD-171-1;NO;2
185;PD;PD-185;2TTx28;2,57;0,038;2,57;180,9;PD-185-1 (hermana);SI;2;-0,038;2,57;180,9;PD-185-0 (hermana);SI;1
186;PD;PD-186;2TTx56;-3,335;0,207;3,342;356,5;PD-186-1 (hermana);SI;1;0,28;3,347;4,8;PD-172-1;NO;2
187;PD;PD-187;2TTx56;-1,589;-0,936;1,844;30,5;PD-204-0;NO;2;1,11;1,938;34,9;PD-187-0 (hermana);SI;2
188;PD;PD-188;2TTx42;-2,781;-0,672;2,861;13,6;PD-205-0;NO;2;1,176;3,019;22,9;PD-188-0 (hermana);SI;2
189;PD;PD-189;2TTx28;-4,734;-2,077;5,169;23,7;PD-206-0;NO;2;6,243;7,835;52,8;PD-177-1;NO;3
190;PD;PD-190;2TTx42;-5,145;-1,617;5,393;17,4;PD-190-1 (hermana);SI;2;2,035;5,533;21,6;PD-177-1;NO;2
191;PD;PD-191;2TTx42;-1,612;-2,44;2,924;56,5;PD-191-1 (hermana);SI;2;2,44;2,924;56,5;PD-191-0 (hermana);SI;1
192;PD;PD-192;2TTx56;-2,189;0,932;2,379;336,9;PD-209-0;NO;3;2,103;3,035;43,8;PD-178-1;NO;2
193;PD;PD-193;2TTx56;-3,427;-0,429;3,454;7,1;PD-193-1 (hermana);SI;2;0,429;3,454;7,1;PD-193-0 (hermana);SI;1
194;PD;PD-194;2TTx56;-2,907;-1,095;3,106;20,6;PD-194-1 (hermana);SI;3;1,29;3,18;23,9;PD-179-1;NO;2
195;PD;PD-195;2TTx56;3,003;-0,069;3,004;178,7;PD-195-1 (hermana);SI;1;0,069;3,004;178,7;PD-195-0 (hermana);SI;2
196;PD;PD-196;2TTx28;-3,784;0,175;3,788;357,4;PD-196-1 (hermana);SI;2;-0,175;3,788;357,4;PD-196-0 (hermana);SI;1
197;PD;PD-197;2TTx42;2,929;-1,051;3,112;160,3;PD-197-1 (hermana);SI;2;1,051;3,112;160,3;PD-197-0 (hermana);SI;2
198;PD;PD-198;2TTx56;-5,077;1,509;5,297;343,4;PD-216-0;NO;3;-0,437;5,096;355,1;PD-198-0 (hermana);SI;2
199;PD;PD-199;2TTx56;2,924;2,036;3,563;214,8;PD-199-1 (hermana);SI;2;0,199;2,931;176,1;PD-183-1;NO;2
200;PD;PD-200;2TTx56;-4,954;2,978;5,78;329,0;PD-216-0;NO;2;-0,823;5,022;350,6;PD-200-0 (hermana);SI;2
201;PD;PD-201;2TTx28;-1,435;-0,15;1,442;6,0;PD-201-1 (hermana);SI;2;0,15;1,442;6,0;PD-201-0 (hermana);SI;1
202;PD;PD-202;2TTx56;2,741;-0,179;2,746;176,3;PD-218-0;NO;2;0,498;2,785;169,7;PD-202-0 (hermana);SI;2
203;PD;PD-203;2TTx56;2,722;0,219;2,731;184,6;PD-219-0;NO;2;1,242;2,992;155,5;PD-203-0 (hermana);SI;1
204;PD;PD-204;2TTx56;-1,517;-0,327;1,552;12,2;PD-220-0;NO;2;1,051;1,846;34,7;PD-204-0 (hermana);SI;2
205;PD;PD-205;2TTx28;-2,898;-0,247;2,909;4,9;PD-221-0;NO;2;0,672;2,975;13,1;PD-188-1;NO;2
206;PD;PD-206;2TTx56;-5,265;-0,573;5,296;6,2;PD-223-0;NO;2;3,418;6,277;33,0;PD-190-1;NO;3
207;PD;PD-207;2TTx42;-2,008;-1,486;2,498;36,5;PD-222-0;NO;2;3,328;3,887;58,9;PD-191-1;NO;2
208;PD;PD-208;2TTx56;-1,598;-0,573;1,698;19,7;PD-224-0;NO;2;1,702;2,335;46,8;PD-192-1;NO;2
209;PD;PD-209;2TTx56;-3,045;-0,786;3,145;14,5;PD-225-0;NO;2;1,249;3,291;22,3;PD-194-1;NO;3
210;PD;PD-210;2TTx56;-3,089;0,009;3,089;359,8;PD-210-1 (hermana);SI;2;2,003;3,681;33,0;PD-193-1;NO;2
211;PD;PD-211;2TTx28;-3,771;-0,524;3,807;7,9;PD-211-1 (hermana);SI;2;0,935;3,885;13,9;PD-196-1;NO;2
212;PD;PD-212;2TTx56;-2,819;-1,395;3,145;26,3;PD-212-1 (hermana);SI;2;1,395;3,145;26,3;PD-212-0 (hermana);SI;2
213;PD;PD-213;2TTx28;3,098;1,075;3,279;199,1;PD-229-0;NO;2;2,528;3,998;140,8;PD-197-1;NO;2
214;PD;PD-214;2TTx42;-4,708;0,322;4,719;356,1;PD-214-1 (hermana);SI;2;-0,322;4,719;356,1;PD-214-0 (hermana);SI;2
215;PD;PD-215;2TTx56;3,015;1,586;3,407;207,7;PD-231-0;NO;3;2,657;4,019;138,6;PD-199-1;NO;2
216;PD;PD-216;2TTx56;-4,859;2,577;5,5;332,1;PD-230-0;NO;2;-0,676;4,906;352,1;PD-216-0 (hermana);SI;3
217;PD;PD-217;2TTx28;-1,04;-0,159;1,052;8,7;PD-217-1 (hermana);SI;2;1,04;1,471;45,0;PD-201-1;NO;2
218;PD;PD-218;2TTx56;2,907;0,035;2,907;180,7;PD-232-0;NO;3;0,179;2,913;176,5;PD-202-1;NO;2
219;PD;PD-219;2TTx56;2,594;-0,549;2,651;168,1;PD-219-1 (hermana);SI;2;0,549;2,651;168,1;PD-219-0 (hermana);SI;2
220;PD;PD-220;2TTx56;-1,306;0,705;1,484;331,6;PD-220-1 (hermana);SI;2;0,327;1,346;14,1;PD-204-1;NO;2
221;PD;PD-221;2TTx28;-3,147;0,393;3,172;352,9;PD-221-1 (hermana);SI;2;0,247;3,157;4,5;PD-205-1;NO;2
222;PD;PD-222;2TTx42;-2,372;-1,472;2,792;31,8;PD-237-0;NO;2;2,788;3,661;49,6;PD-222-0 (hermana);SI;2
223;PD;PD-223;2TTx42;-5,345;-2,555;5,925;25,5;PD-238-0;NO;2;2,704;5,99;26,8;PD-223-0 (hermana);SI;2
224;PD;PD-224;2TTx56;-1,684;-1,16;2,045;34,6;PD-239-0;NO;2;1,349;2,158;38,7;PD-224-0 (hermana);SI;2
225;PD;PD-225;2TTx56;-2,963;-0,046;2,963;0,9;PD-240-0;NO;2;1,124;3,169;20,8;PD-225-0 (hermana);SI;2
226;PD;PD-226;2TTx56;-2,805;-1,899;3,388;34,1;PD-226-1 (hermana);SI;2;4,01;4,894;55,0;PD-210-1;NO;2
227;PD;PD-227;2TTx28;-3,641;-0,739;3,715;11,5;PD-242-0;NO;2;1,667;4,005;24,6;PD-227-0 (hermana);SI;2
228;PD;PD-228;2TTx56;-3,059;-0,015;3,059;0,3;PD-243-0;NO;2;2,851;4,182;43,0;PD-228-0 (hermana);SI;2
229;PD;PD-229;2TTx28;2,757;0,283;2,771;185,9;PD-229-1 (hermana);SI;2;-0,283;2,771;185,9;PD-229-0 (hermana);SI;2
230;PD;PD-230;2TTx56;-4,614;1,835;4,965;338,3;PD-230-1 (hermana);SI;2;0,578;4,65;7,1;PD-214-1;NO;3
231;PD;PD-231;2TTx42;3,057;0,241;3,066;184,5;PD-231-1 (hermana);SI;2;-0,241;3,066;184,5;PD-231-0 (hermana);SI;2
232;PD;PD-232;2TTx56;2,91;0,885;3,042;196,9;PD-232-1 (hermana);SI;2;0,46;2,946;171,0;PD-215-1;NO;3
233;PD;PD-233;2TTx28;-0,848;-0,615;1,048;36,0;PD-233-1 (hermana);SI;2;1,531;1,751;61,0;PD-217-1;NO;2
234;PD;PD-234;2TTx28;-2,162;0,626;2,25;343,9;PD-234-1 (hermana);SI;2;1,827;2,83;40,2;PD-220-1;NO;2
235;PD;PD-235;2TTx56;2,559;0,869;2,702;198,8;PD-251-0;NO;2;0,999;2,747;158,7;PD-218-1;NO;3
236;PD;PD-236;2TTx28;-2,787;-0,261;2,799;5,4;PD-236-1 (hermana);SI;2;1,454;3,143;27,6;PD-221-1;NO;2
237;PD;PD-237;2TTx42;-2,743;-1,028;2,93;20,5;PD-237-1 (hermana);SI;2;1,472;3,113;28,2;PD-222-1;NO;2
238;PD;PD-238;2TTx28;-5,357;-2,954;6,118;28,9;PD-238-1 (hermana);SI;2;2,954;6,118;28,9;PD-238-0 (hermana);SI;2
239;PD;PD-239;2TTx56;-1,745;-1,032;2,027;30,6;PD-239-1 (hermana);SI;2;1,16;2,095;33,6;PD-224-1;NO;2
240;PD;PD-240;2TTx56;-2,7;-0,704;2,79;14,6;PD-240-1 (hermana);SI;2;0,704;2,79;14,6;PD-240-0 (hermana);SI;2
241;PD;PD-241;2TTx56;-2,71;-1,363;3,033;26,7;PD-241-1 (hermana);SI;2;2,219;3,502;39,3;PD-226-1;NO;2
242;PD;PD-242;2TTx28;-3,4;-1,965;3,927;30,0;PD-259-0;NO;2;2,637;4,303;37,8;PD-242-0 (hermana);SI;2
243;PD;PD-243;2TTx56;-3,445;-1,156;3,633;18,6;PD-243-1 (hermana);SI;2;1,156;3,633;18,6;PD-243-0 (hermana);SI;2
244;PD;PD-244;2TTx28;2,773;-1,003;2,949;160,1;PD-261-0;NO;2;1,114;2,989;158,1;PD-244-0 (hermana);SI;2
245;PD;PD-245;2TTx56;-4,142;0,647;4,192;351,1;PD-245-1 (hermana);SI;2;-0,647;4,192;351,1;PD-245-0 (hermana);SI;2
246;PD;PD-246;2TTx42;2,934;-1,873;3,48;147,4;PD-264-0;NO;2;2,666;3,964;137,7;PD-246-0 (hermana);SI;2
247;PD;PD-247;2TTx56;-1,293;-1,247;1,796;44,0;PD-263-0;NO;3;2,198;2,55;59,5;PD-247-0 (hermana);SI;1
248;PD;PD-248;2TTx42;-0,522;-0,724;0,893;54,2;PD-248-1 (hermana);SI;2;0,972;1,103;61,8;PD-233-1;NO;2
249;PD;PD-249;2TTx56;2,897;-1,456;3,242;153,3;PD-264-0;NO;3;2,163;3,615;143,3;PD-249-0 (hermana);SI;2
250;PD;PD-250;2TTx28;-2,613;0,148;2,617;356,8;PD-250-1 (hermana);SI;2;1,753;3,147;33,9;PD-234-1;NO;2
251;PD;PD-251;2TTx56;2,58;-1,723;3,103;146,3;PD-251-1 (hermana);SI;2;1,723;3,103;146,3;PD-251-0 (hermana);SI;2
252;PD;PD-252;2TTx42;-2,395;-1,015;2,601;23,0;PD-252-1 (hermana);SI;2;1,134;2,65;25,3;PD-236-1;NO;2
253;PD;PD-253;2TTx42;-2,966;0,548;3,016;349,5;PD-253-1 (hermana);SI;2;1,485;3,317;26,6;PD-237-1;NO;2
254;PD;PD-254;2TTx28;-4,494;-2,803;5,297;32,0;PD-254-1 (hermana);SI;2;3,184;5,508;35,3;PD-238-1;NO;2
255;PD;PD-255;2TTx56;-1,593;-3,237;3,608;63,8;PD-255-1 (hermana);SI;1;3,237;3,608;63,8;PD-255-0 (hermana);SI;2
256;PD;PD-256;2TTx56;-2,76;-0,821;2,879;16,6;PD-256-1 (hermana);SI;1;2,312;3,6;40,0;PD-240-1;NO;2
257;PD;PD-257;2TTx56;-2,742;-1,694;3,223;31,7;PD-272-0;NO;2;3,601;4,526;52,7;PD-257-0 (hermana);SI;2
258;PD;PD-258;2TTx28;4,707;2,616;5,385;209,1;PD-273-0;NO;2;-1,502;4,94;197,7;PD-258-0 (hermana);SI;1
259;PD;PD-259;2TTx28;-2,991;-0,775;3,09;14,5;PD-274-0;NO;2;1,965;3,579;33,3;PD-242-1;NO;2
260;PD;PD-260;2TTx56;-3,725;-1,12;3,89;16,7;PD-260-1 (hermana);SI;1;3,553;5,148;43,6;PD-243-1;NO;2
261;PD;PD-261;2TTx56;2,845;1,263;3,113;203,9;PD-275-0;NO;2;1,003;3,017;160,6;PD-244-1;NO;2
262;PD;PD-262;2TTx42;-3,717;-0,356;3,734;5,5;PD-262-1 (hermana);SI;1;0,711;3,784;10,8;PD-245-1;NO;2
263;PD;PD-263;2TTx56;-3,405;2,521;4,237;323,5;PD-278-0;NO;3;1,247;3,626;20,1;PD-247-1;NO;2
264;PD;PD-264;2TTx56;2,941;-0,442;2,974;171,4;PD-277-0;NO;2;1,873;3,487;147,5;PD-246-1;NO;3
265;PD;PD-265;2TTx42;-1,04;1,552;1,868;303,8;PD-278-0;NO;2;2,848;3,032;69,9;PD-247-1;NO;2
266;PD;PD-266;2TTx42;-0,267;-1,122;1,154;76,6;PD-266-1 (hermana);SI;2;1,122;1,154;76,6;PD-266-0 (hermana);SI;2
267;PD;PD-267;2TTx56;2,661;-0,921;2,816;160,9;PD-280-0;NO;2;3,08;4,07;130,8;PD-251-1;NO;3
268;PD;PD-268;2TTx28;-2,546;0,064;2,547;358,6;PD-268-1 (hermana);SI;2;0,343;2,569;7,7;PD-250-1;NO;2
269;PD;PD-269;2TTx42;-2,328;-0,06;2,329;1,5;PD-282-0;NO;2;1,577;2,812;34,1;PD-252-1;NO;2
270;PD;PD-270;2TTx42;-3,321;-0,344;3,339;5,9;PD-270-1 (hermana);SI;2;0,44;3,35;7,5;PD-253-1;NO;2
271;PD;PD-271;2TTx28;-3,746;-1,737;4,13;24,9;PD-271-1 (hermana);SI;2;3,777;5,32;45,2;PD-254-1;NO;2
272;PD;PD-272;2TTx56;-2,51;-2,298;3,403;42,5;PD-285-0;NO;2;3,442;4,26;53,9;PD-272-0 (hermana);SI;2
273;PD;PD-273;2TTx28;4,09;0,47;4,117;186,6;PD-286-0;NO;2;0,086;4,091;178,8;PD-273-0 (hermana);SI;2
274;PD;PD-274;2TTx28;-2,938;-2,073;3,595;35,2;PD-274-1 (hermana);SI;2;2,073;3,595;35,2;PD-274-0 (hermana);SI;2
275;PD;PD-275;2TTx56;2,931;-0,589;2,989;168,6;PD-289-0;NO;2;1,279;3,198;156,4;PD-275-0 (hermana);SI;2
276;PD;PD-276;2TTx56;-3,764;1,35;3,999;340,3;PD-288-0;NO;3;-0,364;3,782;354,5;PD-263-1;NO;2
277;PD;PD-277;2TTx56;2,678;0,836;2,806;197,3;PD-277-1 (hermana);SI;3;0,442;2,714;170,6;PD-264-1;NO;2
278;PD;PD-278;2TTx56;-1,759;-1,061;2,054;31,1;PD-278-1 (hermana);SI;3;1,061;2,054;31,1;PD-278-0 (hermana);SI;3
279;PD;PD-279;2TTx42;-0,188;-1,003;1,02;79,4;PD-293-0;NO;2;1,926;1,935;84,4;PD-266-1;NO;2
280;PD;PD-280;2TTx56;2,485;-1,327;2,817;151,9;PD-280-1 (hermana);SI;2;1,327;2,817;151,9;PD-280-0 (hermana);SI;2
281;PD;PD-281;2TTx28;-2,883;0,589;2,943;348,5;PD-281-1 (hermana);SI;2;0,238;2,893;4,7;PD-268-1;NO;2
282;PD;PD-282;2TTx42;-2,29;-0,421;2,328;10,4;PD-282-1 (hermana);SI;2;0,421;2,328;10,4;PD-282-0 (hermana);SI;2
283;PD;PD-283;2TTx42;-3,357;-0,094;3,358;1,6;PD-283-1 (hermana);SI;2;0,406;3,382;6,9;PD-270-1;NO;2
284;PD;PD-284;2TTx28;-3,198;-2,187;3,874;34,4;PD-284-1 (hermana);SI;1;4,715;5,697;55,9;PD-271-1;NO;2
285;PD;PD-285;2TTx56;-2,612;-2,051;3,321;38,1;PD-285-1 (hermana);SI;3;2,298;3,479;41,3;PD-272-1;NO;2
286;PD;PD-286;2TTx28;2,803;1,392;3,13;206,4;PD-286-1 (hermana);SI;2;-0,47;2,842;189,5;PD-273-1;NO;2
287;PD;PD-287;2TTx28;-2,36;-1,101;2,605;25,0;PD-287-1 (hermana);SI;2;3,113;3,907;52,8;PD-274-1;NO;2
288;PD;PD-288;2TTx56;-5,162;0,583;5,195;353,6;PD-288-1 (hermana);SI;3;-0,583;5,195;353,6;PD-288-0 (hermana);SI;2
289;PD;PD-289;2TTx56;3,004;0,844;3,12;195,7;PD-303-0;NO;2;0,589;3,061;168,9;PD-275-1;NO;2
290;PD;PD-290;2TTx56;-3,507;0,308;3,52;355,0;PD-290-1 (hermana);SI;3;2,396;4,247;34,3;PD-278-1;NO;3
291;PD;PD-291;2TTx42;2,539;-1,126;2,778;156,1;PD-291-1 (hermana);SI;2;1,126;2,778;156,1;PD-291-0 (hermana);SI;2
292;PD;PD-292;2TTx42;-1,387;1,071;1,752;322,3;PD-306-0;NO;2;3,256;3,539;66,9;PD-278-1;NO;2
293;PD;PD-293;2TTx28;-0,25;-2,029;2,044;83,0;PD-293-1 (hermana);SI;1;2,029;2,044;83,0;PD-293-0 (hermana);SI;2
294;PD;PD-294;2TTx56;2,162;-2,878;3,6;126,9;PD-294-1 (hermana);SI;3;2,878;3,6;126,9;PD-294-0 (hermana);SI;3
295;PD;PD-295;2TTx42;-2,509;-0,823;2,641;18,1;PD-308-0;NO;2;0,99;2,698;21,5;PD-295-0 (hermana);SI;2
296;PD;PD-296;2TTx56;-2,031;-0,523;2,097;14,4;PD-309-0;NO;2;2,021;2,865;44,9;PD-282-1;NO;2
297;PD;PD-297;2TTx42;-3,078;-0,107;3,08;2,0;PD-297-1 (hermana);SI;2;0,318;3,095;5,9;PD-283-1;NO;2
298;PD;PD-298;2TTx42;-3,803;-0,2;3,808;3,0;PD-298-1 (hermana);SI;2;3,203;4,972;40,1;PD-285-1;NO;2
299;PD;PD-299;2TTx56;-1,636;0,836;1,838;332,9;PD-316-0;NO;3;0,84;1,84;27,2;PD-299-0 (hermana);SI;1
300;PD;PD-300;2TTx28;-2,732;-3,527;4,462;52,2;PD-300-1 (hermana);SI;1;5,481;6,124;63,5;PD-287-1;NO;3
301;PD;PD-301;2TTx28;2,764;0,286;2,779;185,9;PD-314-0;NO;2;0,514;2,812;169,5;PD-301-0 (hermana);SI;2
302;PD;PD-302;2TTx56;-5,368;0,187;5,372;358,0;PD-302-1 (hermana);SI;2;0,063;5,369;0,7;PD-288-1;NO;2
303;PD;PD-303;2TTx56;2,991;-0,428;3,022;171,9;PD-317-0;NO;2;1,021;3,161;161,2;PD-303-0 (hermana);SI;2
304;PD;PD-304;2TTx56;-4,124;-0,778;4,196;10,7;PD-304-1 (hermana);SI;2;1,37;4,345;18,4;PD-288-1;NO;3
305;PD;PD-305;2TTx56;2,118;-0,33;2,144;171,1;PD-305-1 (hermana);SI;2;2,998;3,671;125,2;PD-294-1;NO;3
306;PD;PD-306;2TTx56;-1,779;-1,329;2,221;36,8;PD-306-1 (hermana);SI;2;1,329;2,221;36,8;PD-306-0 (hermana);SI;3
307;PD;PD-307;2TTx28;1,788;-1,999;2,682;131,8;PD-307-1 (hermana);SI;1;2,902;3,409;121,6;PD-294-1;NO;2
308;PD;PD-308;2TTx56;-2,748;1,566;3,163;330,3;PD-321-0;NO;2;0,823;2,868;16,7;PD-295-1;NO;2
309;PD;PD-309;2TTx56;-2,359;1,57;2,833;326,4;PD-322-0;NO;2;1,886;3,02;38,6;PD-309-0 (hermana);SI;2
310;PD;PD-310;2TTx56;-2,901;-1,135;3,115;21,4;PD-324-0;NO;3;1,223;3,148;22,9;PD-310-0 (hermana);SI;1
311;PD;PD-311;2TTx42;-2,956;0,551;3,006;349,4;PD-311-1 (hermana);SI;2;0,744;3,048;14,1;PD-297-1;NO;2
312;PD;PD-312;2TTx42;-4,08;-0,097;4,081;1,4;PD-312-1 (hermana);SI;2;0,559;4,118;7,8;PD-298-1;NO;2
313;PD;PD-313;2TTx56;-0,935;-0,666;1,147;35,5;PD-329-0;NO;2;1,601;1,853;59,7;PD-313-0 (hermana);SI;2
314;PD;PD-314;2TTx28;2,758;0,139;2,761;182,9;PD-314-1 (hermana);SI;2;-0,139;2,761;182,9;PD-314-0 (hermana);SI;2
315;PD;PD-315;2TTx56;-5,529;1,797;5,814;342,0;PD-331-0;NO;2;0,682;5,571;7,0;PD-315-0 (hermana);SI;2
316;PD;PD-316;2TTx56;-2,819;1,825;3,358;327,1;PD-332-0;NO;2;0,394;2,847;8,0;PD-316-0 (hermana);SI;2
317;PD;PD-317;2TTx56;2,844;0,549;2,896;190,9;PD-317-1 (hermana);SI;2;0,428;2,876;171,4;PD-303-1;NO;2
318;PD;PD-318;2TTx56;-4,277;1,84;4,656;336,7;PD-334-0;NO;2;0,8;4,351;10,6;PD-304-1;NO;2
319;PD;PD-319;2TTx42;2,016;-1,301;2,399;147,2;PD-319-1 (hermana);SI;1;1,301;2,399;147,2;PD-319-0 (hermana);SI;2
320;PD;PD-320;2TTx56;-1,871;-1,021;2,132;28,6;PD-320-1 (hermana);SI;2;1,34;2,301;35,6;PD-306-1;NO;2
321;PD;PD-321;2TTx56;-2,311;-1,699;2,868;36,3;PD-336-0;NO;2;1,714;2,877;36,6;PD-321-0 (hermana);SI;2
322;PD;PD-322;2TTx56;-2,708;-0,547;2,763;11,4;PD-322-1 (hermana);SI;2;0,547;2,763;11,4;PD-322-0 (hermana);SI;2
323;PD;PD-323;2TTx28;-1,917;-2,324;3,013;50,5;PD-323-1 (hermana);SI;1;2,324;3,013;50,5;PD-323-0 (hermana);SI;2
324;PD;PD-324;2TTx56;-3,376;1,542;3,711;335,4;PD-338-0;NO;2;1,135;3,561;18,6;PD-310-1;NO;2
325;PD;PD-325;2TTx42;-2,658;-0,651;2,736;13,8;PD-325-1 (hermana);SI;2;1,56;3,081;30,4;PD-311-1;NO;2
326;PD;PD-326;2TTx56;-2,548;0,518;2,6;348,5;PD-326-1 (hermana);SI;2;-0,518;2,6;348,5;PD-326-0 (hermana);SI;1
327;PD;PD-327;2TTx56;-1,802;0,303;1,827;350,4;PD-341-0;NO;2;0,239;1,817;7,6;PD-327-0 (hermana);SI;1
328;PD;PD-328;2TTx28;-3,583;1,081;3,743;343,2;PD-328-1 (hermana);SI;1;0,688;3,649;10,9;PD-312-1;NO;2
329;PD;PD-329;2TTx56;-0,697;-1,278;1,456;61,4;PD-342-0;NO;2;1,671;1,81;67,3;PD-329-0 (hermana);SI;2
330;PD;PD-330;2TTx28;2,939;0,182;2,945;183,5;PD-330-1 (hermana);SI;2;0,21;2,946;175,9;PD-314-1;NO;2
331;PD;PD-331;2TTx56;-5,407;-0,214;5,412;2,3;PD-331-1 (hermana);SI;2;0,214;5,412;2,3;PD-331-0 (hermana);SI;2
332;PD;PD-332;2TTx56;-2,369;0,783;2,495;341,7;PD-332-1 (hermana);SI;2;-0,783;2,495;341,7;PD-332-0 (hermana);SI;2
333;PD;PD-333;2TTx56;2,657;0,159;2,662;183,4;PD-333-1 (hermana);SI;2;0,26;2,67;174,4;PD-317-1;NO;2
334;PD;PD-334;2TTx56;-4,551;-1,115;4,686;13,8;PD-346-0;NO;2;1,243;4,718;15,3;PD-334-0 (hermana);SI;2
335;PD;PD-335;2TTx56;-2,008;-1,96;2,806;44,3;PD-347-0;NO;2;2,171;2,957;47,2;PD-335-0 (hermana);SI;2
336;PD;PD-336;2TTx56;-2,393;0,15;2,398;356,4;PD-336-1 (hermana);SI;2;1,699;2,935;35,4;PD-321-1;NO;2
337;PD;PD-337;2TTx56;-2,775;-0,395;2,803;8,1;PD-337-1 (hermana);SI;2;2,72;3,886;44,4;PD-322-1;NO;2
338;PD;PD-338;2TTx56;-3,162;-0,002;3,162;0,0;PD-350-0;NO;2;1,139;3,361;19,8;PD-338-0 (hermana);SI;2
339;PD;PD-339;2TTx42;-2,524;-0,141;2,528;3,2;PD-352-0;NO;2;1,244;2,814;26,2;PD-325-1;NO;2
340;PD;PD-340;2TTx56;-2,519;-1,442;2,903;29,8;PD-354-0;NO;3;1,592;2,98;32,3;PD-340-0 (hermana);SI;2
341;PD;PD-341;2TTx56;-1,89;2,857;3,426;303,5;PD-341-1 (hermana);SI;2;-0,303;1,914;350,9;PD-327-1;NO;2
342;PD;PD-342;2TTx56;-0,368;-1,421;1,468;75,5;PD-342-1 (hermana);SI;2;1,421;1,468;75,5;PD-342-0 (hermana);SI;2
343;PD;PD-343;2TTx56;-5,303;-0,748;5,356;8,0;PD-343-1 (hermana);SI;2;0,946;5,387;10,1;PD-331-1;NO;2
344;PD;PD-344;2TTx56;2,779;-0,874;2,913;162,5;PD-344-1 (hermana);SI;2;1,329;3,081;154,4;PD-333-1;NO;3
345;PD;PD-345;2TTx56;-2,562;0,206;2,57;355,4;PD-357-0;NO;2;1,795;3,128;35,0;PD-345-0 (hermana);SI;2
346;PD;PD-346;2TTx56;-4,665;-0,015;4,665;0,2;PD-346-1 (hermana);SI;3;1,115;4,796;13,4;PD-334-1;NO;2
347;PD;PD-347;2TTx56;-2,316;-1,167;2,593;26,7;PD-347-1 (hermana);SI;3;1,96;3,034;40,2;PD-335-1;NO;2
348;PD;PD-348;2TTx56;-2,109;-0,5;2,168;13,3;PD-361-0;NO;2;1,701;2,71;38,9;PD-336-1;NO;2
349;PD;PD-349;2TTx56;-2,895;0,714;2,981;346,1;PD-362-0;NO;2;3,155;4,281;47,5;PD-337-1;NO;2
350;PD;PD-350;2TTx56;-2,324;-1,111;2,576;25,6;PD-350-1 (hermana);SI;1;1,111;2,576;25,6;PD-350-0 (hermana);SI;2
351;PD;PD-351;2TTx56;-2,508;-0,957;2,684;20,9;PD-351-1 (hermana);SI;2;2,823;3,776;48,4;PD-340-1;NO;2
352;PD;PD-352;2TTx56;-2,341;-0,909;2,511;21,2;PD-352-1 (hermana);SI;2;0,909;2,511;21,2;PD-352-0 (hermana);SI;2
353;PD;PD-353;2TTx56;-2,175;0,127;2,179;356,7;PD-353-1 (hermana);SI;2;-0,127;2,179;356,7;PD-353-0 (hermana);SI;2
354;PD;PD-354;2TTx56;-2,172;-1,688;2,751;37,8;PD-366-0;NO;2;2,106;3,025;44,1;PD-354-0 (hermana);SI;2
355;PD;PD-355;2TTx56;-0,622;-2,967;3,031;78,2;PD-355-1 (hermana);SI;1;2,967;3,031;78,2;PD-355-0 (hermana);SI;2
356;PD;PD-356;2TTx42;2,705;0,244;2,716;185,2;PD-368-0;NO;2;0,957;2,869;160,5;PD-344-1;NO;2
357;PD;PD-357;2TTx56;-1,859;-1,393;2,323;36,8;PD-357-1 (hermana);SI;1;1,393;2,323;36,8;PD-357-0 (hermana);SI;2
358;PD;PD-358;2TTx56;-5,27;0,967;5,358;349,6;PD-369-0;NO;2;1,555;5,494;16,4;PD-346-1;NO;3
359;PD;PD-359;2TTx56;-4,317;0,835;4,397;349,0;PD-370-0;NO;2;1,604;4,605;20,4;PD-347-1;NO;3
360;PD;PD-360;2TTx42;-2,148;0,051;2,149;358,6;PD-371-0;NO;2;2,957;3,655;54,0;PD-347-1;NO;2
361;PD;PD-361;2TTx56;-1,919;-0,306;1,943;9,0;PD-374-0;NO;2;1,005;2,167;27,7;PD-361-0 (hermana);SI;2
362;PD;PD-362;2TTx56;-2,933;0,862;3,057;343,6;PD-376-0;NO;2;0,379;2,957;7,4;PD-362-0 (hermana);SI;2
363;PD;PD-363;2TTx56;-2,856;-0,65;2,929;12,8;PD-377-0;NO;2;1,052;3,044;20,2;PD-351-1;NO;2
364;PD;PD-364;2TTx56;-2,423;-0,799;2,552;18,3;PD-364-1 (hermana);SI;1;1,623;2,917;33,8;PD-352-1;NO;2
365;PD;PD-365;2TTx56;-1,941;1,397;2,392;324,2;PD-378-0;NO;2;1,834;2,671;43,4;PD-353-1;NO;2
366;PD;PD-366;2TTx56;-2,116;0,337;2,142;351,0;PD-379-0;NO;2;2,375;3,181;48,3;PD-366-0 (hermana);SI;2
367;PD;PD-367;2TTx56;-1,293;-0,053;1,294;2,3;PD-380-0;NO;2;1,301;1,834;45,2;PD-367-0 (hermana);SI;1
368;PD;PD-368;2TTx28;2,513;-0,053;2,513;178,8;PD-368-1 (hermana);SI;1;0,053;2,513;178,8;PD-368-0 (hermana);SI;2
369;PD;PD-369;2TTx56;-4,937;0,334;4,948;356,1;PD-381-0;NO;3;-0,06;4,937;359,3;PD-369-0 (hermana);SI;2
370;PD;PD-370;2TTx56;-4,515;-1,323;4,705;16,3;PD-370-1 (hermana);SI;3;1,323;4,705;16,3;PD-370-0 (hermana);SI;2
371;PD;PD-371;2TTx42;-2,119;-0,152;2,125;4,1;PD-383-0;NO;2;1,349;2,513;32,5;PD-371-0 (hermana);SI;2
372;PD;PD-372;2TTx42;-0,927;-0,226;0,954;13,7;PD-372-1 (hermana);SI;2;0,226;0,954;13,7;PD-372-0 (hermana);SI;1
373;PD;PD-373;2TTx56;-0,348;0,621;0,711;299,3;PD-373-1 (hermana);SI;2;-0,621;0,711;299,3;PD-373-0 (hermana);SI;1
374;PD;PD-374;2TTx56;-1,799;-1,014;2,066;29,4;PD-374-1 (hermana);SI;2;1,014;2,066;29,4;PD-374-0 (hermana);SI;2
375;PD;PD-375;2TTx56;-2,154;-2,402;3,227;48,1;PD-375-1 (hermana);SI;2;2,402;3,227;48,1;PD-375-0 (hermana);SI;1
376;PD;PD-376;2TTx56;-3,171;-0,605;3,228;10,8;PD-388-0;NO;2;1,333;3,44;22,8;PD-376-0 (hermana);SI;2
377;PD;PD-377;2TTx56;-3,069;-0,351;3,089;6,5;PD-377-1 (hermana);SI;2;0,65;3,137;12,0;PD-363-1;NO;2
378;PD;PD-378;2TTx56;-2,351;1,241;2,658;332,2;PD-378-1 (hermana);SI;2;-1,241;2,658;332,2;PD-378-0 (hermana);SI;2
379;PD;PD-379;2TTx56;-2,033;0,188;2,042;354,7;PD-379-1 (hermana);SI;1;-0,188;2,042;354,7;PD-379-0 (hermana);SI;2
380;PD;PD-380;2TTx56;-1,574;-0,96;1,844;31,4;PD-391-0;NO;2;1,859;2,436;49,7;PD-380-0 (hermana);SI;2
381;PD;PD-381;2TTx28;-4,83;-0,009;4,83;0,1;PD-381-1 (hermana);SI;2;0,009;4,83;0,1;PD-381-0 (hermana);SI;2
382;PD;PD-382;2TTx56;-5,122;-0,19;5,125;2,1;PD-382-1 (hermana);SI;2;1,423;5,316;15,5;PD-370-1;NO;3
383;PD;PD-383;2TTx56;-2,318;-0,455;2,362;11,1;PD-394-0;NO;2;2,535;3,435;47,6;PD-370-1;NO;3
384;PD;PD-384;2TTx42;-1,164;-0,959;1,508;39,5;PD-384-1 (hermana);SI;2;0,959;1,508;39,5;PD-384-0 (hermana);SI;2
385;PD;PD-385;2TTx56;-0,372;-2,421;2,45;81,3;PD-396-0;NO;2;2,896;2,92;82,7;PD-385-0 (hermana);SI;2
386;PD;PD-386;2TTx56;-1,487;0,682;1,636;335,4;PD-397-0;NO;3;1,882;2,399;51,7;PD-386-0 (hermana);SI;2
387;PD;PD-387;2TTx56;-1,971;-1,513;2,485;37,5;PD-398-0;NO;2;3,715;4,206;62,1;PD-375-1;NO;2
388;PD;PD-388;2TTx42;-2,88;-0,765;2,98;14,9;PD-388-1 (hermana);SI;1;0,765;2,98;14,9;PD-388-0 (hermana);SI;2
389;PD;PD-389;2TTx56;-3,076;0,01;3,076;359,8;PD-399-0;NO;2;1,027;3,243;18,5;PD-377-1;NO;2
390;PD;PD-390;2TTx56;-1,984;1,886;2,737;316,4;PD-390-1 (hermana);SI;2;-0,944;2,197;334,5;PD-378-1;NO;2
391;PD;PD-391;2TTx56;-1,548;-0,703;1,7;24,4;PD-401-0;NO;2;0,96;1,822;31,8;PD-380-1;NO;2
392;PD;PD-392;2TTx28;-4,853;-0,306;4,862;3,6;PD-392-1 (hermana);SI;1;0,959;4,946;11,2;PD-381-1;NO;2
393;PD;PD-393;2TTx56;-5,21;0,469;5,231;354,9;PD-402-0;NO;2;0,687;5,255;7,5;PD-393-0 (hermana);SI;2
394;PD;PD-394;2TTx56;-2,582;-0,848;2,718;18,2;PD-403-0;NO;2;1,717;3,101;33,6;PD-394-0 (hermana);SI;2
395;PD;PD-395;2TTx42;-1,062;-0,854;1,363;38,8;PD-404-0;NO;2;1,322;1,696;51,2;PD-395-0 (hermana);SI;3
396;PD;PD-396;2TTx56;-0,533;-0,234;0,582;23,7;PD-396-1 (hermana);SI;2;2,421;2,479;77,6;PD-385-1;NO;2
397;PD;PD-397;2TTx28;-1,218;-1,245;1,742;45,6;PD-397-1 (hermana);SI;2;1,245;1,742;45,6;PD-397-0 (hermana);SI;2
398;PD;PD-398;2TTx56;-1,935;0,278;1,955;351,8;PD-398-1 (hermana);SI;2;1,513;2,457;38,0;PD-387-1;NO;2
399;PD;PD-399;2TTx56;-2,925;-1,365;3,227;25,0;PD-399-1 (hermana);SI;1;1,365;3,227;25,0;PD-399-0 (hermana);SI;2
400;PD;PD-400;2TTx56;-1,47;-0,556;1,571;20,7;PD-400-1 (hermana);SI;2;0,556;1,571;20,7;PD-400-0 (hermana);SI;2
401;PD;PD-401;2TTx56;-1,649;-0,568;1,744;19,0;PD-401-1 (hermana);SI;2;0,703;1,793;23,1;PD-391-1;NO;2
402;PD;PD-402;2TTx56;-5,472;0,445;5,49;355,3;PD-409-0;NO;2;0,311;5,481;3,3;PD-402-0 (hermana);SI;2
403;PD;PD-403;2TTx56;-2,452;0,908;2,615;339,7;PD-410-0;NO;2;0,848;2,595;19,1;PD-394-1;NO;2
404;PD;PD-404;2TTx42;-1,179;-0,688;1,365;30,3;PD-404-1 (hermana);SI;1;1,914;2,248;58,4;PD-397-1;NO;3
405;PD;PD-405;2TTx56;-0,839;-2,117;2,277;68,4;PD-405-1 (hermana);SI;2;2,117;2,277;68,4;PD-405-0 (hermana);SI;2
406;PD;PD-406;2TTx56;-1,744;-3,344;3,772;62,5;PD-406-1 (hermana);SI;2;3,344;3,772;62,5;PD-406-0 (hermana);SI;2
407;PD;PD-407;2TTx42;-1,271;-1,383;1,878;47,4;PD-407-1 (hermana);SI;1;1,383;1,878;47,4;PD-407-0 (hermana);SI;2
408;PD;PD-408;2TTx56;-2,079;-0,384;2,114;10,5;PD-413-0;NO;3;1,343;2,475;32,9;PD-401-1;NO;2
409;PD;PD-409;2TTx56;-5,43;-0,298;5,438;3,1;PD-415-0;NO;2;0,736;5,48;7,7;PD-409-0 (hermana);SI;2
410;PD;PD-410;2TTx56;-2,609;-1,882;3,217;35,8;PD-410-1 (hermana);SI;2;1,882;3,217;35,8;PD-410-0 (hermana);SI;2
411;PD;PD-411;2TTx56;-1,348;-2,457;2,803;61,2;PD-417-0;NO;2;2,936;3,23;65,3;PD-411-0 (hermana);SI;2
412;PD;PD-412;2TTx56;-1,208;-1,57;1,981;52,4;PD-418-0;NO;2;4,159;4,331;73,8;PD-406-1;NO;2
413;PD;PD-413;2TTx56;-1,885;-1,138;2,202;31,1;PD-413-1 (hermana);SI;2;1,138;2,202;31,1;PD-413-0 (hermana);SI;2
414;PD;PD-414;2TTx56;-2,198;0,316;2,221;351,8;PD-414-1 (hermana);SI;2;1,058;2,439;25,7;PD-408-1;NO;2
415;PD;PD-415;2TTx56;-5,48;-0,707;5,526;7,3;PD-421-0;NO;2;1,329;5,639;13,6;PD-415-0 (hermana);SI;2
416;PD;PD-416;2TTx56;-2,924;0,161;2,928;356,9;PD-421-0;NO;3;2,567;3,891;41,3;PD-410-1;NO;2
417;PD;PD-417;2TTx56;-1,338;-2,192;2,569;58,6;PD-423-0;NO;2;2,457;2,798;61,4;PD-411-1;NO;2
418;PD;PD-418;2TTx56;-1,306;-3,466;3,704;69,4;PD-418-1 (hermana);SI;1;3,466;3,704;69,4;PD-418-0 (hermana);SI;2
419;PD;PD-419;2TTx56;-1,675;-1,385;2,173;39,6;PD-424-0;NO;2;2,035;2,636;50,5;PD-419-0 (hermana);SI;2
420;PD;PD-420;2TTx56;-2,145;-1,658;2,711;37,7;PD-420-1 (hermana);SI;2;1,658;2,711;37,7;PD-420-0 (hermana);SI;2
421;PD;PD-421;2TTx56;-5,337;-0,192;5,341;2,1;PD-426-0;NO;2;0,836;5,402;8,9;PD-421-0 (hermana);SI;3
422;PD;PD-422;2TTx28;-1,424;-4,058;4,3;70,7;PD-422-1 (hermana);SI;1;4,721;4,931;73,2;PD-416-1;NO;2
423;PD;PD-423;2TTx56;-1,607;-3,681;4,017;66,4;PD-423-1 (hermana);SI;1;3,681;4,017;66,4;PD-423-0 (hermana);SI;2
424;PD;PD-424;2TTx56;-1,869;-1,037;2,137;29,0;PD-424-1 (hermana);SI;2;1,385;2,326;36,5;PD-419-1;NO;2
425;PD;PD-425;2TTx56;-2,117;-1,183;2,425;29,2;PD-425-1 (hermana);SI;1;1,915;2,855;42,1;PD-420-1;NO;2
426;PD;PD-426;2TTx28;-4,693;-0,937;4,786;11,3;PD-426-1 (hermana);SI;1;0,937;4,786;11,3;PD-426-0 (hermana);SI;2
427;PD;PD-427;2TTx56;-2,44;-1,048;2,655;23,2;PD-427-1 (hermana);SI;1;1,187;2,713;25,9;PD-424-1;NO;2
428;PD;PD-428;2TTx42;-2,009;-2,869;3,503;55,0;PD-429-0;NO;2;4,294;4,741;64,9;PD-428-0 (hermana);SI;1
429;PD;PD-429;2TTx56;-2,325;-3,746;4,409;58,2;PD-429-1 (hermana);SI;2;3,746;4,409;58,2;PD-429-0 (hermana);SI;2
430;PD;PD-430;2TTx56;-2,445;-3,217;4,041;52,8;PD-431-0;NO;2;4,447;5,075;61,2;PD-430-0 (hermana);SI;2
431;PD;PD-431;2TTx56;-2,403;-3,987;4,655;58,9;PD-433-0;NO;3;4,189;4,829;60,2;PD-431-0 (hermana);SI;2
432;PD;PD-432;2TTx42;-2,479;-3,162;4,018;51,9;PD-434-0;NO;2;4,455;5,098;60,9;PD-431-1;NO;2
433;PD;PD-433;2TTx56;-2,436;-3,416;4,195;54,5;PD-433-1 (hermana);SI;2;3,987;4,672;58,6;PD-431-1;NO;2
434;PD;PD-434;2TTx42;-2,676;-2,237;3,488;39,9;PD-436-0;NO;2;3,594;4,48;53,3;PD-434-0 (hermana);SI;2
435;PD;PD-435;2TTx56;-2,494;-2,893;3,82;49,2;PD-435-1 (hermana);SI;2;5,144;5,717;64,1;PD-433-1;NO;2
436;PD;PD-436;2TTx42;-3,028;-2,842;4,153;43,2;PD-438-0;NO;2;3,202;4,407;46,6;PD-436-0 (hermana);SI;2
437;PD;PD-437;2TTx56;-2,536;-3,67;4,461;55,3;PD-437-1 (hermana);SI;2;4,223;4,926;59,0;PD-435-1;NO;2
438;PD;PD-438;2TTx42;-3,559;-2,664;4,446;36,8;PD-438-1 (hermana);SI;2;2,842;4,555;38,6;PD-436-1;NO;2
439;PD;PD-439;2TTx56;-2,429;-3,666;4,397;56,5;PD-439-1 (hermana);SI;2;4,471;5,088;61,5;PD-437-1;NO;2
440;PD;PD-440;2TTx42;-4,179;-1,935;4,605;24,8;PD-440-1 (hermana);SI;2;2,672;4,96;32,6;PD-438-1;NO;2
441;PD;PD-441;2TTx56;-2,266;-3,237;3,951;55,0;PD-441-1 (hermana);SI;2;4,663;5,184;64,1;PD-439-1;NO;2
442;PD;PD-442;2TTx42;-4,594;-1,704;4,9;20,4;PD-445-0;NO;2;2,733;5,345;30,7;PD-442-0 (hermana);SI;2
443;PD;PD-443;2TTx56;-2,336;-2,242;3,238;43,8;PD-443-1 (hermana);SI;2;4,466;5,04;62,4;PD-441-1;NO;2
444;PD;PD-444;2TTx28;1,109;-2,512;2,746;113,8;PD-444-1 (hermana);SI;2;2,512;2,746;113,8;PD-444-0 (hermana);SI;1
445;PD;PD-445;2TTx42;-5,224;-1,8;5,525;19,0;PD-445-1 (hermana);SI;2;1,8;5,525;19,0;PD-445-0 (hermana);SI;2
446;PD;PD-446;2TTx56;-2,361;-3,066;3,869;52,4;PD-446-1 (hermana);SI;3;3,382;4,124;55,1;PD-443-1;NO;2
447;PD;PD-447;2TTx42;0,847;-0,902;1,237;133,2;PD-447-1 (hermana);SI;2;4,627;4,704;100,4;PD-444-1;NO;2
448;PD;PD-448;2TTx56;-5,223;-1,552;5,449;16,5;PD-451-0;NO;2;5,528;7,606;46,6;PD-446-1;NO;3
449;PD;PD-449;2TTx28;-1,533;-2,937;3,313;62,4;PD-449-1 (hermana);SI;2;6,05;6,241;75,8;PD-446-1;NO;2
450;PD;PD-450;2TTx56;0,565;-2,325;2,393;103,7;PD-453-0;NO;2;3,797;3,839;98,5;PD-447-1;NO;2
451;PD;PD-451;2TTx56;-5,261;-2,108;5,667;21,8;PD-455-0;NO;2;3,022;6,067;29,9;PD-451-0 (hermana);SI;2
452;PD;PD-452;2TTx28;-2,137;-3,719;4,289;60,1;PD-452-1 (hermana);SI;1;4,207;4,719;63,1;PD-449-1;NO;2
453;PD;PD-453;2TTx56;0,54;-0,431;0,691;141,4;PD-457-0;NO;3;2,587;2,643;101,8;PD-453-0 (hermana);SI;2
454;PD;PD-454;2TTx28;-2,194;-2,336;3,205;46,8;PD-454-1 (hermana);SI;2;2,336;3,205;46,8;PD-454-0 (hermana);SI;1
455;PD;PD-455;2TTx56;-5,316;-1,864;5,634;19,3;PD-458-0;NO;2;2,772;5,996;27,5;PD-455-0 (hermana);SI;2
456;PD;PD-456;2TTx42;0,836;-2,458;2,597;108,8;PD-456-1 (hermana);SI;2;2,458;2,597;108,8;PD-456-0 (hermana);SI;2
457;PD;PD-457;2TTx56;-1,616;-0,345;1,653;12,0;PD-457-1 (hermana);SI;3;3,56;3,909;65,6;PD-454-1;NO;3
458;PD;PD-458;2TTx56;-5,345;-1,607;5,582;16,7;PD-458-1 (hermana);SI;2;1,864;5,661;19,2;PD-455-1;NO;2
459;PD;PD-459;2TTx56;0,637;-1,581;1,704;112,0;PD-459-1 (hermana);SI;3;2,953;3,021;102,2;PD-456-1;NO;3
460;PD;PD-460;2TTx56;-2,142;-1,599;2,673;36,7;PD-464-0;NO;3;1,969;2,91;42,6;PD-457-1;NO;2
461;PD;PD-461;2TTx42;-4,992;-1,794;5,304;19,8;PD-465-0;NO;2;2,115;5,421;23,0;PD-461-0 (hermana);SI;2
462;PD;PD-462;2TTx56;1,169;-2,197;2,489;118,0;PD-462-1 (hermana);SI;2;3,317;3,517;109,4;PD-459-1;NO;2
463;PD;PD-463;2TTx56;-1,876;-1,009;2,131;28,3;PD-467-0;NO;2;3,299;3,795;60,4;PD-460-1;NO;3
464;PD;PD-464;2TTx28;-2,256;-0,894;2,426;21,6;PD-468-0;NO;2;3,112;3,843;54,1;PD-464-0 (hermana);SI;2
465;PD;PD-465;2TTx42;-4,452;-2,614;5,162;30,4;PD-465-1 (hermana);SI;1;2,614;5,162;30,4;PD-465-0 (hermana);SI;2
466;PD;PD-466;2TTx56;1,507;-2,2;2,666;124,4;PD-469-0;NO;2;3,238;3,572;115,0;PD-466-0 (hermana);SI;2
467;PD;PD-467;2TTx56;-1,676;-1,706;2,392;45,5;PD-467-1 (hermana);SI;2;1,706;2,392;45,5;PD-467-0 (hermana);SI;2
468;PD;PD-468;2TTx28;-2,915;-1,699;3,374;30,2;PD-471-0;NO;2;1,913;3,487;33,3;PD-468-0 (hermana);SI;2
469;PD;PD-469;2TTx56;1,643;-1,513;2,234;137,4;PD-469-1 (hermana);SI;2;2,2;2,745;126,8;PD-466-1;NO;2
470;PD;PD-470;2TTx56;-1,584;-0,762;1,757;25,7;PD-470-1 (hermana);SI;2;2,078;2,613;52,7;PD-467-1;NO;2
471;PD;PD-471;2TTx28;-3,124;-1,797;3,604;29,9;PD-471-1 (hermana);SI;1;1,797;3,604;29,9;PD-471-0 (hermana);SI;2
472;PD;PD-472;2TTx28;2,716;-6,246;6,811;113,5;PD-475-0;NO;2;6,337;6,895;113,2;PD-472-0 (hermana);SI;1
473;PD;PD-473;2TTx56;1,607;-2,446;2,926;123,3;PD-473-1 (hermana);SI;2;2,516;2,985;122,6;PD-469-1;NO;2
474;PD;PD-474;2TTx56;-1,458;-1,501;2,092;45,8;PD-477-0;NO;2;3,201;3,517;65,5;PD-474-0 (hermana);SI;2
475;PD;PD-475;2TTx42;1,81;-7,022;7,252;104,5;PD-475-1 (hermana);SI;2;7,022;7,252;104,5;PD-475-0 (hermana);SI;2
476;PD;PD-476;2TTx56;1,413;-1,608;2,141;131,3;PD-476-1 (hermana);SI;2;2,734;3,078;117,3;PD-473-1;NO;2
477;PD;PD-477;2TTx56;-1,045;-2,1;2,346;63,6;PD-481-0;NO;2;2,25;2,481;65,1;PD-477-0 (hermana);SI;2
478;PD;PD-478;2TTx56;1,086;-5,848;5,948;100,5;PD-478-1 (hermana);SI;2;8,804;8,871;97,0;PD-475-1;NO;2
479;PD;PD-479;2TTx42;-5,552;-0,274;5,558;2,8;PD-483-0;NO;2;0,452;5,57;4,7;PD-479-0 (hermana);SI;1
480;PD;PD-480;2TTx56;1,216;-1,979;2,323;121,6;PD-484-0;NO;2;3,297;3,514;110,2;PD-476-1;NO;2
481;PD;PD-481;2TTx56;-0,884;-1,209;1,497;53,8;PD-485-0;NO;2;3,127;3,249;74,2;PD-481-0 (hermana);SI;2
482;PD;PD-482;2TTx56;1,126;-4,98;5,105;102,7;PD-482-1 (hermana);SI;2;6,445;6,542;99,9;PD-478-1;NO;2
483;PD;PD-483;2TTx56;-4,844;0,091;4,845;358,9;PD-483-1 (hermana);SI;2;0,274;4,852;3,2;PD-479-1;NO;2
484;PD;PD-484;2TTx56;1,139;-2,834;3,054;111,9;PD-489-0;NO;2;3,085;3,289;110,3;PD-484-0 (hermana);SI;2
485;PD;PD-485;2TTx56;-0,683;-2,346;2,444;73,8;PD-485-1 (hermana);SI;2;2,346;2,444;73,8;PD-485-0 (hermana);SI;2
486;PD;PD-486;2TTx56;1,298;-4,278;4,47;106,9;PD-492-0;NO;3;6,208;6,342;101,8;PD-486-0 (hermana);SI;2
487;PD;PD-487;2TTx28;-1,891;-0,725;2,025;21,0;PD-487-1 (hermana);SI;2;0,725;2,025;21,0;PD-487-0 (hermana);SI;1
488;PD;PD-488;2TTx56;-4,54;-0,388;4,556;4,9;PD-494-0;NO;2;1,231;4,704;15,2;PD-488-0 (hermana);SI;2
489;PD;PD-489;2TTx56;1,142;-2,359;2,621;115,8;PD-489-1 (hermana);SI;2;2,834;3,055;112,0;PD-484-1;NO;2
490;PD;PD-490;2TTx56;-0,542;-2,31;2,372;76,8;PD-490-1 (hermana);SI;2;2,373;2,434;77,1;PD-485-1;NO;2
491;PD;PD-491;2TTx56;1,62;-5,004;5,259;107,9;PD-491-1 (hermana);SI;2;5,004;5,259;107,9;PD-491-0 (hermana);SI;2
492;PD;PD-492;2TTx42;-2,432;-3,242;4,052;53,1;PD-492-1 (hermana);SI;2;4,278;4,921;60,4;PD-486-1;NO;2
493;PD;PD-493;2TTx28;-2,389;-1,233;2,689;27,3;PD-499-0;NO;2;2,186;3,238;42,5;PD-493-0 (hermana);SI;2
494;PD;PD-494;2TTx56;-4,038;-0,535;4,073;7,5;PD-494-1 (hermana);SI;2;0,535;4,073;7,5;PD-494-0 (hermana);SI;2
495;PD;PD-495;2TTx56;1,045;-1,501;1,829;124,9;PD-501-0;NO;2;3,028;3,204;109,0;PD-489-1;NO;2
496;PD;PD-496;2TTx56;-0,485;-2,072;2,128;76,8;PD-496-1 (hermana);SI;2;2,899;2,939;80,5;PD-490-1;NO;2
497;PD;PD-497;2TTx56;1,324;-2,969;3,251;114,0;PD-497-1 (hermana);SI;2;5,054;5,224;104,7;PD-491-1;NO;2
498;PD;PD-498;2TTx42;-1,971;-4,235;4,671;65,0;PD-498-1 (hermana);SI;2;4,491;4,904;66,3;PD-492-1;NO;2
499;PD;PD-499;2TTx28;-2,501;-0,136;2,505;3,1;PD-505-0;NO;2;1,248;2,795;26,5;PD-499-0 (hermana);SI;2
500;PD;PD-500;2TTx56;-3,832;-0,168;3,836;2,5;PD-500-1 (hermana);SI;3;0,599;3,879;8,9;PD-494-1;NO;2
501;PD;PD-501;2TTx56;0,821;-2,272;2,416;109,9;PD-506-0;NO;2;3,113;3,22;104,8;PD-501-0 (hermana);SI;2
502;PD;PD-502;2TTx56;-0,489;-2,377;2,427;78,4;PD-508-0;NO;2;3,482;3,517;82,0;PD-496-1;NO;2
503;PD;PD-503;2TTx56;0,57;-3,075;3,128;100,5;PD-503-1 (hermana);SI;3;3,649;3,694;98,9;PD-497-1;NO;2
504;PD;PD-504;2TTx56;-1,616;-2,14;2,682;52,9;PD-511-0;NO;3;5,777;5,999;74,4;PD-498-1;NO;2
505;PD;PD-505;2TTx56;-2,958;-1,002;3,123;18,7;PD-505-1 (hermana);SI;2;1,057;3,141;19,7;PD-500-1;NO;3
506;PD;PD-506;2TTx56;0,968;-1,371;1,678;125,2;PD-513-0;NO;3;2,272;2,47;113,1;PD-501-1;NO;2
507;PD;PD-507;2TTx56;-4,177;0,726;4,24;350,1;PD-507-1 (hermana);SI;2;0,684;4,233;9,3;PD-500-1;NO;2
508;PD;PD-508;2TTx56;-0,594;-2,427;2,499;76,2;PD-508-1 (hermana);SI;2;2,427;2,499;76,2;PD-508-0 (hermana);SI;2
509;PD;PD-509;2TTx28;-0,64;-0,97;1,162;56,6;PD-509-1 (hermana);SI;1;5,653;5,689;83,5;PD-503-1;NO;2
510;PD;PD-510;2TTx28;-0,393;-5,782;5,796;86,1;PD-510-1 (hermana);SI;2;6,238;6,25;86,4;PD-503-1;NO;3
511;PD;PD-511;2TTx42;-2,081;-4,29;4,768;64,1;PD-517-0;NO;2;5,183;5,585;68,1;PD-511-0 (hermana);SI;2
512;PD;PD-512;2TTx56;-2,723;-1,067;2,924;21,4;PD-512-1 (hermana);SI;2;1,325;3,028;26,0;PD-505-1;NO;2
513;PD;PD-513;2TTx42;1,342;-2,191;2,569;121,5;PD-513-1 (hermana);SI;2;2,191;2,569;121,5;PD-513-0 (hermana);SI;2
514;PD;PD-514;2TTx56;-4,184;1,314;4,385;342,6;PD-520-0;NO;3;0,12;4,185;1,6;PD-514-0 (hermana);SI;2
515;PD;PD-515;2TTx56;-0,525;-1,811;1,885;73,8;PD-515-1 (hermana);SI;2;3,826;3,862;82,2;PD-508-1;NO;3
516;PD;PD-516;2TTx28;0,093;-4,512;4,513;91,2;PD-522-0;NO;2;6,255;6,256;90,8;PD-510-1;NO;2
517;PD;PD-517;2TTx42;-1,5;-3,006;3,359;63,5;PD-517-1 (hermana);SI;2;4,29;4,544;70,7;PD-511-1;NO;2
518;PD;PD-518;2TTx56;-2,62;-0,459;2,66;9,9;PD-518-1 (hermana);SI;2;3,395;4,289;52,3;PD-512-1;NO;3
519;PD;PD-519;2TTx42;1,155;-2,011;2,319;119,9;PD-525-0;NO;2;2,967;3,184;111,3;PD-513-1;NO;2
520;PD;PD-520;2TTx56;-4,015;0,379;4,033;354,6;PD-520-1 (hermana);SI;2;-0,379;4,033;354,6;PD-520-0 (hermana);SI;2
521;PD;PD-521;2TTx56;-0,382;-2,557;2,586;81,5;PD-521-1 (hermana);SI;2;3,295;3,317;83,4;PD-515-1;NO;2
522;PD;PD-522;2TTx28;0,451;-2,997;3,031;98,6;PD-528-0;NO;2;4,699;4,721;95,5;PD-522-0 (hermana);SI;2
523;PD;PD-523;2TTx42;-1,31;-3,348;3,596;68,6;PD-523-1 (hermana);SI;2;4,405;4,596;73,4;PD-517-1;NO;2
524;PD;PD-524;2TTx56;-2,385;-0,168;2,39;4,0;PD-530-0;NO;3;2,697;3,6;48,5;PD-518-1;NO;2
525;PD;PD-525;2TTx42;0,989;-2,288;2,493;113,4;PD-525-1 (hermana);SI;2;2,288;2,493;113,4;PD-525-0 (hermana);SI;2
526;PD;PD-526;2TTx56;-3,589;0,907;3,702;345,8;PD-533-0;NO;3;1,574;3,919;23,7;PD-526-0 (hermana);SI;2
527;PD;PD-527;2TTx56;-0,412;-2,681;2,712;81,3;PD-527-1 (hermana);SI;3;3,38;3,405;83,0;PD-521-1;NO;2
528;PD;PD-528;2TTx56;-0,444;-2,126;2,172;78,2;PD-528-1 (hermana);SI;2;2,997;3,03;81,6;PD-522-1;NO;2
529;PD;PD-529;2TTx42;-0,973;-3,894;4,014;76,0;PD-529-1 (hermana);SI;2;4,391;4,497;77,5;PD-523-1;NO;2
530;PD;PD-530;2TTx28;-2,207;-1,375;2,6;31,9;PD-530-1 (hermana);SI;2;1,375;2,6;31,9;PD-530-0 (hermana);SI;2
531;PD;PD-531;2TTx56;-2,858;-1,366;3,167;25,5;PD-531-1 (hermana);SI;2;1,366;3,167;25,5;PD-531-0 (hermana);SI;3
532;PD;PD-532;2TTx56;0,693;-1,811;1,939;110,9;PD-532-1 (hermana);SI;2;4,711;4,761;98,4;PD-525-1;NO;3
533;PD;PD-533;2TTx42;-3,673;-0,794;3,758;12,2;PD-533-1 (hermana);SI;2;0,794;3,758;12,2;PD-533-0 (hermana);SI;2
534;PD;PD-534;2TTx28;-0,622;-1,246;1,393;63,5;PD-534-1 (hermana);SI;2;2,846;2,913;77,7;PD-527-1;NO;2
535;PD;PD-535;2TTx56;-1,561;-0,546;1,654;19,3;PD-540-0;NO;2;3,92;4,219;68,3;PD-528-1;NO;2
536;PD;PD-536;2TTx42;-0,305;-3,457;3,47;85,0;PD-541-0;NO;2;5,347;5,356;86,7;PD-529-1;NO;2
537;PD;PD-537;2TTx28;-2,234;-1,019;2,455;24,5;PD-542-0;NO;2;2,685;3,492;50,2;PD-530-1;NO;2
538;PD;PD-538;2TTx56;-2,863;-1,507;3,236;27,8;PD-538-1 (hermana);SI;3;2,712;3,944;43,5;PD-531-1;NO;2
539;PD;PD-539;2TTx42;-3,479;-0,751;3,56;12,2;PD-544-0;NO;3;1,512;3,794;23,5;PD-533-1;NO;2
540;PD;PD-540;2TTx56;-2,312;-0,641;2,399;15,5;PD-540-1 (hermana);SI;2;0,641;2,399;15,5;PD-540-0 (hermana);SI;2
541;PD;PD-541;2TTx42;-0,596;-2,392;2,465;76,0;PD-541-1 (hermana);SI;1;3,457;3,508;80,2;PD-536-1;NO;2
542;PD;PD-542;2TTx28;-2,932;-1,198;3,168;22,2;PD-542-1 (hermana);SI;2;3,179;4,325;47,3;PD-538-1;NO;3
543;PD;PD-543;2TTx56;-2,927;-2,343;3,749;38,7;PD-547-0;NO;2;2,885;4,11;44,6;PD-543-0 (hermana);SI;3
544;PD;PD-544;2TTx42;-2,956;-0,904;3,091;17,0;PD-548-0;NO;2;1,658;3,389;29,3;PD-544-0 (hermana);SI;2
545;PD;PD-545;2TTx56;-2,943;1,11;3,145;339,3;PD-545-1 (hermana);SI;1;1,527;3,315;27,4;PD-540-1;NO;2
546;PD;PD-546;2TTx28;-3,198;-0,91;3,325;15,9;PD-549-0;NO;2;1,406;3,494;23,7;PD-542-1;NO;2
547;PD;PD-547;2TTx56;-3,02;0,035;3,02;359,3;PD-550-0;NO;2;2,343;3,823;37,8;PD-543-1;NO;2
548;PD;PD-548;2TTx42;-2,491;-0,528;2,546;12,0;PD-551-0;NO;2;0,904;2,65;19,9;PD-544-1;NO;2
549;PD;PD-549;2TTx28;-2,881;-1,306;3,163;24,4;PD-553-0;NO;2;1,978;3,495;34,5;PD-549-0 (hermana);SI;2
550;PD;PD-550;2TTx56;-3,058;-1,606;3,454;27,7;PD-554-0;NO;3;2,434;3,908;38,5;PD-550-0 (hermana);SI;2
551;PD;PD-551;2TTx42;-2,331;-1,464;2,753;32,1;PD-551-1 (hermana);SI;2;1,464;2,753;32,1;PD-551-0 (hermana);SI;2
552;PD;PD-552;2TTx56;-6,439;1,384;6,586;347,9;PD-555-0;NO;2;-0,778;6,486;353,1;PD-552-0 (hermana);SI;1
553;PD;PD-553;2TTx56;-3,255;-2,373;4,028;36,1;PD-556-0;NO;2;3,352;4,672;45,8;PD-550-1;NO;3
554;PD;PD-554;2TTx56;-2,309;-2,186;3,18;43,4;PD-554-1 (hermana);SI;2;2,186;3,18;43,4;PD-554-0 (hermana);SI;3
555;PD;PD-555;2TTx56;-6,299;0,127;6,3;358,8;PD-555-1 (hermana);SI;2;-0,127;6,3;358,8;PD-555-0 (hermana);SI;2
556;PD;PD-556;2TTx56;-2,868;-2,058;3,53;35,7;PD-559-0;NO;2;2,373;3,722;39,6;PD-553-1;NO;2
557;PD;PD-557;2TTx56;-2,441;-1,416;2,822;30,1;PD-557-1 (hermana);SI;2;3,058;3,913;51,4;PD-554-1;NO;2
558;PD;PD-558;2TTx56;-5,897;-0,696;5,938;6,7;PD-558-1 (hermana);SI;2;1,041;5,988;10,0;PD-555-1;NO;2
559;PD;PD-559;2TTx56;-3,043;-2,101;3,698;34,6;PD-559-1 (hermana);SI;2;2,101;3,698;34,6;PD-559-0 (hermana);SI;2
560;PD;PD-560;2TTx56;-2,648;-2,092;3,375;38,3;PD-563-0;NO;2;3,593;4,463;53,6;PD-557-1;NO;2
561;PD;PD-561;2TTx56;-5,417;-0,91;5,493;9,5;PD-561-1 (hermana);SI;2;1,254;5,561;13,0;PD-558-1;NO;2
562;PD;PD-562;2TTx56;-2,945;-2,441;3,825;39,7;PD-562-1 (hermana);SI;2;2,48;3,85;40,1;PD-559-1;NO;2
563;PD;PD-563;2TTx42;-2,695;-3,332;4,286;51,0;PD-563-1 (hermana);SI;2;3,332;4,286;51,0;PD-563-0 (hermana);SI;2
564;PD;PD-564;2TTx56;-4,959;0,31;4,968;356,4;PD-568-0;NO;2;1,794;5,273;19,9;PD-561-1;NO;2
565;PD;PD-565;2TTx28;-3,607;-1,04;3,754;16,1;PD-569-0;NO;2;1,071;3,763;16,5;PD-565-0 (hermana);SI;1
566;PD;PD-566;2TTx42;-2,907;-1,376;3,216;25,3;PD-566-1 (hermana);SI;2;2,692;3,962;42,8;PD-562-1;NO;2
567;PD;PD-567;2TTx28;-3,597;-4,429;5,706;50,9;PD-571-0;NO;2;5,066;6,214;54,6;PD-567-0 (hermana);SI;2
568;PD;PD-568;2TTx56;-4,871;-0,064;4,871;0,8;PD-568-1 (hermana);SI;2;0,064;4,871;0,8;PD-568-0 (hermana);SI;2
569;PD;PD-569;2TTx28;-3,661;-1,521;3,964;22,6;PD-573-0;NO;2;2,127;4,234;30,2;PD-569-0 (hermana);SI;2
570;PD;PD-570;2TTx42;-2,387;-1,431;2,783;30,9;PD-570-1 (hermana);SI;1;2,264;3,29;43,5;PD-566-1;NO;2
571;PD;PD-571;2TTx28;-4,766;-1,471;4,988;17,2;PD-574-0;NO;2;4,429;6,506;42,9;PD-567-1;NO;2
572;PD;PD-572;2TTx56;-4,79;0,037;4,791;359,6;PD-572-1 (hermana);SI;2;0,464;4,813;5,5;PD-568-1;NO;2
573;PD;PD-573;2TTx28;-2,973;0,116;2,975;357,8;PD-576-0;NO;2;1,521;3,339;27,1;PD-569-1;NO;2
574;PD;PD-574;2TTx42;-4,074;-4,545;6,103;48,1;PD-574-1 (hermana);SI;2;4,545;6,103;48,1;PD-574-0 (hermana);SI;2
575;PD;PD-575;2TTx56;-4,523;-0,139;4,525;1,8;PD-575-1 (hermana);SI;2;1,031;4,639;12,8;PD-572-1;NO;2
576;PD;PD-576;2TTx28;-3,114;2,795;4,184;318,1;PD-579-0;NO;2;-0,116;3,116;357,9;PD-573-1;NO;2
577;PD;PD-577;2TTx42;-4,65;-3,769;5,986;39,0;PD-580-0;NO;2;5,575;7,259;50,2;PD-574-1;NO;2
578;PD;PD-578;2TTx56;-4,228;-1,1;4,368;14,6;PD-578-1 (hermana);SI;3;1,814;4,6;23,2;PD-575-1;NO;2
579;PD;PD-579;2TTx28;-3,765;2,51;4,525;326,3;PD-579-1 (hermana);SI;2;-2,51;4,525;326,3;PD-579-0 (hermana);SI;2
580;PD;PD-580;2TTx42;-5,084;-3,786;6,339;36,7;PD-580-1 (hermana);SI;2;3,786;6,339;36,7;PD-580-0 (hermana);SI;2
581;PD;PD-581;2TTx42;-4,688;-1,742;5,001;20,4;PD-581-1 (hermana);SI;2;1,742;5,001;20,4;PD-581-0 (hermana);SI;2
582;PD;PD-582;2TTx56;-3,113;0,89;3,238;344,0;PD-582-1 (hermana);SI;2;1,823;3,608;30,4;PD-578-1;NO;3
583;PD;PD-583;2TTx42;-5,043;-4,882;7,019;44,1;PD-583-1 (hermana);SI;2;5,155;7,211;45,6;PD-580-1;NO;2
584;PD;PD-584;2TTx42;-3,804;-2,111;4,35;29,0;PD-584-1 (hermana);SI;2;2,709;4,67;35,5;PD-581-1;NO;2
585;PD;PD-585;2TTx56;-3,117;-0,873;3,237;15,7;PD-588-0;NO;2;1,047;3,288;18,6;PD-585-0 (hermana);SI;2
586;PD;PD-586;2TTx28;-3,971;-2,719;4,812;34,4;PD-586-1 (hermana);SI;1;6,381;7,515;58,1;PD-583-1;NO;2
587;PD;PD-587;2TTx42;-3,265;-1,63;3,649;26,5;PD-589-0;NO;2;2,268;3,975;34,8;PD-587-0 (hermana);SI;2
588;PD;PD-588;2TTx56;-3,067;-0,665;3,139;12,2;PD-588-1 (hermana);SI;2;0,873;3,189;15,9;PD-585-1;NO;2
589;PD;PD-589;2TTx42;-2,65;-1,743;3,172;33,3;PD-589-1 (hermana);SI;2;1,743;3,172;33,3;PD-589-0 (hermana);SI;2
590;PD;PD-590;2TTx56;-3,116;-0,925;3,25;16,5;PD-592-0;NO;2;1,234;3,351;21,6;PD-588-1;NO;2
591;PD;PD-591;2TTx42;-2,643;-1,451;3,016;28,8;PD-591-1 (hermana);SI;2;3,784;4,616;55,1;PD-589-1;NO;2
592;PD;PD-592;2TTx56;-2,864;-0,72;2,953;14,1;PD-592-1 (hermana);SI;2;0,925;3,009;17,9;PD-590-1;NO;2
593;PD;PD-593;2TTx42;-2,51;-2,938;3,864;49,5;PD-593-1 (hermana);SI;2;2,938;3,864;49,5;PD-593-0 (hermana);SI;2
594;PD;PD-594;2TTx56;-2,809;-2,377;3,68;40,2;PD-594-1 (hermana);SI;2;2,377;3,68;40,2;PD-594-0 (hermana);SI;2
595;PD;PD-595;2TTx28;-2,098;-3,28;3,893;57,4;PD-597-0;NO;2;3,29;3,901;57,5;PD-595-0 (hermana);SI;2
596;PD;PD-596;2TTx56;-2,567;-1,793;3,131;34,9;PD-596-1 (hermana);SI;2;3,54;4,373;54,1;PD-594-1;NO;2
597;PD;PD-597;2TTx56;-2,581;-3,487;4,338;53,5;PD-598-0;NO;2;3,727;4,533;55,3;PD-597-0 (hermana);SI;3
598;PD;PD-598;2TTx42;-2,263;-3,009;3,765;53,1;PD-598-1 (hermana);SI;1;3,487;4,157;57,0;PD-597-1;NO;2
