fila;punto;X;Y;Z_entregada;Z_esperada;desvio_m;alcance;llega_al_modelo
TR-02_1-059-W;18137;201366.923;8162220.836;1616.694;1579.604;+37.09;media fila (una mesa);no (descartada antes en la asignacion)
TR-02_1-059-W;18138;201366.929;8162220.077;1616.710;1579.610;+37.10;media fila (una mesa);no (descartada antes en la asignacion)
TR-02_2-059-W;18139;201627.287;8162220.971;1622.605;1585.295;+37.31;media fila (una mesa);no (descartada antes en la asignacion)
TR-02_2-059-W;18274;201627.279;8162220.008;1622.616;1585.296;+37.32;media fila (una mesa);no (descartada antes en la asignacion)
TR-03_2-004-W;8701;201036.457;8163055.141;1602.963;1566.113;+36.85;fila entera;si
TR-03_2-004-W;8702;201036.460;8163091.839;1602.414;1565.764;+36.65;fila entera;si
TR-03_2-004-W;8703;201036.468;8163092.895;1602.393;1565.763;+36.63;fila entera;si
TR-03_2-004-W;8704;201036.433;8163129.547;1600.840;1563.570;+37.27;fila entera;si
TR-03_2-015-E;8947;201092.309;8163054.377;1604.416;1567.326;+37.09;media fila (una mesa);no (descartada antes en la asignacion)
TR-03_2-061-E;18266;201166.635;8162856.119;1606.436;1569.656;+36.78;media fila (una mesa);no (descartada antes en la asignacion)
TR-03_2-063-E;10500;201191.418;8162892.995;1606.661;1570.371;+36.29;media fila (una mesa);no (descartada antes en la asignacion)
TR-03_2-076-E;10290;201104.694;8162817.873;1604.759;1567.929;+36.83;media fila (una mesa);no (descartada antes en la asignacion)
TR-03_2-086-E;10592;201228.647;8162817.871;1607.782;1570.902;+36.88;media fila (una mesa);no (descartada antes en la asignacion)
TR-03_2-108-W;10639;201247.212;8162668.452;1609.042;1572.022;+37.02;media fila (una mesa);no (descartada antes en la asignacion)
TR-04_2-066-E;4184;200732.832;8162290.851;1600.168;1563.248;+36.92;media fila (una mesa);no (descartada antes en la asignacion)
TR-04_2-066-W;4185;200726.627;8162290.840;1600.077;1563.207;+36.87;media fila (una mesa);no (descartada antes en la asignacion)
TR-05_1-035-W;5146;201601.495;8162742.911;1617.327;1580.627;+36.70;media fila (una mesa);no (descartada antes en la asignacion)
TR-06_1-005-E;18225;200906.287;8163130.141;1599.940;1562.930;+37.01;fila entera;si
TR-06_1-005-E;18229;200906.411;8163167.556;1598.777;1562.597;+36.18;fila entera;si
TR-06_1-005-E;18230;200906.341;8163166.882;1598.782;1562.602;+36.18;fila entera;si
TR-06_1-005-E;18231;200906.299;8163204.548;1598.807;1562.047;+36.76;fila entera;si
TR-06_1-006-E;9575;200918.727;8163204.565;1599.421;1562.821;+36.60;media fila (una mesa);no (descartada antes en la asignacion)
TR-06_1-006-W;18226;200912.436;8163130.248;1599.985;1562.935;+37.05;fila entera;si
TR-06_1-006-W;18227;200912.460;8163167.057;1598.800;1562.660;+36.14;fila entera;si
TR-06_1-006-W;18228;200912.480;8163167.941;1598.788;1562.668;+36.12;fila entera;si
TR-06_1-006-W;18232;200912.443;8163204.686;1599.259;1562.369;+36.89;fila entera;si
TR-06_1-018-E;9559;200906.317;8163129.458;1599.863;1562.923;+36.94;media fila (una mesa);no (descartada antes en la asignacion)
TR-06_1-028-W;9379;200800.920;8162979.998;1597.279;1560.559;+36.72;media fila (una mesa);no (descartada antes en la asignacion)
TR-06_1-029-W;9395;200813.306;8162980.042;1597.672;1560.992;+36.68;media fila (una mesa);no (descartada antes en la asignacion)
TR-06_1-033-E;9487;200869.054;8163054.311;1600.122;1563.692;+36.43;media fila (una mesa);no (descartada antes en la asignacion)
TR-06_1-040-W;9659;200949.694;8162980.087;1601.631;1564.941;+36.69;fila entera;si
TR-06_1-040-W;9660;200949.656;8163016.791;1601.185;1564.545;+36.64;fila entera;si
TR-06_1-040-W;9661;200949.633;8163017.838;1601.170;1564.550;+36.62;fila entera;si
TR-06_1-040-W;9662;200949.746;8163054.610;1600.746;1564.246;+36.50;fila entera;si
TR-06_1-053-E;18239;200893.802;8162942.338;1600.365;1563.825;+36.54;media fila (una mesa);no (descartada antes en la asignacion)
TR-06_1-053-E;18240;200893.792;8162941.678;1600.341;1563.831;+36.51;media fila (una mesa);no (descartada antes en la asignacion)
TR-06_1-054-E;18243;200906.271;8162941.652;1600.306;1564.066;+36.24;media fila (una mesa);no (descartada antes en la asignacion)
TR-06_1-054-E;18244;200906.289;8162942.282;1600.333;1564.073;+36.26;media fila (una mesa);no (descartada antes en la asignacion)
TR-06_1-054-W;18241;200900.046;8162942.665;1600.149;1563.999;+36.15;media fila (una mesa);no (descartada antes en la asignacion)
TR-06_1-054-W;18242;200900.024;8162941.782;1600.166;1564.006;+36.16;media fila (una mesa);no (descartada antes en la asignacion)
TR-06_1-055-W;18245;200912.476;8162941.687;1600.225;1564.335;+35.89;media fila (una mesa);no (descartada antes en la asignacion)
TR-06_1-055-W;18246;200912.451;8162942.508;1600.243;1564.343;+35.90;media fila (una mesa);no (descartada antes en la asignacion)
TR-06_1-060-W;18247;200974.453;8162904.918;1602.041;1565.241;+36.80;media fila (una mesa);no (descartada antes en la asignacion)
TR-06_1-064-W;15524;200813.336;8162893.163;1598.161;1561.541;+36.62;media fila (una mesa);no (descartada antes en la asignacion)
TR-06_1-066-E;9767;200844.343;8162893.019;1598.036;1562.306;+35.73;media fila (una mesa);no (descartada antes en la asignacion)
TR-06_1-074-W;9971;200937.311;8162818.729;1600.405;1563.875;+36.53;media fila (una mesa);no (descartada antes en la asignacion)
TR-06_1-074-W;9972;200937.281;8162855.388;1601.862;1564.772;+37.09;media fila (una mesa);no (descartada antes en la asignacion)
TR-06_1-074-W;9973;200937.276;8162856.432;1601.873;1564.773;+37.10;media fila (una mesa);no (descartada antes en la asignacion)
TR-06_2-015-E;18234;200732.730;8163054.340;1596.876;1560.366;+36.51;media fila (una mesa);no (descartada antes en la asignacion)
TR-06_2-015-E;18237;200732.800;8163017.380;1596.258;1560.118;+36.14;media fila (una mesa);no (descartada antes en la asignacion)
TR-06_2-015-E;18238;200732.771;8163016.670;1596.237;1560.117;+36.12;media fila (una mesa);no (descartada antes en la asignacion)
TR-06_2-015-W;9291;200726.600;8162980.047;1595.660;1559.040;+36.62;media fila (una mesa);si
TR-06_2-015-W;9292;200726.590;8163016.799;1595.932;1560.022;+35.91;media fila (una mesa);si
TR-06_2-016-W;18233;200738.935;8163054.472;1597.013;1560.623;+36.39;media fila (una mesa);no (descartada antes en la asignacion)
TR-06_2-016-W;18235;200738.952;8163017.696;1596.529;1560.129;+36.40;media fila (una mesa);no (descartada antes en la asignacion)
TR-06_2-016-W;18236;200738.940;8163016.809;1596.516;1560.136;+36.38;media fila (una mesa);no (descartada antes en la asignacion)
TR-08_1-001-E;10934;200569.757;8164269.476;1587.705;1551.145;+36.56;fila entera;si
TR-08_1-001-E;10935;200569.743;8164232.795;1588.212;1552.142;+36.07;fila entera;si
TR-08_1-001-E;10936;200569.698;8164231.786;1588.219;1552.139;+36.08;fila entera;si
TR-08_1-001-E;10937;200569.750;8164195.124;1588.989;1551.959;+37.03;fila entera;si
TR-08_1-002-W;10946;200575.979;8164195.149;1588.756;1552.016;+36.74;fila entera;si
TR-08_1-002-W;10947;200575.949;8164231.863;1588.701;1552.141;+36.56;fila entera;si
TR-08_1-002-W;10948;200575.902;8164232.883;1588.658;1552.138;+36.52;fila entera;si
TR-08_1-002-W;10949;200576.034;8164269.671;1587.630;1551.600;+36.03;fila entera;si
TR-08_2-001-E;11016;200347.008;8164231.144;1583.897;1548.607;+35.29;media fila (una mesa);no (descartada antes en la asignacion)
TR-08_2-002-E;11032;200359.418;8164231.128;1584.659;1548.739;+35.92;media fila (una mesa);no (descartada antes en la asignacion)
TR-08_2-003-W;11036;200365.634;8164193.687;1584.199;1547.459;+36.74;media fila (una mesa);no (descartada antes en la asignacion)
TR-08_2-019-E;11000;200322.281;8164192.816;1583.045;1546.825;+36.22;media fila (una mesa);no (descartada antes en la asignacion)
TR-08_2-033-W;10695;200291.053;8164033.369;1579.162;1542.792;+36.37;fila entera;si
TR-08_2-033-W;10696;200291.028;8164070.045;1580.324;1543.584;+36.74;fila entera;si
TR-08_2-033-W;10697;200291.012;8164071.083;1580.352;1543.582;+36.77;fila entera;si
TR-08_2-033-W;10698;200291.102;8164107.821;1581.166;1544.446;+36.72;fila entera;si
TR-08_2-039-E;10795;200371.617;8164107.644;1581.775;1545.675;+36.10;media fila (una mesa);no (descartada antes en la asignacion)
TR-08_2-071-E;18114;200260.028;8163845.224;1578.069;1542.629;+35.44;fila entera;si
TR-08_2-071-E;18270;200259.975;8163919.640;1579.594;1543.764;+35.83;fila entera;si
TR-08_2-071-E;18271;200260.064;8163881.914;1579.325;1543.365;+35.96;fila entera;si
TR-08_2-071-E;18286;200260.051;8163882.882;1579.325;1543.365;+35.96;fila entera;si
TR-08_2-102-E;11240;200309.629;8163844.522;1579.803;1542.993;+36.81;media fila (una mesa);no (descartada antes en la asignacion)
TR-09_1-028-E;8871;199974.891;8164070.833;1572.015;1535.055;+36.96;media fila (una mesa);no (descartada antes en la asignacion)
TR-09_1-032-E;9103;200024.478;8164107.659;1573.342;1537.202;+36.14;fila entera;si
TR-09_1-032-E;9104;200024.536;8164070.705;1573.298;1536.908;+36.39;fila entera;si
TR-09_1-032-E;9105;200024.548;8164070.066;1573.306;1536.906;+36.40;fila entera;si
TR-09_1-032-E;9106;200024.557;8164033.341;1573.243;1536.683;+36.56;fila entera;si
TR-09_1-043-E;8405;199826.181;8164032.492;1568.427;1531.757;+36.67;media fila (una mesa);no (descartada antes en la asignacion)
TR-09_1-044-E;8437;199838.579;8164032.548;1568.685;1532.165;+36.52;media fila (una mesa);si
TR-09_1-044-E;8438;199838.563;8163995.806;1568.732;1532.002;+36.73;media fila (una mesa);si
TR-09_1-047-E;8533;199875.756;8164032.518;1569.474;1533.144;+36.33;media fila (una mesa);no (descartada antes en la asignacion)
TR-09_1-059-E;9107;200024.546;8164032.534;1573.342;1536.682;+36.66;media fila (una mesa);no (descartada antes en la asignacion)
TR-09_1-071-E;8441;199838.594;8163957.407;1568.648;1531.838;+36.81;media fila (una mesa);no (descartada antes en la asignacion)
TR-09_1-080-W;8797;199943.955;8163883.111;1570.850;1534.300;+36.55;fila entera;si
TR-09_1-080-W;8798;199943.954;8163919.867;1570.379;1533.839;+36.54;fila entera;si
TR-09_1-080-W;8799;199943.955;8163920.839;1570.383;1533.843;+36.54;fila entera;si
TR-09_1-080-W;8800;199943.954;8163957.569;1570.458;1533.858;+36.60;fila entera;si
TR-09_2-058-W;8389;199782.802;8164033.363;1567.442;1530.562;+36.88;media fila (una mesa);no (descartada antes en la asignacion)
TR-09_2-059-W;8397;199795.258;8164033.323;1567.633;1531.223;+36.41;media fila (una mesa);no (descartada antes en la asignacion)
TR-10_2-077-E;2918;199045.285;8163995.784;1549.324;1513.294;+36.03;media fila (una mesa);no (descartada antes en la asignacion)
TR-10_2-086-E;3071;199156.918;8164032.189;1550.808;1515.798;+35.01;media fila (una mesa);no (descartada antes en la asignacion)
TR-10_2-123-E;3139;199206.458;8163845.431;1552.781;1516.561;+36.22;media fila (una mesa);no (descartada antes en la asignacion)
