2026-08-07 06:05:10;Group 1 sent to AUTO by "admin (Administrator)" from the web interface
2026-08-07 06:05:14;Group 1 sent to OFF by "admin (Administrator)" from the web interface
2026-08-07 06:05:14;Sent 6 out of 6 trackers to AUTO mode
2026-08-07 06:05:16;Sent 6 out of 6 trackers to OFF mode
2026-08-07 06:27:51;Position 7 enabled for group 1 by "admin (Administrator)" from the web interface
2026-08-07 06:27:53;Position 7 enabled for group 2 by "admin (Administrator)" from the web interface
2026-08-07 06:27:58;Position 7 enabled for group 3 by "admin (Administrator)" from the web interface
2026-08-07 06:27:58;Requesting safe position 7, wind_from_east: 0, for TCU 1. Reason: Request from group
2026-08-07 06:27:59;Requesting safe position 7, wind_from_east: 0, for TCU 2. Reason: Request from group
2026-08-07 06:27:59;Requesting safe position 7, wind_from_east: 0, for TCU 3. Reason: Request from group
2026-08-07 06:28:00;Requesting safe position 7, wind_from_east: 0, for TCU 4. Reason: Request from group
2026-08-07 06:28:00;Requesting safe position 7, wind_from_east: 0, for TCU 5. Reason: Request from group
2026-08-07 06:28:00;Position 7 enabled for group 4 by "admin (Administrator)" from the web interface
2026-08-07 06:28:00;Requesting safe position 7, wind_from_east: 0, for TCU 6. Reason: Request from group
2026-08-07 06:28:01;Requesting safe position 7, wind_from_east: 0, for TCU 7. Reason: Request from group
2026-08-07 06:28:01;Requesting safe position 7, wind_from_east: 0, for TCU 8. Reason: Request from group
2026-08-07 06:28:01;Requesting safe position 7, wind_from_east: 0, for TCU 9. Reason: Request from group
2026-08-07 06:28:01;Requesting safe position 7, wind_from_east: 0, for TCU 12. Reason: Request from group
2026-08-07 06:28:02;Requesting safe position 7, wind_from_east: 0, for TCU 13. Reason: Request from group
2026-08-07 06:28:02;Position 7 enabled for group 5 by "admin (Administrator)" from the web interface
2026-08-07 06:28:02;Requesting safe position 7, wind_from_east: 0, for TCU 14. Reason: Request from group
2026-08-07 06:28:02;Requesting safe position 7, wind_from_east: 0, for TCU 15. Reason: Request from group
2026-08-07 06:28:03;Requesting safe position 7, wind_from_east: 0, for TCU 16. Reason: Request from group
2026-08-07 06:28:03;Requesting safe position 7, wind_from_east: 0, for TCU 17. Reason: Request from group
2026-08-07 06:28:03;Requesting safe position 7, wind_from_east: 0, for TCU 18. Reason: Request from group
2026-08-07 06:28:04;Requesting safe position 7, wind_from_east: 0, for TCU 19. Reason: Request from group
2026-08-07 06:28:04;Position 7 enabled for group 6 by "admin (Administrator)" from the web interface
2026-08-07 06:28:04;Requesting safe position 7, wind_from_east: 0, for TCU 20. Reason: Request from group
2026-08-07 06:28:04;Requesting safe position 7, wind_from_east: 0, for TCU 21. Reason: Request from group
2026-08-07 06:28:05;Requesting safe position 7, wind_from_east: 0, for TCU 23. Reason: Request from group
2026-08-07 06:28:05;Requesting safe position 7, wind_from_east: 0, for TCU 24. Reason: Request from group
2026-08-07 06:28:05;Requesting safe position 7, wind_from_east: 0, for TCU 25. Reason: Request from group
2026-08-07 06:28:05;Requesting safe position 7, wind_from_east: 0, for TCU 26. Reason: Request from group
2026-08-07 06:28:06;Position 7 enabled for group 7 by "admin (Administrator)" from the web interface
2026-08-07 06:28:06;Requesting safe position 7, wind_from_east: 0, for TCU 27. Reason: Request from group
2026-08-07 06:28:06;Requesting safe position 7, wind_from_east: 0, for TCU 28. Reason: Request from group
2026-08-07 06:28:06;Requesting safe position 7, wind_from_east: 0, for TCU 29. Reason: Request from group
2026-08-07 06:28:07;Requesting safe position 7, wind_from_east: 0, for TCU 30. Reason: Request from group
2026-08-07 06:28:07;Requesting safe position 7, wind_from_east: 0, for TCU 31. Reason: Request from group
2026-08-07 06:28:07;Requesting safe position 7, wind_from_east: 0, for TCU 32. Reason: Request from group
2026-08-07 06:28:07;Requesting safe position 7, wind_from_east: 0, for TCU 33. Reason: Request from group
2026-08-07 06:28:08;Position 7 enabled for group 8 by "admin (Administrator)" from the web interface
2026-08-07 06:28:08;Requesting safe position 7, wind_from_east: 0, for TCU 34. Reason: Request from group
2026-08-07 06:28:08;Requesting safe position 7, wind_from_east: 0, for TCU 35. Reason: Request from group
2026-08-07 06:28:08;Requesting safe position 7, wind_from_east: 0, for TCU 36. Reason: Request from group
2026-08-07 06:28:09;Requesting safe position 7, wind_from_east: 0, for TCU 37. Reason: Request from group
2026-08-07 06:28:09;Requesting safe position 7, wind_from_east: 0, for TCU 38. Reason: Request from group
2026-08-07 06:28:09;Position 7 enabled for group 9 by "admin (Administrator)" from the web interface
2026-08-07 06:28:10;Requesting safe position 7, wind_from_east: 0, for TCU 39. Reason: Request from group
2026-08-07 06:28:10;Requesting safe position 7, wind_from_east: 0, for TCU 40. Reason: Request from group
2026-08-07 06:28:10;Requesting safe position 7, wind_from_east: 0, for TCU 41. Reason: Request from group
2026-08-07 06:28:11;Requesting safe position 7, wind_from_east: 0, for TCU 42. Reason: Request from group
2026-08-07 06:28:11;Requesting safe position 7, wind_from_east: 0, for TCU 43. Reason: Request from group
2026-08-07 06:28:11;Requesting safe position 7, wind_from_east: 0, for TCU 44. Reason: Request from group
2026-08-07 06:28:12;Requesting safe position 7, wind_from_east: 0, for TCU 45. Reason: Request from group
2026-08-07 06:28:12;Requesting safe position 7, wind_from_east: 0, for TCU 46. Reason: Request from group
2026-08-07 06:28:12;Requesting safe position 7, wind_from_east: 0, for TCU 47. Reason: Request from group
2026-08-07 06:28:13;Requesting safe position 7, wind_from_east: 0, for TCU 50. Reason: Request from group
2026-08-07 06:28:13;Requesting safe position 7, wind_from_east: 0, for TCU 51. Reason: Request from group
2026-08-07 06:28:14;Requesting safe position 7, wind_from_east: 0, for TCU 52. Reason: Request from group
2026-08-07 06:28:14;Requesting safe position 7, wind_from_east: 0, for TCU 53. Reason: Request from group
2026-08-07 06:28:17;Position 7 enabled for group 10 by "admin (Administrator)" from the web interface
2026-08-07 06:28:36;Group 1 sent to AUTO by "admin (Administrator)" from the web interface
2026-08-07 06:28:38;Group 2 sent to AUTO by "admin (Administrator)" from the web interface
2026-08-07 06:28:40;Group 3 sent to AUTO by "admin (Administrator)" from the web interface
2026-08-07 06:28:40;Sent 6 out of 6 trackers to AUTO mode
2026-08-07 06:28:42;Group 4 sent to AUTO by "admin (Administrator)" from the web interface
2026-08-07 06:28:44;Group 5 sent to AUTO by "admin (Administrator)" from the web interface
2026-08-07 06:28:46;Group 6 sent to AUTO by "admin (Administrator)" from the web interface
2026-08-07 06:28:48;Group 7 sent to AUTO by "admin (Administrator)" from the web interface
2026-08-07 06:28:48;Sent 4 out of 6 trackers to AUTO mode
2026-08-07 06:28:49;Group 8 sent to AUTO by "admin (Administrator)" from the web interface
2026-08-07 06:28:50;Sent 6 out of 6 trackers to AUTO mode
2026-08-07 06:28:52;Group 9 sent to AUTO by "admin (Administrator)" from the web interface
2026-08-07 06:28:54;Group 10 sent to AUTO by "admin (Administrator)" from the web interface
2026-08-07 06:28:56;Sent 8 out of 9 trackers to AUTO mode
2026-08-07 06:28:58;Sent 6 out of 6 trackers to AUTO mode
2026-08-07 06:28:59;Sent 4 out of 4 trackers to AUTO mode
2026-08-07 06:29:01;Sent 7 out of 7 trackers to AUTO mode
2026-08-07 06:29:10;Sent 4 out of 6 trackers to AUTO mode
2026-08-07 06:29:11;Sent 3 out of 3 trackers to AUTO mode
2026-08-07 06:29:11;Sent 0 out of 0 trackers to AUTO mode
2026-08-07 06:36:34;Requesting safe position 7, wind_from_east: 0, for TCU 10. Reason: Request from group
2026-08-07 07:11:01;Requesting safe position 7, wind_from_east: 0, for TCU 22. Reason: Request from group
2026-08-07 07:20:15;Failed to set manual IP for managed gateway 1. Reason: no response from the gateway
2026-08-07 07:20:28;Failed to set manual IP for managed gateway 1. Reason: no response from the gateway
2026-08-07 07:20:57;Current transparent protocol version on gateway with IP "192.168.4.81": v1.0.1
2026-08-07 07:21:07;Current transparent protocol version on gateway with IP "192.168.4.82": v1.0.1
2026-08-07 07:22:35;Position 1 enabled for group 1 by "admin (Administrator)" from the web interface
2026-08-07 07:22:37;Position 1 enabled for group 2 by "admin (Administrator)" from the web interface
2026-08-07 07:22:42;Position 1 enabled for group 3 by "admin (Administrator)" from the web interface
2026-08-07 07:22:43;Requesting safe position 1, wind_from_east: 0, for TCU 1. Reason: Request from group
2026-08-07 07:22:43;Requesting safe position 1, wind_from_east: 0, for TCU 2. Reason: Request from group
2026-08-07 07:22:44;Requesting safe position 1, wind_from_east: 0, for TCU 3. Reason: Request from group
2026-08-07 07:22:44;Requesting safe position 1, wind_from_east: 0, for TCU 4. Reason: Request from group
2026-08-07 07:22:44;Position 1 enabled for group 4 by "admin (Administrator)" from the web interface
2026-08-07 07:22:44;Requesting safe position 1, wind_from_east: 0, for TCU 5. Reason: Request from group
2026-08-07 07:22:45;Requesting safe position 1, wind_from_east: 0, for TCU 6. Reason: Request from group
2026-08-07 07:22:45;Requesting safe position 1, wind_from_east: 0, for TCU 7. Reason: Request from group
2026-08-07 07:22:45;Requesting safe position 1, wind_from_east: 0, for TCU 8. Reason: Request from group
2026-08-07 07:22:46;Requesting safe position 1, wind_from_east: 0, for TCU 9. Reason: Request from group
2026-08-07 07:22:46;Requesting safe position 1, wind_from_east: 0, for TCU 10. Reason: Request from group
2026-08-07 07:22:46;Position 1 enabled for group 5 by "admin (Administrator)" from the web interface
2026-08-07 07:22:47;Requesting safe position 1, wind_from_east: 0, for TCU 12. Reason: Request from group
2026-08-07 07:22:48;Position 1 enabled for group 6 by "admin (Administrator)" from the web interface
2026-08-07 07:22:48;Requesting safe position 1, wind_from_east: 0, for TCU 13. Reason: Request from group
2026-08-07 07:22:48;Requesting safe position 1, wind_from_east: 0, for TCU 14. Reason: Request from group
2026-08-07 07:22:48;Requesting safe position 1, wind_from_east: 0, for TCU 15. Reason: Request from group
2026-08-07 07:22:49;Requesting safe position 1, wind_from_east: 0, for TCU 16. Reason: Request from group
2026-08-07 07:22:49;Requesting safe position 1, wind_from_east: 0, for TCU 17. Reason: Request from group
2026-08-07 07:22:49;Requesting safe position 1, wind_from_east: 0, for TCU 18. Reason: Request from group
2026-08-07 07:22:49;Position 1 enabled for group 7 by "admin (Administrator)" from the web interface
2026-08-07 07:22:50;Requesting safe position 1, wind_from_east: 0, for TCU 19. Reason: Request from group
2026-08-07 07:22:50;Requesting safe position 1, wind_from_east: 0, for TCU 20. Reason: Request from group
2026-08-07 07:22:50;Requesting safe position 1, wind_from_east: 0, for TCU 21. Reason: Request from group
2026-08-07 07:22:50;Requesting safe position 1, wind_from_east: 0, for TCU 22. Reason: Request from group
2026-08-07 07:22:51;Requesting safe position 1, wind_from_east: 0, for TCU 23. Reason: Request from group
2026-08-07 07:22:51;Requesting safe position 1, wind_from_east: 0, for TCU 24. Reason: Request from group
2026-08-07 07:22:51;Requesting safe position 1, wind_from_east: 0, for TCU 25. Reason: Request from group
2026-08-07 07:22:51;Position 1 enabled for group 8 by "admin (Administrator)" from the web interface
2026-08-07 07:22:51;Requesting safe position 1, wind_from_east: 0, for TCU 26. Reason: Request from group
2026-08-07 07:22:52;Requesting safe position 1, wind_from_east: 0, for TCU 27. Reason: Request from group
2026-08-07 07:22:52;Requesting safe position 1, wind_from_east: 0, for TCU 28. Reason: Request from group
2026-08-07 07:22:52;Requesting safe position 1, wind_from_east: 0, for TCU 29. Reason: Request from group
2026-08-07 07:22:52;Requesting safe position 1, wind_from_east: 0, for TCU 30. Reason: Request from group
2026-08-07 07:22:53;Position 1 enabled for group 9 by "admin (Administrator)" from the web interface
2026-08-07 07:22:53;Requesting safe position 1, wind_from_east: 0, for TCU 31. Reason: Request from group
2026-08-07 07:22:53;Requesting safe position 1, wind_from_east: 0, for TCU 32. Reason: Request from group
2026-08-07 07:22:53;Requesting safe position 1, wind_from_east: 0, for TCU 33. Reason: Request from group
2026-08-07 07:22:54;Requesting safe position 1, wind_from_east: 0, for TCU 34. Reason: Request from group
2026-08-07 07:22:54;Requesting safe position 1, wind_from_east: 0, for TCU 35. Reason: Request from group
2026-08-07 07:22:54;Requesting safe position 1, wind_from_east: 0, for TCU 36. Reason: Request from group
2026-08-07 07:22:55;Requesting safe position 1, wind_from_east: 0, for TCU 37. Reason: Request from group
2026-08-07 07:22:55;Requesting safe position 1, wind_from_east: 0, for TCU 38. Reason: Request from group
2026-08-07 07:22:55;Requesting safe position 1, wind_from_east: 0, for TCU 39. Reason: Request from group
2026-08-07 07:22:56;Requesting safe position 1, wind_from_east: 0, for TCU 40. Reason: Request from group
2026-08-07 07:22:56;Requesting safe position 1, wind_from_east: 0, for TCU 41. Reason: Request from group
2026-08-07 07:22:56;Position 1 enabled for group 10 by "admin (Administrator)" from the web interface
2026-08-07 07:22:56;Requesting safe position 1, wind_from_east: 0, for TCU 42. Reason: Request from group
2026-08-07 07:22:57;Requesting safe position 1, wind_from_east: 0, for TCU 43. Reason: Request from group
2026-08-07 07:22:57;Requesting safe position 1, wind_from_east: 0, for TCU 44. Reason: Request from group
2026-08-07 07:22:57;Requesting safe position 1, wind_from_east: 0, for TCU 45. Reason: Request from group
2026-08-07 07:22:58;Requesting safe position 1, wind_from_east: 0, for TCU 46. Reason: Request from group
2026-08-07 07:22:58;Requesting safe position 1, wind_from_east: 0, for TCU 47. Reason: Request from group
2026-08-07 07:23:01;Requesting safe position 1, wind_from_east: 0, for TCU 50. Reason: Request from group
2026-08-07 07:23:01;Requesting safe position 1, wind_from_east: 0, for TCU 51. Reason: Request from group
2026-08-07 07:23:01;Requesting safe position 1, wind_from_east: 0, for TCU 52. Reason: Request from group
2026-08-07 07:23:02;Requesting safe position 1, wind_from_east: 0, for TCU 53. Reason: Request from group
2026-08-07 07:47:18;Position null enabled for group 1 by "admin (Administrator)" from the web interface
2026-08-07 07:47:18;Requesting safe position 0, wind_from_east: 0, for TCU 1. Reason: Default choice
2026-08-07 07:47:18;Requesting safe position 0, wind_from_east: 0, for TCU 2. Reason: Default choice
2026-08-07 07:47:19;Requesting safe position 0, wind_from_east: 0, for TCU 3. Reason: Default choice
2026-08-07 07:47:19;Requesting safe position 0, wind_from_east: 0, for TCU 4. Reason: Default choice
2026-08-07 07:47:19;Requesting safe position 0, wind_from_east: 0, for TCU 5. Reason: Default choice
2026-08-07 07:47:20;Requesting safe position 0, wind_from_east: 0, for TCU 6. Reason: Default choice
2026-08-07 07:47:27;Position null enabled for group 2 by "admin (Administrator)" from the web interface
2026-08-07 07:47:29;Position null enabled for group 3 by "admin (Administrator)" from the web interface
2026-08-07 07:47:33;Requesting safe position 0, wind_from_east: 0, for TCU 7. Reason: Default choice
2026-08-07 07:47:33;Requesting safe position 0, wind_from_east: 0, for TCU 8. Reason: Default choice
2026-08-07 07:47:34;Requesting safe position 0, wind_from_east: 0, for TCU 9. Reason: Default choice
2026-08-07 07:47:34;Requesting safe position 0, wind_from_east: 0, for TCU 10. Reason: Default choice
2026-08-07 07:47:34;Requesting safe position 0, wind_from_east: 0, for TCU 12. Reason: Default choice
2026-08-07 07:47:35;Position null enabled for group 4 by "admin (Administrator)" from the web interface
2026-08-07 07:47:35;Requesting safe position 0, wind_from_east: 0, for TCU 13. Reason: Default choice
2026-08-07 07:47:35;Requesting safe position 0, wind_from_east: 0, for TCU 14. Reason: Default choice
2026-08-07 07:47:35;Requesting safe position 0, wind_from_east: 0, for TCU 15. Reason: Default choice
2026-08-07 07:47:36;Requesting safe position 0, wind_from_east: 0, for TCU 16. Reason: Default choice
2026-08-07 07:47:36;Requesting safe position 0, wind_from_east: 0, for TCU 17. Reason: Default choice
2026-08-07 07:47:36;Position null enabled for group 5 by "admin (Administrator)" from the web interface
2026-08-07 07:47:36;Requesting safe position 0, wind_from_east: 0, for TCU 18. Reason: Default choice
2026-08-07 07:47:36;Requesting safe position 0, wind_from_east: 0, for TCU 19. Reason: Default choice
2026-08-07 07:47:37;Requesting safe position 0, wind_from_east: 0, for TCU 20. Reason: Default choice
2026-08-07 07:47:37;Requesting safe position 0, wind_from_east: 0, for TCU 21. Reason: Default choice
2026-08-07 07:47:37;Requesting safe position 0, wind_from_east: 0, for TCU 22. Reason: Default choice
2026-08-07 07:47:38;Requesting safe position 0, wind_from_east: 0, for TCU 23. Reason: Default choice
2026-08-07 07:47:38;Position null enabled for group 6 by "admin (Administrator)" from the web interface
2026-08-07 07:47:38;Requesting safe position 0, wind_from_east: 0, for TCU 24. Reason: Default choice
2026-08-07 07:47:38;Requesting safe position 0, wind_from_east: 0, for TCU 25. Reason: Default choice
2026-08-07 07:47:38;Requesting safe position 0, wind_from_east: 0, for TCU 26. Reason: Default choice
2026-08-07 07:47:39;Requesting safe position 0, wind_from_east: 0, for TCU 27. Reason: Default choice
2026-08-07 07:47:39;Requesting safe position 0, wind_from_east: 0, for TCU 28. Reason: Default choice
2026-08-07 07:47:39;Requesting safe position 0, wind_from_east: 0, for TCU 29. Reason: Default choice
2026-08-07 07:47:39;Position null enabled for group 7 by "admin (Administrator)" from the web interface
2026-08-07 07:47:40;Requesting safe position 0, wind_from_east: 0, for TCU 30. Reason: Default choice
2026-08-07 07:47:40;Requesting safe position 0, wind_from_east: 0, for TCU 31. Reason: Default choice
2026-08-07 07:47:40;Requesting safe position 0, wind_from_east: 0, for TCU 32. Reason: Default choice
2026-08-07 07:47:40;Requesting safe position 0, wind_from_east: 0, for TCU 33. Reason: Default choice
2026-08-07 07:47:41;Requesting safe position 0, wind_from_east: 0, for TCU 34. Reason: Default choice
2026-08-07 07:47:41;Requesting safe position 0, wind_from_east: 0, for TCU 35. Reason: Default choice
2026-08-07 07:47:41;Position null enabled for group 8 by "admin (Administrator)" from the web interface
2026-08-07 07:47:41;Requesting safe position 0, wind_from_east: 0, for TCU 36. Reason: Default choice
2026-08-07 07:47:42;Requesting safe position 0, wind_from_east: 0, for TCU 37. Reason: Default choice
2026-08-07 07:47:42;Requesting safe position 0, wind_from_east: 0, for TCU 38. Reason: Default choice
2026-08-07 07:47:42;Requesting safe position 0, wind_from_east: 0, for TCU 39. Reason: Default choice
2026-08-07 07:47:42;Requesting safe position 0, wind_from_east: 0, for TCU 40. Reason: Default choice
2026-08-07 07:47:43;Requesting safe position 0, wind_from_east: 0, for TCU 41. Reason: Default choice
2026-08-07 07:47:43;Requesting safe position 0, wind_from_east: 0, for TCU 42. Reason: Default choice
2026-08-07 07:47:43;Position null enabled for group 9 by "admin (Administrator)" from the web interface
2026-08-07 07:47:44;Requesting safe position 0, wind_from_east: 0, for TCU 43. Reason: Default choice
2026-08-07 07:47:44;Requesting safe position 0, wind_from_east: 0, for TCU 44. Reason: Default choice
2026-08-07 07:47:44;Requesting safe position 0, wind_from_east: 0, for TCU 45. Reason: Default choice
2026-08-07 07:47:45;Requesting safe position 0, wind_from_east: 0, for TCU 46. Reason: Default choice
2026-08-07 07:47:45;Position null enabled for group 10 by "admin (Administrator)" from the web interface
2026-08-07 07:47:45;Requesting safe position 0, wind_from_east: 0, for TCU 47. Reason: Default choice
2026-08-07 07:47:45;Requesting safe position 0, wind_from_east: 0, for TCU 50. Reason: Default choice
2026-08-07 07:47:46;Requesting safe position 0, wind_from_east: 0, for TCU 51. Reason: Default choice
2026-08-07 07:47:46;Requesting safe position 0, wind_from_east: 0, for TCU 52. Reason: Default choice
2026-08-07 07:47:46;Requesting safe position 0, wind_from_east: 0, for TCU 53. Reason: Default choice
