node_id,lat,lon,etiqueta,rol,enlace,ncu,gw
TCU_SUNNER_ID_069,-16.605784,-71.79393,TR-01_1-069,TCU,radio,1,2
TCU_SUNNER_ID_070,-16.605785,-71.793814,TR-01_1-070,TCU,radio,1,2
TCU_SUNNER_ID_071,-16.605787,-71.793698,TR-01_1-071,TCU,radio,1,2
TCU_SUNNER_ID_072,-16.605789,-71.793582,TR-01_1-072,TCU,radio,1,2
TCU_SUNNER_ID_073,-16.60579,-71.793465,TR-01_1-073,TCU,radio,1,2
TCU_SUNNER_ID_074,-16.605792,-71.793349,TR-01_1-074,TCU,radio,1,2
TCU_SUNNER_ID_075,-16.605793,-71.793234,TR-01_1-075,TCU,radio,1,2
TCU_SUNNER_ID_076,-16.605795,-71.793118,TR-01_1-076,TCU,radio,1,2
TCU_SUNNER_ID_077,-16.605796,-71.793002,TR-01_1-077,TCU,radio,1,2
TCU_SUNNER_ID_078,-16.605798,-71.792886,TR-01_1-078,TCU,radio,1,2
TCU_SUNNER_ID_079,-16.605799,-71.79277,TR-01_1-079,TCU,radio,1,2
TCU_SUNNER_ID_080,-16.605801,-71.792654,TR-01_1-080,TCU,radio,1,2
TCU_SUNNER_ID_081,-16.605803,-71.792537,TR-01_1-081,TCU,radio,1,2
TCU_SUNNER_ID_082,-16.606559,-71.79401,TR-01_1-082,TCU,radio,1,2
TCU_SUNNER_ID_083,-16.606561,-71.793894,TR-01_1-083,TCU,radio,1,2
TCU_SUNNER_ID_084,-16.606563,-71.793778,TR-01_1-084,TCU,radio,1,2
TCU_SUNNER_ID_085,-16.606564,-71.793662,TR-01_1-085,TCU,radio,1,2
TCU_SUNNER_ID_086,-16.606566,-71.793546,TR-01_1-086,TCU,radio,1,2
TCU_SUNNER_ID_087,-16.606567,-71.79343,TR-01_1-087,TCU,radio,1,2
TCU_SUNNER_ID_088,-16.606569,-71.793314,TR-01_1-088,TCU,radio,1,2
TCU_SUNNER_ID_089,-16.60657,-71.793199,TR-01_1-089,TCU,radio,1,2
TCU_SUNNER_ID_090,-16.606572,-71.793082,TR-01_1-090,TCU,radio,1,2
TCU_SUNNER_ID_091,-16.606573,-71.792966,TR-01_1-091,TCU,radio,1,2
TCU_SUNNER_ID_092,-16.606575,-71.79285,TR-01_1-092,TCU,radio,1,2
TCU_SUNNER_ID_093,-16.606577,-71.792734,TR-01_1-093,TCU,radio,1,2
TCU_SUNNER_ID_094,-16.606578,-71.792618,TR-01_1-094,TCU,radio,1,2
TCU_SUNNER_ID_095,-16.606581,-71.792502,TR-01_1-095,TCU,radio,1,2
TCU_SUNNER_ID_096,-16.607238,-71.79402,TR-01_1-096,TCU,radio,1,2
TCU_SUNNER_ID_097,-16.607239,-71.793904,TR-01_1-097,TCU,radio,1,2
TCU_SUNNER_ID_098,-16.607241,-71.793788,TR-01_1-098,TCU,radio,1,2
TCU_SUNNER_ID_099,-16.607242,-71.793672,TR-01_1-099,TCU,radio,1,2
TCU_SUNNER_ID_100,-16.607244,-71.793556,TR-01_1-100,TCU,radio,1,2
TCU_SUNNER_ID_101,-16.607245,-71.79344,TR-01_1-101,TCU,radio,1,2
TCU_SUNNER_ID_102,-16.607247,-71.793324,TR-01_1-102,TCU,radio,1,2
TCU_SUNNER_ID_103,-16.607248,-71.793208,TR-01_1-103,TCU,radio,1,2
TCU_SUNNER_ID_104,-16.60725,-71.793092,TR-01_1-104,TCU,radio,1,2
TCU_SUNNER_ID_105,-16.607252,-71.792976,TR-01_1-105,TCU,radio,1,2
TCU_SUNNER_ID_106,-16.607253,-71.79286,TR-01_1-106,TCU,radio,1,2
TCU_SUNNER_ID_107,-16.607255,-71.792744,TR-01_1-107,TCU,radio,1,2
TCU_SUNNER_ID_108,-16.607256,-71.792628,TR-01_1-108,TCU,radio,1,2
TCU_SUNNER_ID_109,-16.607258,-71.792512,TR-01_1-109,TCU,radio,1,2
TCU_SUNNER_ID_110,-16.607922,-71.793682,TR-01_1-110,TCU,radio,1,2
TCU_SUNNER_ID_111,-16.607924,-71.793566,TR-01_1-111,TCU,radio,1,2
TCU_SUNNER_ID_112,-16.607925,-71.793449,TR-01_1-112,TCU,radio,1,2
TCU_SUNNER_ID_113,-16.607927,-71.793333,TR-01_1-113,TCU,radio,1,2
TCU_SUNNER_ID_114,-16.607928,-71.793218,TR-01_1-114,TCU,radio,1,2
TCU_SUNNER_ID_115,-16.60793,-71.793102,TR-01_1-115,TCU,radio,1,2
TCU_SUNNER_ID_116,-16.607931,-71.792986,TR-01_1-116,TCU,radio,1,2
TCU_SUNNER_ID_117,-16.607933,-71.79287,TR-01_1-117,TCU,radio,1,2
TCU_SUNNER_ID_118,-16.607935,-71.792754,TR-01_1-118,TCU,radio,1,2
TCU_SUNNER_ID_119,-16.607936,-71.792638,TR-01_1-119,TCU,radio,1,2
HSU_01,-16.607707,-71.794265,HSU 1 (US),HSU,radio,1,2
REP_01,-16.606013,-71.794077,REP 1 (SP),REP,radio,1,2
TCU_SUNNER_ID_048,-16.603359,-71.79761,TR-02_2-048,TCU,radio,2,2
TCU_SUNNER_ID_049,-16.603361,-71.797494,TR-02_2-049,TCU,radio,2,2
TCU_SUNNER_ID_050,-16.603362,-71.797378,TR-02_2-050,TCU,radio,2,2
TCU_SUNNER_ID_051,-16.603364,-71.797262,TR-02_2-051,TCU,radio,2,2
TCU_SUNNER_ID_052,-16.603365,-71.797146,TR-02_2-052,TCU,radio,2,2
TCU_SUNNER_ID_053,-16.603367,-71.79703,TR-02_2-053,TCU,radio,2,2
TCU_SUNNER_ID_054,-16.603369,-71.796914,TR-02_2-054,TCU,radio,2,2
TCU_SUNNER_ID_055,-16.60337,-71.796797,TR-02_2-055,TCU,radio,2,2
TCU_SUNNER_ID_056,-16.603372,-71.796681,TR-02_2-056,TCU,radio,2,2
TCU_SUNNER_ID_057,-16.603539,-71.796568,TR-02_2-057,TCU,radio,2,2
TCU_SUNNER_ID_058,-16.603541,-71.796452,TR-02_2-058,TCU,radio,2,2
TCU_SUNNER_ID_059,-16.603376,-71.796333,TR-02_2-059,TCU,radio,2,2
TCU_SUNNER_ID_060,-16.603378,-71.796217,TR-02_2-060,TCU,radio,2,2
TCU_SUNNER_ID_061,-16.60338,-71.796102,TR-02_2-061,TCU,radio,2,2
TCU_SUNNER_ID_062,-16.603381,-71.795986,TR-02_2-062,TCU,radio,2,2
TCU_SUNNER_ID_063,-16.603383,-71.795869,TR-02_2-063,TCU,radio,2,2
TCU_SUNNER_ID_064,-16.603384,-71.795753,TR-02_2-064,TCU,radio,2,2
TCU_SUNNER_ID_065,-16.603386,-71.795637,TR-02_2-065,TCU,radio,2,2
TCU_SUNNER_ID_066,-16.604037,-71.79762,TR-02_2-066,TCU,radio,2,2
TCU_SUNNER_ID_067,-16.604039,-71.797504,TR-02_2-067,TCU,radio,2,2
TCU_SUNNER_ID_068,-16.60404,-71.797388,TR-02_2-068,TCU,radio,2,2
TCU_SUNNER_ID_069,-16.604042,-71.797272,TR-02_2-069,TCU,radio,2,2
TCU_SUNNER_ID_070,-16.604044,-71.797156,TR-02_2-070,TCU,radio,2,2
TCU_SUNNER_ID_071,-16.604045,-71.797039,TR-02_2-071,TCU,radio,2,2
TCU_SUNNER_ID_072,-16.604047,-71.796923,TR-02_2-072,TCU,radio,2,2
TCU_SUNNER_ID_073,-16.604048,-71.796807,TR-02_2-073,TCU,radio,2,2
TCU_SUNNER_ID_074,-16.60405,-71.796691,TR-02_2-074,TCU,radio,2,2
TCU_SUNNER_ID_075,-16.604051,-71.796575,TR-02_2-075,TCU,radio,2,2
TCU_SUNNER_ID_076,-16.604053,-71.796459,TR-02_2-076,TCU,radio,2,2
TCU_SUNNER_ID_077,-16.604054,-71.796343,TR-02_2-077,TCU,radio,2,2
TCU_SUNNER_ID_078,-16.604056,-71.796227,TR-02_2-078,TCU,radio,2,2
TCU_SUNNER_ID_079,-16.604058,-71.796112,TR-02_2-079,TCU,radio,2,2
TCU_SUNNER_ID_080,-16.604059,-71.795995,TR-02_2-080,TCU,radio,2,2
TCU_SUNNER_ID_081,-16.604061,-71.795879,TR-02_2-081,TCU,radio,2,2
TCU_SUNNER_ID_082,-16.604062,-71.795763,TR-02_2-082,TCU,radio,2,2
TCU_SUNNER_ID_083,-16.604064,-71.795647,TR-02_2-083,TCU,radio,2,2
TCU_SUNNER_ID_084,-16.604715,-71.79763,TR-02_2-084,TCU,radio,2,2
TCU_SUNNER_ID_085,-16.604717,-71.797514,TR-02_2-085,TCU,radio,2,2
TCU_SUNNER_ID_086,-16.604719,-71.797398,TR-02_2-086,TCU,radio,2,2
TCU_SUNNER_ID_087,-16.60472,-71.797282,TR-02_2-087,TCU,radio,2,2
TCU_SUNNER_ID_088,-16.604722,-71.797165,TR-02_2-088,TCU,radio,2,2
TCU_SUNNER_ID_089,-16.604723,-71.797049,TR-02_2-089,TCU,radio,2,2
TCU_SUNNER_ID_090,-16.604725,-71.796933,TR-02_2-090,TCU,radio,2,2
TCU_SUNNER_ID_091,-16.604726,-71.796817,TR-02_2-091,TCU,radio,2,2
TCU_SUNNER_ID_092,-16.604728,-71.796701,TR-02_2-092,TCU,radio,2,2
TCU_SUNNER_ID_093,-16.604729,-71.796585,TR-02_2-093,TCU,radio,2,2
TCU_SUNNER_ID_094,-16.604731,-71.796469,TR-02_2-094,TCU,radio,2,2
TCU_SUNNER_ID_095,-16.604733,-71.796353,TR-02_2-095,TCU,radio,2,2
TCU_SUNNER_ID_096,-16.604734,-71.796237,TR-02_2-096,TCU,radio,2,2
TCU_SUNNER_ID_097,-16.604736,-71.796121,TR-02_2-097,TCU,radio,2,2
TCU_SUNNER_ID_098,-16.604737,-71.796005,TR-02_2-098,TCU,radio,2,2
TCU_SUNNER_ID_099,-16.604739,-71.795889,TR-02_2-099,TCU,radio,2,2
TCU_SUNNER_ID_100,-16.60474,-71.795773,TR-02_2-100,TCU,radio,2,2
TCU_SUNNER_ID_101,-16.604742,-71.795657,TR-02_2-101,TCU,radio,2,2
TCU_SUNNER_ID_102,-16.605393,-71.79764,TR-02_2-102,TCU,radio,2,2
TCU_SUNNER_ID_103,-16.605395,-71.797524,TR-02_2-103,TCU,radio,2,2
TCU_SUNNER_ID_104,-16.605397,-71.797407,TR-02_2-104,TCU,radio,2,2
TCU_SUNNER_ID_105,-16.605398,-71.797291,TR-02_2-105,TCU,radio,2,2
TCU_SUNNER_ID_106,-16.6054,-71.797175,TR-02_2-106,TCU,radio,2,2
TCU_SUNNER_ID_107,-16.605401,-71.797059,TR-02_2-107,TCU,radio,2,2
TCU_SUNNER_ID_108,-16.605403,-71.796943,TR-02_2-108,TCU,radio,2,2
TCU_SUNNER_ID_109,-16.605404,-71.796827,TR-02_2-109,TCU,radio,2,2
TCU_SUNNER_ID_110,-16.605406,-71.796711,TR-02_2-110,TCU,radio,2,2
TCU_SUNNER_ID_111,-16.605408,-71.796595,TR-02_2-111,TCU,radio,2,2
TCU_SUNNER_ID_112,-16.605409,-71.796479,TR-02_2-112,TCU,radio,2,2
TCU_SUNNER_ID_113,-16.605411,-71.796362,TR-02_2-113,TCU,radio,2,2
TCU_SUNNER_ID_114,-16.605412,-71.796246,TR-02_2-114,TCU,radio,2,2
TCU_SUNNER_ID_115,-16.605414,-71.796131,TR-02_2-115,TCU,radio,2,2
TCU_SUNNER_ID_116,-16.605415,-71.796015,TR-02_2-116,TCU,radio,2,2
TCU_SUNNER_ID_117,-16.605417,-71.795899,TR-02_2-117,TCU,radio,2,2
TCU_SUNNER_ID_118,-16.605418,-71.795783,TR-02_2-118,TCU,radio,2,2
TCU_SUNNER_ID_119,-16.60542,-71.795667,TR-02_2-119,TCU,radio,2,2
TCU_SUNNER_ID_046,-16.602549,-71.797956,TR-02_1-046,TCU,radio,3,2
TCU_SUNNER_ID_047,-16.603324,-71.800241,TR-02_1-047,TCU,radio,3,2
TCU_SUNNER_ID_048,-16.603325,-71.800124,TR-02_1-048,TCU,radio,3,2
TCU_SUNNER_ID_049,-16.603327,-71.800008,TR-02_1-049,TCU,radio,3,2
TCU_SUNNER_ID_050,-16.603328,-71.799892,TR-02_1-050,TCU,radio,3,2
TCU_SUNNER_ID_051,-16.60333,-71.799776,TR-02_1-051,TCU,radio,3,2
TCU_SUNNER_ID_052,-16.603332,-71.79966,TR-02_1-052,TCU,radio,3,2
TCU_SUNNER_ID_053,-16.603333,-71.799544,TR-02_1-053,TCU,radio,3,2
TCU_SUNNER_ID_054,-16.603336,-71.799351,TR-02_1-054,TCU,radio,3,2
TCU_SUNNER_ID_055,-16.603337,-71.799235,TR-02_1-055,TCU,radio,3,2
TCU_SUNNER_ID_056,-16.603339,-71.799119,TR-02_1-056,TCU,radio,3,2
TCU_SUNNER_ID_057,-16.603507,-71.799006,TR-02_1-057,TCU,radio,3,2
TCU_SUNNER_ID_058,-16.603508,-71.79889,TR-02_1-058,TCU,radio,3,2
TCU_SUNNER_ID_059,-16.603344,-71.798771,TR-02_1-059,TCU,radio,3,2
TCU_SUNNER_ID_060,-16.603345,-71.798655,TR-02_1-060,TCU,radio,3,2
TCU_SUNNER_ID_061,-16.603347,-71.798539,TR-02_1-061,TCU,radio,3,2
TCU_SUNNER_ID_062,-16.603348,-71.798423,TR-02_1-062,TCU,radio,3,2
TCU_SUNNER_ID_063,-16.60335,-71.798307,TR-02_1-063,TCU,radio,3,2
TCU_SUNNER_ID_064,-16.603351,-71.798191,TR-02_1-064,TCU,radio,3,2
TCU_SUNNER_ID_065,-16.603353,-71.798075,TR-02_1-065,TCU,radio,3,2
TCU_SUNNER_ID_066,-16.603355,-71.797959,TR-02_1-066,TCU,radio,3,2
TCU_SUNNER_ID_067,-16.603356,-71.797842,TR-02_1-067,TCU,radio,3,2
TCU_SUNNER_ID_068,-16.603358,-71.797726,TR-02_1-068,TCU,radio,3,2
TCU_SUNNER_ID_069,-16.604002,-71.80025,TR-02_1-069,TCU,radio,3,2
TCU_SUNNER_ID_070,-16.604003,-71.800134,TR-02_1-070,TCU,radio,3,2
TCU_SUNNER_ID_071,-16.604005,-71.800018,TR-02_1-071,TCU,radio,3,2
TCU_SUNNER_ID_072,-16.604007,-71.799902,TR-02_1-072,TCU,radio,3,2
TCU_SUNNER_ID_073,-16.604008,-71.799786,TR-02_1-073,TCU,radio,3,2
TCU_SUNNER_ID_074,-16.60401,-71.79967,TR-02_1-074,TCU,radio,3,2
TCU_SUNNER_ID_075,-16.604011,-71.799554,TR-02_1-075,TCU,radio,3,2
TCU_SUNNER_ID_076,-16.604014,-71.799361,TR-02_1-076,TCU,radio,3,2
TCU_SUNNER_ID_077,-16.604015,-71.799245,TR-02_1-077,TCU,radio,3,2
TCU_SUNNER_ID_078,-16.604017,-71.799129,TR-02_1-078,TCU,radio,3,2
TCU_SUNNER_ID_079,-16.604019,-71.799013,TR-02_1-079,TCU,radio,3,2
TCU_SUNNER_ID_080,-16.60402,-71.798897,TR-02_1-080,TCU,radio,3,2
TCU_SUNNER_ID_081,-16.604022,-71.798781,TR-02_1-081,TCU,radio,3,2
TCU_SUNNER_ID_082,-16.604023,-71.798665,TR-02_1-082,TCU,radio,3,2
TCU_SUNNER_ID_083,-16.604025,-71.798549,TR-02_1-083,TCU,radio,3,2
TCU_SUNNER_ID_084,-16.604026,-71.798433,TR-02_1-084,TCU,radio,3,2
TCU_SUNNER_ID_085,-16.604028,-71.798317,TR-02_1-085,TCU,radio,3,2
TCU_SUNNER_ID_086,-16.604029,-71.798201,TR-02_1-086,TCU,radio,3,2
TCU_SUNNER_ID_087,-16.604031,-71.798085,TR-02_1-087,TCU,radio,3,2
TCU_SUNNER_ID_088,-16.604033,-71.797968,TR-02_1-088,TCU,radio,3,2
TCU_SUNNER_ID_089,-16.604034,-71.797852,TR-02_1-089,TCU,radio,3,2
TCU_SUNNER_ID_090,-16.604036,-71.797736,TR-02_1-090,TCU,radio,3,2
TCU_SUNNER_ID_091,-16.604692,-71.799371,TR-02_1-091,TCU,radio,3,2
TCU_SUNNER_ID_092,-16.604694,-71.799255,TR-02_1-092,TCU,radio,3,2
TCU_SUNNER_ID_093,-16.604695,-71.799138,TR-02_1-093,TCU,radio,3,2
TCU_SUNNER_ID_094,-16.604697,-71.799023,TR-02_1-094,TCU,radio,3,2
TCU_SUNNER_ID_095,-16.604698,-71.798907,TR-02_1-095,TCU,radio,3,2
TCU_SUNNER_ID_096,-16.6047,-71.798791,TR-02_1-096,TCU,radio,3,2
TCU_SUNNER_ID_097,-16.604701,-71.798675,TR-02_1-097,TCU,radio,3,2
TCU_SUNNER_ID_098,-16.604703,-71.798559,TR-02_1-098,TCU,radio,3,2
TCU_SUNNER_ID_099,-16.604704,-71.798443,TR-02_1-099,TCU,radio,3,2
TCU_SUNNER_ID_100,-16.604706,-71.798327,TR-02_1-100,TCU,radio,3,2
TCU_SUNNER_ID_101,-16.604708,-71.79821,TR-02_1-101,TCU,radio,3,2
TCU_SUNNER_ID_102,-16.604709,-71.798094,TR-02_1-102,TCU,radio,3,2
TCU_SUNNER_ID_103,-16.604711,-71.797978,TR-02_1-103,TCU,radio,3,2
TCU_SUNNER_ID_104,-16.604712,-71.797862,TR-02_1-104,TCU,radio,3,2
TCU_SUNNER_ID_105,-16.604714,-71.797746,TR-02_1-105,TCU,radio,3,2
TCU_SUNNER_ID_106,-16.60537,-71.79938,TR-02_1-106,TCU,radio,3,2
TCU_SUNNER_ID_107,-16.605372,-71.799264,TR-02_1-107,TCU,radio,3,2
TCU_SUNNER_ID_108,-16.605373,-71.799148,TR-02_1-108,TCU,radio,3,2
TCU_SUNNER_ID_109,-16.605375,-71.799033,TR-02_1-109,TCU,radio,3,2
TCU_SUNNER_ID_110,-16.605376,-71.798917,TR-02_1-110,TCU,radio,3,2
TCU_SUNNER_ID_111,-16.605378,-71.798801,TR-02_1-111,TCU,radio,3,2
TCU_SUNNER_ID_112,-16.605379,-71.798685,TR-02_1-112,TCU,radio,3,2
TCU_SUNNER_ID_113,-16.605381,-71.798569,TR-02_1-113,TCU,radio,3,2
TCU_SUNNER_ID_114,-16.605383,-71.798452,TR-02_1-114,TCU,radio,3,2
TCU_SUNNER_ID_115,-16.605384,-71.798336,TR-02_1-115,TCU,radio,3,2
TCU_SUNNER_ID_116,-16.605386,-71.79822,TR-02_1-116,TCU,radio,3,2
TCU_SUNNER_ID_117,-16.605387,-71.798104,TR-02_1-117,TCU,radio,3,2
TCU_SUNNER_ID_118,-16.605389,-71.797988,TR-02_1-118,TCU,radio,3,2
TCU_SUNNER_ID_119,-16.60539,-71.797872,TR-02_1-119,TCU,radio,3,2
TCU_SUNNER_ID_120,-16.605392,-71.797756,TR-02_1-120,TCU,radio,3,2
TCU_SUNNER_ID_090,-16.605328,-71.802475,TR-03_1-090,TCU,radio,4,2
TCU_SUNNER_ID_091,-16.60533,-71.802359,TR-03_1-091,TCU,radio,4,2
TCU_SUNNER_ID_092,-16.605331,-71.802243,TR-03_1-092,TCU,radio,4,2
TCU_SUNNER_ID_093,-16.605333,-71.802127,TR-03_1-093,TCU,radio,4,2
TCU_SUNNER_ID_094,-16.605335,-71.802011,TR-03_1-094,TCU,radio,4,2
TCU_SUNNER_ID_095,-16.605336,-71.801895,TR-03_1-095,TCU,radio,4,2
TCU_SUNNER_ID_096,-16.605338,-71.801779,TR-03_1-096,TCU,radio,4,2
TCU_SUNNER_ID_097,-16.605339,-71.801662,TR-03_1-097,TCU,radio,4,2
TCU_SUNNER_ID_098,-16.605341,-71.801547,TR-03_1-098,TCU,radio,4,2
TCU_SUNNER_ID_099,-16.605342,-71.801431,TR-03_1-099,TCU,radio,4,2
TCU_SUNNER_ID_100,-16.605344,-71.801315,TR-03_1-100,TCU,radio,4,2
TCU_SUNNER_ID_101,-16.605346,-71.801199,TR-03_1-101,TCU,radio,4,2
TCU_SUNNER_ID_102,-16.605347,-71.801083,TR-03_1-102,TCU,radio,4,2
TCU_SUNNER_ID_103,-16.606081,-71.80311,TR-03_1-103,TCU,radio,4,2
TCU_SUNNER_ID_104,-16.606083,-71.802994,TR-03_1-104,TCU,radio,4,2
TCU_SUNNER_ID_105,-16.606084,-71.802878,TR-03_1-105,TCU,radio,4,2
TCU_SUNNER_ID_106,-16.606086,-71.802762,TR-03_1-106,TCU,radio,4,2
TCU_SUNNER_ID_107,-16.606087,-71.802646,TR-03_1-107,TCU,radio,4,2
TCU_SUNNER_ID_108,-16.606089,-71.802529,TR-03_1-108,TCU,radio,4,2
TCU_SUNNER_ID_109,-16.60609,-71.802413,TR-03_1-109,TCU,radio,4,2
TCU_SUNNER_ID_110,-16.606092,-71.802297,TR-03_1-110,TCU,radio,4,2
TCU_SUNNER_ID_111,-16.606094,-71.802181,TR-03_1-111,TCU,radio,4,2
TCU_SUNNER_ID_112,-16.606095,-71.802065,TR-03_1-112,TCU,radio,4,2
TCU_SUNNER_ID_113,-16.606097,-71.801949,TR-03_1-113,TCU,radio,4,2
TCU_SUNNER_ID_114,-16.606098,-71.801833,TR-03_1-114,TCU,radio,4,2
TCU_SUNNER_ID_115,-16.6061,-71.801718,TR-03_1-115,TCU,radio,4,2
TCU_SUNNER_ID_116,-16.606101,-71.801601,TR-03_1-116,TCU,radio,4,2
TCU_SUNNER_ID_117,-16.606103,-71.801485,TR-03_1-117,TCU,radio,4,2
TCU_SUNNER_ID_118,-16.606772,-71.802191,TR-03_1-118,TCU,radio,4,2
TCU_SUNNER_ID_119,-16.606773,-71.802075,TR-03_1-119,TCU,radio,4,2
TCU_SUNNER_ID_120,-16.606775,-71.801959,TR-03_1-120,TCU,radio,4,2
TCU_SUNNER_ID_121,-16.606776,-71.801843,TR-03_1-121,TCU,radio,4,2
TCU_SUNNER_ID_122,-16.606778,-71.801727,TR-03_1-122,TCU,radio,4,2
TCU_SUNNER_ID_123,-16.606779,-71.801611,TR-03_1-123,TCU,radio,4,2
TCU_SUNNER_ID_124,-16.606781,-71.801495,TR-03_1-124,TCU,radio,4,2
TCU_SUNNER_ID_057,-16.603267,-71.80442,TR-04_1-057,TCU,radio,5,2
TCU_SUNNER_ID_058,-16.603269,-71.804304,TR-04_1-058,TCU,radio,5,2
TCU_SUNNER_ID_059,-16.603271,-71.804187,TR-04_1-059,TCU,radio,5,2
TCU_SUNNER_ID_060,-16.603272,-71.804071,TR-04_1-060,TCU,radio,5,2
TCU_SUNNER_ID_061,-16.603274,-71.803955,TR-04_1-061,TCU,radio,5,2
TCU_SUNNER_ID_062,-16.603275,-71.803839,TR-04_1-062,TCU,radio,5,2
TCU_SUNNER_ID_063,-16.603277,-71.803723,TR-04_1-063,TCU,radio,5,2
TCU_SUNNER_ID_064,-16.603445,-71.803609,TR-04_1-064,TCU,radio,5,2
TCU_SUNNER_ID_065,-16.603446,-71.803493,TR-04_1-065,TCU,radio,5,2
TCU_SUNNER_ID_066,-16.603282,-71.803375,TR-04_1-066,TCU,radio,5,2
TCU_SUNNER_ID_067,-16.603283,-71.803259,TR-04_1-067,TCU,radio,5,2
TCU_SUNNER_ID_068,-16.603285,-71.803142,TR-04_1-068,TCU,radio,5,2
TCU_SUNNER_ID_069,-16.603286,-71.803026,TR-04_1-069,TCU,radio,5,2
TCU_SUNNER_ID_070,-16.603288,-71.80291,TR-04_1-070,TCU,radio,5,2
TCU_SUNNER_ID_071,-16.603289,-71.802794,TR-04_1-071,TCU,radio,5,2
TCU_SUNNER_ID_072,-16.603291,-71.802678,TR-04_1-072,TCU,radio,5,2
TCU_SUNNER_ID_073,-16.603292,-71.802562,TR-04_1-073,TCU,radio,5,2
TCU_SUNNER_ID_074,-16.603946,-71.80443,TR-04_1-074,TCU,radio,5,2
TCU_SUNNER_ID_075,-16.603947,-71.804313,TR-04_1-075,TCU,radio,5,2
TCU_SUNNER_ID_076,-16.603949,-71.804197,TR-04_1-076,TCU,radio,5,2
TCU_SUNNER_ID_077,-16.60395,-71.804081,TR-04_1-077,TCU,radio,5,2
TCU_SUNNER_ID_078,-16.603952,-71.803965,TR-04_1-078,TCU,radio,5,2
TCU_SUNNER_ID_079,-16.603953,-71.803849,TR-04_1-079,TCU,radio,5,2
TCU_SUNNER_ID_080,-16.603955,-71.803733,TR-04_1-080,TCU,radio,5,2
TCU_SUNNER_ID_081,-16.603956,-71.803617,TR-04_1-081,TCU,radio,5,2
TCU_SUNNER_ID_082,-16.603958,-71.803501,TR-04_1-082,TCU,radio,5,2
TCU_SUNNER_ID_083,-16.60396,-71.803385,TR-04_1-083,TCU,radio,5,2
TCU_SUNNER_ID_084,-16.603961,-71.803268,TR-04_1-084,TCU,radio,5,2
TCU_SUNNER_ID_085,-16.603963,-71.803152,TR-04_1-085,TCU,radio,5,2
TCU_SUNNER_ID_086,-16.603964,-71.803036,TR-04_1-086,TCU,radio,5,2
TCU_SUNNER_ID_087,-16.603966,-71.80292,TR-04_1-087,TCU,radio,5,2
TCU_SUNNER_ID_088,-16.603967,-71.802804,TR-04_1-088,TCU,radio,5,2
TCU_SUNNER_ID_089,-16.603969,-71.802688,TR-04_1-089,TCU,radio,5,2
TCU_SUNNER_ID_090,-16.603971,-71.802572,TR-04_1-090,TCU,radio,5,2
TCU_SUNNER_ID_091,-16.604624,-71.804439,TR-04_1-091,TCU,radio,5,2
TCU_SUNNER_ID_092,-16.604625,-71.804323,TR-04_1-092,TCU,radio,5,2
TCU_SUNNER_ID_093,-16.604627,-71.804207,TR-04_1-093,TCU,radio,5,2
TCU_SUNNER_ID_094,-16.604628,-71.804091,TR-04_1-094,TCU,radio,5,2
TCU_SUNNER_ID_095,-16.60463,-71.803975,TR-04_1-095,TCU,radio,5,2
TCU_SUNNER_ID_096,-16.604631,-71.803859,TR-04_1-096,TCU,radio,5,2
TCU_SUNNER_ID_097,-16.604633,-71.803743,TR-04_1-097,TCU,radio,5,2
TCU_SUNNER_ID_098,-16.604635,-71.803627,TR-04_1-098,TCU,radio,5,2
TCU_SUNNER_ID_099,-16.604636,-71.80351,TR-04_1-099,TCU,radio,5,2
TCU_SUNNER_ID_100,-16.604638,-71.803394,TR-04_1-100,TCU,radio,5,2
TCU_SUNNER_ID_101,-16.604639,-71.803278,TR-04_1-101,TCU,radio,5,2
TCU_SUNNER_ID_102,-16.604641,-71.803162,TR-04_1-102,TCU,radio,5,2
TCU_SUNNER_ID_103,-16.604642,-71.803046,TR-04_1-103,TCU,radio,5,2
TCU_SUNNER_ID_104,-16.604644,-71.80293,TR-04_1-104,TCU,radio,5,2
TCU_SUNNER_ID_105,-16.604646,-71.802814,TR-04_1-105,TCU,radio,5,2
TCU_SUNNER_ID_106,-16.604647,-71.802698,TR-04_1-106,TCU,radio,5,2
TCU_SUNNER_ID_107,-16.604649,-71.802582,TR-04_1-107,TCU,radio,5,2
TCU_SUNNER_ID_108,-16.605136,-71.804447,TR-04_1-108,TCU,radio,5,2
TCU_SUNNER_ID_109,-16.605138,-71.804331,TR-04_1-109,TCU,radio,5,2
TCU_SUNNER_ID_110,-16.60514,-71.804215,TR-04_1-110,TCU,radio,5,2
TCU_SUNNER_ID_111,-16.605141,-71.804098,TR-04_1-111,TCU,radio,5,2
TCU_SUNNER_ID_112,-16.605143,-71.803982,TR-04_1-112,TCU,radio,5,2
TCU_SUNNER_ID_113,-16.605144,-71.803866,TR-04_1-113,TCU,radio,5,2
TCU_SUNNER_ID_114,-16.605146,-71.80375,TR-04_1-114,TCU,radio,5,2
TCU_SUNNER_ID_115,-16.605147,-71.803634,TR-04_1-115,TCU,radio,5,2
TCU_SUNNER_ID_116,-16.605149,-71.803518,TR-04_1-116,TCU,radio,5,2
TCU_SUNNER_ID_117,-16.605151,-71.803402,TR-04_1-117,TCU,radio,5,2
TCU_SUNNER_ID_118,-16.605152,-71.803286,TR-04_1-118,TCU,radio,5,2
TCU_SUNNER_ID_119,-16.605154,-71.80317,TR-04_1-119,TCU,radio,5,2
TCU_SUNNER_ID_120,-16.60532,-71.803056,TR-04_1-120,TCU,radio,5,2
TCU_SUNNER_ID_121,-16.605322,-71.80294,TR-04_1-121,TCU,radio,5,2
TCU_SUNNER_ID_122,-16.605324,-71.802824,TR-04_1-122,TCU,radio,5,2
TCU_SUNNER_ID_123,-16.605325,-71.802708,TR-04_1-123,TCU,radio,5,2
TCU_SUNNER_ID_124,-16.605327,-71.802591,TR-04_1-124,TCU,radio,5,2
TCU_SUNNER_ID_069,-16.603241,-71.806393,TR-04_2-069,TCU,radio,6,2
TCU_SUNNER_ID_070,-16.603242,-71.806277,TR-04_2-070,TCU,radio,6,2
TCU_SUNNER_ID_071,-16.603244,-71.80616,TR-04_2-071,TCU,radio,6,2
TCU_SUNNER_ID_072,-16.603245,-71.806044,TR-04_2-072,TCU,radio,6,2
TCU_SUNNER_ID_073,-16.603247,-71.805928,TR-04_2-073,TCU,radio,6,2
TCU_SUNNER_ID_074,-16.603249,-71.805812,TR-04_2-074,TCU,radio,6,2
TCU_SUNNER_ID_075,-16.60325,-71.805696,TR-04_2-075,TCU,radio,6,2
TCU_SUNNER_ID_076,-16.603252,-71.80558,TR-04_2-076,TCU,radio,6,2
TCU_SUNNER_ID_077,-16.603419,-71.805466,TR-04_2-077,TCU,radio,6,2
TCU_SUNNER_ID_078,-16.603421,-71.80535,TR-04_2-078,TCU,radio,6,2
TCU_SUNNER_ID_079,-16.603256,-71.805232,TR-04_2-079,TCU,radio,6,2
TCU_SUNNER_ID_080,-16.603258,-71.805115,TR-04_2-080,TCU,radio,6,2
TCU_SUNNER_ID_081,-16.60326,-71.804999,TR-04_2-081,TCU,radio,6,2
TCU_SUNNER_ID_082,-16.603261,-71.804883,TR-04_2-082,TCU,radio,6,2
TCU_SUNNER_ID_083,-16.603263,-71.804767,TR-04_2-083,TCU,radio,6,2
TCU_SUNNER_ID_084,-16.603264,-71.804651,TR-04_2-084,TCU,radio,6,2
TCU_SUNNER_ID_085,-16.603266,-71.804535,TR-04_2-085,TCU,radio,6,2
TCU_SUNNER_ID_086,-16.603919,-71.806402,TR-04_2-086,TCU,radio,6,2
TCU_SUNNER_ID_087,-16.60392,-71.806286,TR-04_2-087,TCU,radio,6,2
TCU_SUNNER_ID_088,-16.603922,-71.80617,TR-04_2-088,TCU,radio,6,2
TCU_SUNNER_ID_089,-16.603924,-71.806054,TR-04_2-089,TCU,radio,6,2
TCU_SUNNER_ID_090,-16.603925,-71.805938,TR-04_2-090,TCU,radio,6,2
TCU_SUNNER_ID_091,-16.603927,-71.805822,TR-04_2-091,TCU,radio,6,2
TCU_SUNNER_ID_092,-16.603928,-71.805706,TR-04_2-092,TCU,radio,6,2
TCU_SUNNER_ID_093,-16.60393,-71.80559,TR-04_2-093,TCU,radio,6,2
TCU_SUNNER_ID_094,-16.603931,-71.805474,TR-04_2-094,TCU,radio,6,2
TCU_SUNNER_ID_095,-16.603933,-71.805357,TR-04_2-095,TCU,radio,6,2
TCU_SUNNER_ID_096,-16.603935,-71.805241,TR-04_2-096,TCU,radio,6,2
TCU_SUNNER_ID_097,-16.603936,-71.805125,TR-04_2-097,TCU,radio,6,2
TCU_SUNNER_ID_098,-16.603938,-71.805009,TR-04_2-098,TCU,radio,6,2
TCU_SUNNER_ID_099,-16.603939,-71.804893,TR-04_2-099,TCU,radio,6,2
TCU_SUNNER_ID_100,-16.603941,-71.804777,TR-04_2-100,TCU,radio,6,2
TCU_SUNNER_ID_101,-16.603942,-71.804661,TR-04_2-101,TCU,radio,6,2
TCU_SUNNER_ID_102,-16.603944,-71.804545,TR-04_2-102,TCU,radio,6,2
TCU_SUNNER_ID_103,-16.604597,-71.806412,TR-04_2-103,TCU,radio,6,2
TCU_SUNNER_ID_104,-16.604599,-71.806296,TR-04_2-104,TCU,radio,6,2
TCU_SUNNER_ID_105,-16.6046,-71.80618,TR-04_2-105,TCU,radio,6,2
TCU_SUNNER_ID_106,-16.604602,-71.806064,TR-04_2-106,TCU,radio,6,2
TCU_SUNNER_ID_107,-16.604603,-71.805948,TR-04_2-107,TCU,radio,6,2
TCU_SUNNER_ID_108,-16.604605,-71.805832,TR-04_2-108,TCU,radio,6,2
TCU_SUNNER_ID_109,-16.604606,-71.805716,TR-04_2-109,TCU,radio,6,2
TCU_SUNNER_ID_110,-16.604608,-71.8056,TR-04_2-110,TCU,radio,6,2
TCU_SUNNER_ID_111,-16.604609,-71.805483,TR-04_2-111,TCU,radio,6,2
TCU_SUNNER_ID_112,-16.604611,-71.805367,TR-04_2-112,TCU,radio,6,2
TCU_SUNNER_ID_113,-16.604613,-71.805251,TR-04_2-113,TCU,radio,6,2
TCU_SUNNER_ID_114,-16.604614,-71.805135,TR-04_2-114,TCU,radio,6,2
TCU_SUNNER_ID_115,-16.604616,-71.805019,TR-04_2-115,TCU,radio,6,2
TCU_SUNNER_ID_116,-16.604617,-71.804903,TR-04_2-116,TCU,radio,6,2
TCU_SUNNER_ID_117,-16.604619,-71.804787,TR-04_2-117,TCU,radio,6,2
TCU_SUNNER_ID_118,-16.60462,-71.804671,TR-04_2-118,TCU,radio,6,2
TCU_SUNNER_ID_119,-16.604622,-71.804555,TR-04_2-119,TCU,radio,6,2
HSU_02,-16.605066,-71.806231,HSU 2 (US),HSU,radio,6,2
TCU_SUNNER_ID_020,-16.598375,-71.79686,TR-05_1-020,TCU,radio,7,2
TCU_SUNNER_ID_021,-16.598377,-71.796744,TR-05_1-021,TCU,radio,7,2
TCU_SUNNER_ID_032,-16.59932,-71.796864,TR-05_1-032,TCU,radio,7,2
TCU_SUNNER_ID_033,-16.599155,-71.796746,TR-05_1-033,TCU,radio,7,2
TCU_SUNNER_ID_034,-16.599157,-71.79663,TR-05_1-034,TCU,radio,7,2
TCU_SUNNER_ID_035,-16.599158,-71.796514,TR-05_1-035,TCU,radio,7,2
TCU_SUNNER_ID_036,-16.59916,-71.796397,TR-05_1-036,TCU,radio,7,2
TCU_SUNNER_ID_037,-16.599162,-71.796281,TR-05_1-037,TCU,radio,7,2
TCU_SUNNER_ID_048,-16.599832,-71.796872,TR-05_1-048,TCU,radio,7,2
TCU_SUNNER_ID_049,-16.599833,-71.796756,TR-05_1-049,TCU,radio,7,2
TCU_SUNNER_ID_050,-16.599835,-71.79664,TR-05_1-050,TCU,radio,7,2
TCU_SUNNER_ID_051,-16.599836,-71.796523,TR-05_1-051,TCU,radio,7,2
TCU_SUNNER_ID_052,-16.599838,-71.796407,TR-05_1-052,TCU,radio,7,2
TCU_SUNNER_ID_053,-16.59984,-71.796291,TR-05_1-053,TCU,radio,7,2
TCU_SUNNER_ID_054,-16.599841,-71.796175,TR-05_1-054,TCU,radio,7,2
TCU_SUNNER_ID_055,-16.599843,-71.796059,TR-05_1-055,TCU,radio,7,2
TCU_SUNNER_ID_056,-16.599844,-71.795943,TR-05_1-056,TCU,radio,7,2
TCU_SUNNER_ID_057,-16.599846,-71.795827,TR-05_1-057,TCU,radio,7,2
TCU_SUNNER_ID_068,-16.60051,-71.796882,TR-05_1-068,TCU,radio,7,2
TCU_SUNNER_ID_069,-16.600511,-71.796765,TR-05_1-069,TCU,radio,7,2
TCU_SUNNER_ID_070,-16.600513,-71.796649,TR-05_1-070,TCU,radio,7,2
TCU_SUNNER_ID_071,-16.600515,-71.796533,TR-05_1-071,TCU,radio,7,2
TCU_SUNNER_ID_072,-16.600516,-71.796417,TR-05_1-072,TCU,radio,7,2
TCU_SUNNER_ID_073,-16.600518,-71.796301,TR-05_1-073,TCU,radio,7,2
TCU_SUNNER_ID_074,-16.600519,-71.796185,TR-05_1-074,TCU,radio,7,2
TCU_SUNNER_ID_075,-16.600521,-71.796069,TR-05_1-075,TCU,radio,7,2
TCU_SUNNER_ID_076,-16.600522,-71.795953,TR-05_1-076,TCU,radio,7,2
TCU_SUNNER_ID_077,-16.600524,-71.795837,TR-05_1-077,TCU,radio,7,2
TCU_SUNNER_ID_078,-16.600525,-71.79572,TR-05_1-078,TCU,radio,7,2
TCU_SUNNER_ID_079,-16.600527,-71.795604,TR-05_1-079,TCU,radio,7,2
TCU_SUNNER_ID_080,-16.600529,-71.795489,TR-05_1-080,TCU,radio,7,2
TCU_SUNNER_ID_081,-16.60053,-71.795373,TR-05_1-081,TCU,radio,7,2
TCU_SUNNER_ID_092,-16.601188,-71.796891,TR-05_1-092,TCU,radio,7,2
TCU_SUNNER_ID_093,-16.60119,-71.796775,TR-05_1-093,TCU,radio,7,2
TCU_SUNNER_ID_094,-16.601191,-71.796659,TR-05_1-094,TCU,radio,7,2
TCU_SUNNER_ID_095,-16.601193,-71.796543,TR-05_1-095,TCU,radio,7,2
TCU_SUNNER_ID_096,-16.601194,-71.796427,TR-05_1-096,TCU,radio,7,2
TCU_SUNNER_ID_097,-16.601196,-71.796311,TR-05_1-097,TCU,radio,7,2
TCU_SUNNER_ID_098,-16.601197,-71.796195,TR-05_1-098,TCU,radio,7,2
TCU_SUNNER_ID_099,-16.601199,-71.796079,TR-05_1-099,TCU,radio,7,2
TCU_SUNNER_ID_100,-16.6012,-71.795962,TR-05_1-100,TCU,radio,7,2
TCU_SUNNER_ID_101,-16.601202,-71.795846,TR-05_1-101,TCU,radio,7,2
TCU_SUNNER_ID_102,-16.601204,-71.79573,TR-05_1-102,TCU,radio,7,2
TCU_SUNNER_ID_103,-16.601205,-71.795614,TR-05_1-103,TCU,radio,7,2
TCU_SUNNER_ID_104,-16.601207,-71.795499,TR-05_1-104,TCU,radio,7,2
TCU_SUNNER_ID_105,-16.601208,-71.795383,TR-05_1-105,TCU,radio,7,2
TCU_SUNNER_ID_106,-16.60121,-71.795267,TR-05_1-106,TCU,radio,7,2
TCU_SUNNER_ID_107,-16.601211,-71.795151,TR-05_1-107,TCU,radio,7,2
TCU_SUNNER_ID_108,-16.601213,-71.795035,TR-05_1-108,TCU,radio,7,2
TCU_SUNNER_ID_109,-16.601894,-71.796205,TR-05_1-109,TCU,radio,7,2
TCU_SUNNER_ID_110,-16.601896,-71.796089,TR-05_1-110,TCU,radio,7,2
TCU_SUNNER_ID_111,-16.601897,-71.795973,TR-05_1-111,TCU,radio,7,2
TCU_SUNNER_ID_112,-16.601899,-71.795856,TR-05_1-112,TCU,radio,7,2
TCU_SUNNER_ID_113,-16.601901,-71.79574,TR-05_1-113,TCU,radio,7,2
TCU_SUNNER_ID_114,-16.601902,-71.795624,TR-05_1-114,TCU,radio,7,2
TCU_SUNNER_ID_115,-16.601904,-71.795509,TR-05_1-115,TCU,radio,7,2
TCU_SUNNER_ID_116,-16.601905,-71.795393,TR-05_1-116,TCU,radio,7,2
TCU_SUNNER_ID_117,-16.601907,-71.795277,TR-05_1-117,TCU,radio,7,2
TCU_SUNNER_ID_118,-16.601908,-71.795161,TR-05_1-118,TCU,radio,7,2
TCU_SUNNER_ID_119,-16.60191,-71.795045,TR-05_1-119,TCU,radio,7,2
REP_03,-16.59985,-71.795553,REP 3 (SP),REP,radio,7,2
TCU_SUNNER_ID_070,-16.599115,-71.799715,TR-05_2-070,TCU,radio,8,2
TCU_SUNNER_ID_071,-16.599117,-71.799599,TR-05_2-071,TCU,radio,8,2
TCU_SUNNER_ID_072,-16.599118,-71.799483,TR-05_2-072,TCU,radio,8,2
TCU_SUNNER_ID_073,-16.599121,-71.799299,TR-05_2-073,TCU,radio,8,2
TCU_SUNNER_ID_074,-16.599122,-71.799183,TR-05_2-074,TCU,radio,8,2
TCU_SUNNER_ID_075,-16.599124,-71.799067,TR-05_2-075,TCU,radio,8,2
TCU_SUNNER_ID_076,-16.599292,-71.798953,TR-05_2-076,TCU,radio,8,2
TCU_SUNNER_ID_077,-16.599293,-71.798837,TR-05_2-077,TCU,radio,8,2
TCU_SUNNER_ID_078,-16.599129,-71.798719,TR-05_2-078,TCU,radio,8,2
TCU_SUNNER_ID_079,-16.59913,-71.798603,TR-05_2-079,TCU,radio,8,2
TCU_SUNNER_ID_080,-16.599132,-71.798487,TR-05_2-080,TCU,radio,8,2
TCU_SUNNER_ID_081,-16.599133,-71.798371,TR-05_2-081,TCU,radio,8,2
TCU_SUNNER_ID_082,-16.599135,-71.798255,TR-05_2-082,TCU,radio,8,2
TCU_SUNNER_ID_083,-16.599137,-71.798139,TR-05_2-083,TCU,radio,8,2
TCU_SUNNER_ID_084,-16.599793,-71.799725,TR-05_2-084,TCU,radio,8,2
TCU_SUNNER_ID_085,-16.599795,-71.799609,TR-05_2-085,TCU,radio,8,2
TCU_SUNNER_ID_086,-16.599796,-71.799493,TR-05_2-086,TCU,radio,8,2
TCU_SUNNER_ID_087,-16.599799,-71.799309,TR-05_2-087,TCU,radio,8,2
TCU_SUNNER_ID_088,-16.599801,-71.799193,TR-05_2-088,TCU,radio,8,2
TCU_SUNNER_ID_089,-16.599802,-71.799077,TR-05_2-089,TCU,radio,8,2
TCU_SUNNER_ID_090,-16.599804,-71.798961,TR-05_2-090,TCU,radio,8,2
TCU_SUNNER_ID_091,-16.599805,-71.798845,TR-05_2-091,TCU,radio,8,2
TCU_SUNNER_ID_092,-16.599807,-71.798729,TR-05_2-092,TCU,radio,8,2
TCU_SUNNER_ID_093,-16.599808,-71.798612,TR-05_2-093,TCU,radio,8,2
TCU_SUNNER_ID_094,-16.59981,-71.798496,TR-05_2-094,TCU,radio,8,2
TCU_SUNNER_ID_095,-16.599811,-71.798381,TR-05_2-095,TCU,radio,8,2
TCU_SUNNER_ID_096,-16.599813,-71.798265,TR-05_2-096,TCU,radio,8,2
TCU_SUNNER_ID_097,-16.599815,-71.798149,TR-05_2-097,TCU,radio,8,2
TCU_SUNNER_ID_098,-16.600477,-71.799319,TR-05_2-098,TCU,radio,8,2
TCU_SUNNER_ID_099,-16.600479,-71.799203,TR-05_2-099,TCU,radio,8,2
TCU_SUNNER_ID_100,-16.60048,-71.799087,TR-05_2-100,TCU,radio,8,2
TCU_SUNNER_ID_101,-16.600482,-71.798971,TR-05_2-101,TCU,radio,8,2
TCU_SUNNER_ID_102,-16.600483,-71.798854,TR-05_2-102,TCU,radio,8,2
TCU_SUNNER_ID_103,-16.600485,-71.798738,TR-05_2-103,TCU,radio,8,2
TCU_SUNNER_ID_104,-16.600486,-71.798622,TR-05_2-104,TCU,radio,8,2
TCU_SUNNER_ID_105,-16.600488,-71.798506,TR-05_2-105,TCU,radio,8,2
TCU_SUNNER_ID_106,-16.60049,-71.798391,TR-05_2-106,TCU,radio,8,2
TCU_SUNNER_ID_107,-16.600491,-71.798275,TR-05_2-107,TCU,radio,8,2
TCU_SUNNER_ID_108,-16.600493,-71.798159,TR-05_2-108,TCU,radio,8,2
TCU_SUNNER_ID_109,-16.601155,-71.799329,TR-05_2-109,TCU,radio,8,2
TCU_SUNNER_ID_110,-16.601157,-71.799213,TR-05_2-110,TCU,radio,8,2
TCU_SUNNER_ID_111,-16.601158,-71.799097,TR-05_2-111,TCU,radio,8,2
TCU_SUNNER_ID_112,-16.60116,-71.79898,TR-05_2-112,TCU,radio,8,2
TCU_SUNNER_ID_113,-16.601161,-71.798864,TR-05_2-113,TCU,radio,8,2
TCU_SUNNER_ID_114,-16.601163,-71.798748,TR-05_2-114,TCU,radio,8,2
TCU_SUNNER_ID_115,-16.601165,-71.798632,TR-05_2-115,TCU,radio,8,2
TCU_SUNNER_ID_116,-16.601166,-71.798516,TR-05_2-116,TCU,radio,8,2
TCU_SUNNER_ID_117,-16.601168,-71.798401,TR-05_2-117,TCU,radio,8,2
TCU_SUNNER_ID_118,-16.601169,-71.798285,TR-05_2-118,TCU,radio,8,2
TCU_SUNNER_ID_119,-16.601171,-71.798169,TR-05_2-119,TCU,radio,8,2
TCU_SUNNER_ID_049,-16.597728,-71.802017,TR-03_2-049,TCU,radio,9,2
TCU_SUNNER_ID_050,-16.597729,-71.801901,TR-03_2-050,TCU,radio,9,2
TCU_SUNNER_ID_051,-16.597731,-71.801784,TR-03_2-051,TCU,radio,9,2
TCU_SUNNER_ID_052,-16.597733,-71.801668,TR-03_2-052,TCU,radio,9,2
TCU_SUNNER_ID_053,-16.597734,-71.801552,TR-03_2-053,TCU,radio,9,2
TCU_SUNNER_ID_054,-16.597736,-71.801437,TR-03_2-054,TCU,radio,9,2
TCU_SUNNER_ID_055,-16.597737,-71.801321,TR-03_2-055,TCU,radio,9,2
TCU_SUNNER_ID_056,-16.597739,-71.801205,TR-03_2-056,TCU,radio,9,2
TCU_SUNNER_ID_057,-16.59774,-71.801088,TR-03_2-057,TCU,radio,9,2
TCU_SUNNER_ID_058,-16.597908,-71.800975,TR-03_2-058,TCU,radio,9,2
TCU_SUNNER_ID_059,-16.59791,-71.800859,TR-03_2-059,TCU,radio,9,2
TCU_SUNNER_ID_060,-16.597745,-71.80074,TR-03_2-060,TCU,radio,9,2
TCU_SUNNER_ID_061,-16.597747,-71.800624,TR-03_2-061,TCU,radio,9,2
TCU_SUNNER_ID_062,-16.597748,-71.800508,TR-03_2-062,TCU,radio,9,2
TCU_SUNNER_ID_063,-16.59775,-71.800392,TR-03_2-063,TCU,radio,9,2
TCU_SUNNER_ID_064,-16.597751,-71.800276,TR-03_2-064,TCU,radio,9,2
TCU_SUNNER_ID_065,-16.597753,-71.80016,TR-03_2-065,TCU,radio,9,2
TCU_SUNNER_ID_066,-16.597754,-71.800044,TR-03_2-066,TCU,radio,9,2
TCU_SUNNER_ID_067,-16.597756,-71.799928,TR-03_2-067,TCU,radio,9,2
TCU_SUNNER_ID_068,-16.597758,-71.799812,TR-03_2-068,TCU,radio,9,2
TCU_SUNNER_ID_069,-16.598406,-71.802026,TR-03_2-069,TCU,radio,9,2
TCU_SUNNER_ID_070,-16.598407,-71.80191,TR-03_2-070,TCU,radio,9,2
TCU_SUNNER_ID_071,-16.598409,-71.801794,TR-03_2-071,TCU,radio,9,2
TCU_SUNNER_ID_072,-16.598411,-71.801678,TR-03_2-072,TCU,radio,9,2
TCU_SUNNER_ID_073,-16.598412,-71.801562,TR-03_2-073,TCU,radio,9,2
TCU_SUNNER_ID_074,-16.598414,-71.801447,TR-03_2-074,TCU,radio,9,2
TCU_SUNNER_ID_075,-16.598415,-71.801331,TR-03_2-075,TCU,radio,9,2
TCU_SUNNER_ID_076,-16.598417,-71.801215,TR-03_2-076,TCU,radio,9,2
TCU_SUNNER_ID_077,-16.598418,-71.801099,TR-03_2-077,TCU,radio,9,2
TCU_SUNNER_ID_078,-16.59842,-71.800982,TR-03_2-078,TCU,radio,9,2
TCU_SUNNER_ID_079,-16.598422,-71.800866,TR-03_2-079,TCU,radio,9,2
TCU_SUNNER_ID_080,-16.598423,-71.80075,TR-03_2-080,TCU,radio,9,2
TCU_SUNNER_ID_081,-16.598425,-71.800634,TR-03_2-081,TCU,radio,9,2
TCU_SUNNER_ID_082,-16.598426,-71.800518,TR-03_2-082,TCU,radio,9,2
TCU_SUNNER_ID_083,-16.598428,-71.800402,TR-03_2-083,TCU,radio,9,2
TCU_SUNNER_ID_084,-16.598429,-71.800286,TR-03_2-084,TCU,radio,9,2
TCU_SUNNER_ID_085,-16.598431,-71.80017,TR-03_2-085,TCU,radio,9,2
TCU_SUNNER_ID_086,-16.598433,-71.800054,TR-03_2-086,TCU,radio,9,2
TCU_SUNNER_ID_087,-16.598434,-71.799937,TR-03_2-087,TCU,radio,9,2
TCU_SUNNER_ID_088,-16.598436,-71.799821,TR-03_2-088,TCU,radio,9,2
TCU_SUNNER_ID_089,-16.599084,-71.802036,TR-03_2-089,TCU,radio,9,2
TCU_SUNNER_ID_090,-16.599086,-71.80192,TR-03_2-090,TCU,radio,9,2
TCU_SUNNER_ID_091,-16.599087,-71.801804,TR-03_2-091,TCU,radio,9,2
TCU_SUNNER_ID_092,-16.599089,-71.801688,TR-03_2-092,TCU,radio,9,2
TCU_SUNNER_ID_093,-16.59909,-71.801572,TR-03_2-093,TCU,radio,9,2
TCU_SUNNER_ID_094,-16.599092,-71.801457,TR-03_2-094,TCU,radio,9,2
TCU_SUNNER_ID_095,-16.599093,-71.801341,TR-03_2-095,TCU,radio,9,2
TCU_SUNNER_ID_096,-16.599095,-71.801224,TR-03_2-096,TCU,radio,9,2
TCU_SUNNER_ID_097,-16.599097,-71.801108,TR-03_2-097,TCU,radio,9,2
TCU_SUNNER_ID_098,-16.599098,-71.800992,TR-03_2-098,TCU,radio,9,2
TCU_SUNNER_ID_099,-16.5991,-71.800876,TR-03_2-099,TCU,radio,9,2
TCU_SUNNER_ID_100,-16.599101,-71.80076,TR-03_2-100,TCU,radio,9,2
TCU_SUNNER_ID_101,-16.599103,-71.800644,TR-03_2-101,TCU,radio,9,2
TCU_SUNNER_ID_102,-16.599104,-71.800528,TR-03_2-102,TCU,radio,9,2
TCU_SUNNER_ID_103,-16.599106,-71.800412,TR-03_2-103,TCU,radio,9,2
TCU_SUNNER_ID_104,-16.599107,-71.800296,TR-03_2-104,TCU,radio,9,2
TCU_SUNNER_ID_105,-16.599109,-71.800179,TR-03_2-105,TCU,radio,9,2
TCU_SUNNER_ID_106,-16.599111,-71.800063,TR-03_2-106,TCU,radio,9,2
TCU_SUNNER_ID_107,-16.599112,-71.799947,TR-03_2-107,TCU,radio,9,2
TCU_SUNNER_ID_108,-16.599114,-71.799831,TR-03_2-108,TCU,radio,9,2
TCU_SUNNER_ID_109,-16.599775,-71.801118,TR-03_2-109,TCU,radio,9,2
TCU_SUNNER_ID_110,-16.599776,-71.801002,TR-03_2-110,TCU,radio,9,2
TCU_SUNNER_ID_111,-16.599778,-71.800886,TR-03_2-111,TCU,radio,9,2
TCU_SUNNER_ID_112,-16.599779,-71.80077,TR-03_2-112,TCU,radio,9,2
TCU_SUNNER_ID_113,-16.599781,-71.800654,TR-03_2-113,TCU,radio,9,2
TCU_SUNNER_ID_114,-16.599782,-71.800538,TR-03_2-114,TCU,radio,9,2
TCU_SUNNER_ID_115,-16.599784,-71.800422,TR-03_2-115,TCU,radio,9,2
TCU_SUNNER_ID_116,-16.599786,-71.800305,TR-03_2-116,TCU,radio,9,2
TCU_SUNNER_ID_117,-16.599787,-71.800189,TR-03_2-117,TCU,radio,9,2
TCU_SUNNER_ID_118,-16.599789,-71.800073,TR-03_2-118,TCU,radio,9,2
TCU_SUNNER_ID_119,-16.59979,-71.799957,TR-03_2-119,TCU,radio,9,2
TCU_SUNNER_ID_120,-16.599792,-71.799841,TR-03_2-120,TCU,radio,9,2
TCU_SUNNER_ID_063,-16.597701,-71.80399,TR-06_1-063,TCU,radio,10,2
TCU_SUNNER_ID_064,-16.597703,-71.803874,TR-06_1-064,TCU,radio,10,2
TCU_SUNNER_ID_065,-16.597704,-71.803758,TR-06_1-065,TCU,radio,10,2
TCU_SUNNER_ID_066,-16.597706,-71.803642,TR-06_1-066,TCU,radio,10,2
TCU_SUNNER_ID_067,-16.597707,-71.803526,TR-06_1-067,TCU,radio,10,2
TCU_SUNNER_ID_068,-16.597709,-71.80341,TR-06_1-068,TCU,radio,10,2
TCU_SUNNER_ID_069,-16.597711,-71.803294,TR-06_1-069,TCU,radio,10,2
TCU_SUNNER_ID_070,-16.597712,-71.803178,TR-06_1-070,TCU,radio,10,2
TCU_SUNNER_ID_071,-16.597714,-71.803062,TR-06_1-071,TCU,radio,10,2
TCU_SUNNER_ID_072,-16.597715,-71.802946,TR-06_1-072,TCU,radio,10,2
TCU_SUNNER_ID_073,-16.597717,-71.802829,TR-06_1-073,TCU,radio,10,2
TCU_SUNNER_ID_074,-16.597885,-71.802716,TR-06_1-074,TCU,radio,10,2
TCU_SUNNER_ID_075,-16.597886,-71.8026,TR-06_1-075,TCU,radio,10,2
TCU_SUNNER_ID_076,-16.597722,-71.802481,TR-06_1-076,TCU,radio,10,2
TCU_SUNNER_ID_077,-16.597723,-71.802365,TR-06_1-077,TCU,radio,10,2
TCU_SUNNER_ID_078,-16.597725,-71.802249,TR-06_1-078,TCU,radio,10,2
TCU_SUNNER_ID_079,-16.597726,-71.802133,TR-06_1-079,TCU,radio,10,2
TCU_SUNNER_ID_080,-16.598379,-71.804,TR-06_1-080,TCU,radio,10,2
TCU_SUNNER_ID_081,-16.598381,-71.803884,TR-06_1-081,TCU,radio,10,2
TCU_SUNNER_ID_082,-16.598382,-71.803768,TR-06_1-082,TCU,radio,10,2
TCU_SUNNER_ID_083,-16.598384,-71.803652,TR-06_1-083,TCU,radio,10,2
TCU_SUNNER_ID_084,-16.598386,-71.803536,TR-06_1-084,TCU,radio,10,2
TCU_SUNNER_ID_085,-16.598387,-71.80342,TR-06_1-085,TCU,radio,10,2
TCU_SUNNER_ID_086,-16.598389,-71.803304,TR-06_1-086,TCU,radio,10,2
TCU_SUNNER_ID_087,-16.59839,-71.803188,TR-06_1-087,TCU,radio,10,2
TCU_SUNNER_ID_088,-16.598392,-71.803071,TR-06_1-088,TCU,radio,10,2
TCU_SUNNER_ID_089,-16.598393,-71.802955,TR-06_1-089,TCU,radio,10,2
TCU_SUNNER_ID_090,-16.598395,-71.802839,TR-06_1-090,TCU,radio,10,2
TCU_SUNNER_ID_091,-16.598397,-71.802723,TR-06_1-091,TCU,radio,10,2
TCU_SUNNER_ID_092,-16.598398,-71.802607,TR-06_1-092,TCU,radio,10,2
TCU_SUNNER_ID_093,-16.5984,-71.802491,TR-06_1-093,TCU,radio,10,2
TCU_SUNNER_ID_094,-16.598401,-71.802375,TR-06_1-094,TCU,radio,10,2
TCU_SUNNER_ID_095,-16.598403,-71.802259,TR-06_1-095,TCU,radio,10,2
TCU_SUNNER_ID_096,-16.598404,-71.802143,TR-06_1-096,TCU,radio,10,2
TCU_SUNNER_ID_097,-16.599057,-71.80401,TR-06_1-097,TCU,radio,10,2
TCU_SUNNER_ID_098,-16.599059,-71.803894,TR-06_1-098,TCU,radio,10,2
TCU_SUNNER_ID_099,-16.599061,-71.803778,TR-06_1-099,TCU,radio,10,2
TCU_SUNNER_ID_100,-16.599062,-71.803662,TR-06_1-100,TCU,radio,10,2
TCU_SUNNER_ID_101,-16.599064,-71.803546,TR-06_1-101,TCU,radio,10,2
TCU_SUNNER_ID_102,-16.599065,-71.80343,TR-06_1-102,TCU,radio,10,2
TCU_SUNNER_ID_103,-16.599067,-71.803314,TR-06_1-103,TCU,radio,10,2
TCU_SUNNER_ID_104,-16.599068,-71.803197,TR-06_1-104,TCU,radio,10,2
TCU_SUNNER_ID_105,-16.59907,-71.803081,TR-06_1-105,TCU,radio,10,2
TCU_SUNNER_ID_106,-16.599071,-71.802965,TR-06_1-106,TCU,radio,10,2
TCU_SUNNER_ID_107,-16.599073,-71.802849,TR-06_1-107,TCU,radio,10,2
TCU_SUNNER_ID_108,-16.599075,-71.802733,TR-06_1-108,TCU,radio,10,2
TCU_SUNNER_ID_109,-16.599076,-71.802617,TR-06_1-109,TCU,radio,10,2
TCU_SUNNER_ID_110,-16.599078,-71.802501,TR-06_1-110,TCU,radio,10,2
TCU_SUNNER_ID_111,-16.599079,-71.802385,TR-06_1-111,TCU,radio,10,2
TCU_SUNNER_ID_112,-16.599081,-71.802269,TR-06_1-112,TCU,radio,10,2
TCU_SUNNER_ID_113,-16.599082,-71.802152,TR-06_1-113,TCU,radio,10,2
TCU_SUNNER_ID_114,-16.599735,-71.80402,TR-06_1-114,TCU,radio,10,2
TCU_SUNNER_ID_115,-16.599737,-71.803904,TR-06_1-115,TCU,radio,10,2
TCU_SUNNER_ID_116,-16.599739,-71.803788,TR-06_1-116,TCU,radio,10,2
TCU_SUNNER_ID_117,-16.59974,-71.803672,TR-06_1-117,TCU,radio,10,2
TCU_SUNNER_ID_118,-16.599742,-71.803556,TR-06_1-118,TCU,radio,10,2
TCU_SUNNER_ID_119,-16.599743,-71.803439,TR-06_1-119,TCU,radio,10,2
TCU_SUNNER_ID_039,-16.59767,-71.806312,TR-06_2-039,TCU,radio,11,2
TCU_SUNNER_ID_040,-16.597671,-71.806196,TR-06_2-040,TCU,radio,11,2
TCU_SUNNER_ID_041,-16.597673,-71.80608,TR-06_2-041,TCU,radio,11,2
TCU_SUNNER_ID_042,-16.597675,-71.805963,TR-06_2-042,TCU,radio,11,2
TCU_SUNNER_ID_043,-16.597676,-71.805847,TR-06_2-043,TCU,radio,11,2
TCU_SUNNER_ID_044,-16.597678,-71.805731,TR-06_2-044,TCU,radio,11,2
TCU_SUNNER_ID_045,-16.597679,-71.805615,TR-06_2-045,TCU,radio,11,2
TCU_SUNNER_ID_046,-16.597681,-71.805499,TR-06_2-046,TCU,radio,11,2
TCU_SUNNER_ID_047,-16.597682,-71.805383,TR-06_2-047,TCU,radio,11,2
TCU_SUNNER_ID_048,-16.597684,-71.805267,TR-06_2-048,TCU,radio,11,2
TCU_SUNNER_ID_049,-16.597686,-71.805151,TR-06_2-049,TCU,radio,11,2
TCU_SUNNER_ID_050,-16.597687,-71.805035,TR-06_2-050,TCU,radio,11,2
TCU_SUNNER_ID_051,-16.597855,-71.804921,TR-06_2-051,TCU,radio,11,2
TCU_SUNNER_ID_052,-16.597856,-71.804805,TR-06_2-052,TCU,radio,11,2
TCU_SUNNER_ID_053,-16.597692,-71.804686,TR-06_2-053,TCU,radio,11,2
TCU_SUNNER_ID_054,-16.597693,-71.80457,TR-06_2-054,TCU,radio,11,2
TCU_SUNNER_ID_055,-16.597695,-71.804454,TR-06_2-055,TCU,radio,11,2
TCU_SUNNER_ID_056,-16.597697,-71.804339,TR-06_2-056,TCU,radio,11,2
TCU_SUNNER_ID_057,-16.597698,-71.804223,TR-06_2-057,TCU,radio,11,2
TCU_SUNNER_ID_058,-16.5977,-71.804107,TR-06_2-058,TCU,radio,11,2
TCU_SUNNER_ID_059,-16.598348,-71.806322,TR-06_2-059,TCU,radio,11,2
TCU_SUNNER_ID_060,-16.59835,-71.806205,TR-06_2-060,TCU,radio,11,2
TCU_SUNNER_ID_061,-16.598351,-71.806089,TR-06_2-061,TCU,radio,11,2
TCU_SUNNER_ID_062,-16.598353,-71.805973,TR-06_2-062,TCU,radio,11,2
TCU_SUNNER_ID_063,-16.598354,-71.805857,TR-06_2-063,TCU,radio,11,2
TCU_SUNNER_ID_064,-16.598356,-71.805741,TR-06_2-064,TCU,radio,11,2
TCU_SUNNER_ID_065,-16.598357,-71.805625,TR-06_2-065,TCU,radio,11,2
TCU_SUNNER_ID_066,-16.598359,-71.805509,TR-06_2-066,TCU,radio,11,2
TCU_SUNNER_ID_067,-16.598361,-71.805393,TR-06_2-067,TCU,radio,11,2
TCU_SUNNER_ID_068,-16.598362,-71.805277,TR-06_2-068,TCU,radio,11,2
TCU_SUNNER_ID_069,-16.598364,-71.80516,TR-06_2-069,TCU,radio,11,2
TCU_SUNNER_ID_070,-16.598365,-71.805044,TR-06_2-070,TCU,radio,11,2
TCU_SUNNER_ID_071,-16.598367,-71.804928,TR-06_2-071,TCU,radio,11,2
TCU_SUNNER_ID_072,-16.598368,-71.804812,TR-06_2-072,TCU,radio,11,2
TCU_SUNNER_ID_073,-16.59837,-71.804696,TR-06_2-073,TCU,radio,11,2
TCU_SUNNER_ID_074,-16.598371,-71.80458,TR-06_2-074,TCU,radio,11,2
TCU_SUNNER_ID_075,-16.598373,-71.804464,TR-06_2-075,TCU,radio,11,2
TCU_SUNNER_ID_076,-16.598375,-71.804349,TR-06_2-076,TCU,radio,11,2
TCU_SUNNER_ID_077,-16.598376,-71.804233,TR-06_2-077,TCU,radio,11,2
TCU_SUNNER_ID_078,-16.598378,-71.804116,TR-06_2-078,TCU,radio,11,2
TCU_SUNNER_ID_079,-16.599026,-71.806331,TR-06_2-079,TCU,radio,11,2
TCU_SUNNER_ID_080,-16.599028,-71.806215,TR-06_2-080,TCU,radio,11,2
TCU_SUNNER_ID_081,-16.599029,-71.806099,TR-06_2-081,TCU,radio,11,2
TCU_SUNNER_ID_082,-16.599031,-71.805983,TR-06_2-082,TCU,radio,11,2
TCU_SUNNER_ID_083,-16.599032,-71.805867,TR-06_2-083,TCU,radio,11,2
TCU_SUNNER_ID_084,-16.599034,-71.805751,TR-06_2-084,TCU,radio,11,2
TCU_SUNNER_ID_085,-16.599035,-71.805635,TR-06_2-085,TCU,radio,11,2
TCU_SUNNER_ID_086,-16.599037,-71.805519,TR-06_2-086,TCU,radio,11,2
TCU_SUNNER_ID_087,-16.599039,-71.805403,TR-06_2-087,TCU,radio,11,2
TCU_SUNNER_ID_088,-16.59904,-71.805286,TR-06_2-088,TCU,radio,11,2
TCU_SUNNER_ID_089,-16.599042,-71.80517,TR-06_2-089,TCU,radio,11,2
TCU_SUNNER_ID_090,-16.599043,-71.805054,TR-06_2-090,TCU,radio,11,2
TCU_SUNNER_ID_091,-16.599045,-71.804938,TR-06_2-091,TCU,radio,11,2
TCU_SUNNER_ID_092,-16.599046,-71.804822,TR-06_2-092,TCU,radio,11,2
TCU_SUNNER_ID_093,-16.599048,-71.804706,TR-06_2-093,TCU,radio,11,2
TCU_SUNNER_ID_094,-16.59905,-71.80459,TR-06_2-094,TCU,radio,11,2
TCU_SUNNER_ID_095,-16.599051,-71.804474,TR-06_2-095,TCU,radio,11,2
TCU_SUNNER_ID_096,-16.599053,-71.804359,TR-06_2-096,TCU,radio,11,2
TCU_SUNNER_ID_097,-16.599054,-71.804242,TR-06_2-097,TCU,radio,11,2
TCU_SUNNER_ID_098,-16.599056,-71.804126,TR-06_2-098,TCU,radio,11,2
TCU_SUNNER_ID_099,-16.599704,-71.806341,TR-06_2-099,TCU,radio,11,2
TCU_SUNNER_ID_100,-16.599706,-71.806225,TR-06_2-100,TCU,radio,11,2
TCU_SUNNER_ID_101,-16.599707,-71.806109,TR-06_2-101,TCU,radio,11,2
TCU_SUNNER_ID_102,-16.599709,-71.805993,TR-06_2-102,TCU,radio,11,2
TCU_SUNNER_ID_103,-16.59971,-71.805877,TR-06_2-103,TCU,radio,11,2
TCU_SUNNER_ID_104,-16.599712,-71.805761,TR-06_2-104,TCU,radio,11,2
TCU_SUNNER_ID_105,-16.599714,-71.805645,TR-06_2-105,TCU,radio,11,2
TCU_SUNNER_ID_106,-16.599715,-71.805529,TR-06_2-106,TCU,radio,11,2
TCU_SUNNER_ID_107,-16.599717,-71.805412,TR-06_2-107,TCU,radio,11,2
TCU_SUNNER_ID_108,-16.599718,-71.805296,TR-06_2-108,TCU,radio,11,2
TCU_SUNNER_ID_109,-16.59972,-71.80518,TR-06_2-109,TCU,radio,11,2
TCU_SUNNER_ID_110,-16.599721,-71.805064,TR-06_2-110,TCU,radio,11,2
TCU_SUNNER_ID_111,-16.599723,-71.804948,TR-06_2-111,TCU,radio,11,2
TCU_SUNNER_ID_112,-16.599725,-71.804832,TR-06_2-112,TCU,radio,11,2
TCU_SUNNER_ID_113,-16.599726,-71.804716,TR-06_2-113,TCU,radio,11,2
TCU_SUNNER_ID_114,-16.599728,-71.8046,TR-06_2-114,TCU,radio,11,2
TCU_SUNNER_ID_115,-16.599729,-71.804484,TR-06_2-115,TCU,radio,11,2
TCU_SUNNER_ID_116,-16.599731,-71.804368,TR-06_2-116,TCU,radio,11,2
TCU_SUNNER_ID_117,-16.599732,-71.804252,TR-06_2-117,TCU,radio,11,2
TCU_SUNNER_ID_118,-16.599734,-71.804136,TR-06_2-118,TCU,radio,11,2
TCU_SUNNER_ID_007,-16.590169,-71.802059,TR-07_1-007,TCU,radio,12,2
TCU_SUNNER_ID_008,-16.590171,-71.801943,TR-07_1-008,TCU,radio,12,2
TCU_SUNNER_ID_015,-16.590847,-71.802069,TR-07_1-015,TCU,radio,12,2
TCU_SUNNER_ID_016,-16.590849,-71.801953,TR-07_1-016,TCU,radio,12,2
TCU_SUNNER_ID_017,-16.590851,-71.801836,TR-07_1-017,TCU,radio,12,2
TCU_SUNNER_ID_018,-16.590852,-71.80172,TR-07_1-018,TCU,radio,12,2
TCU_SUNNER_ID_019,-16.590854,-71.801605,TR-07_1-019,TCU,radio,12,2
TCU_SUNNER_ID_026,-16.591526,-71.802078,TR-07_1-026,TCU,radio,12,2
TCU_SUNNER_ID_027,-16.591527,-71.801962,TR-07_1-027,TCU,radio,12,2
TCU_SUNNER_ID_028,-16.591529,-71.801846,TR-07_1-028,TCU,radio,12,2
TCU_SUNNER_ID_029,-16.59153,-71.80173,TR-07_1-029,TCU,radio,12,2
TCU_SUNNER_ID_030,-16.591532,-71.801615,TR-07_1-030,TCU,radio,12,2
TCU_SUNNER_ID_031,-16.591533,-71.801499,TR-07_1-031,TCU,radio,12,2
TCU_SUNNER_ID_032,-16.591535,-71.801383,TR-07_1-032,TCU,radio,12,2
TCU_SUNNER_ID_033,-16.591536,-71.801267,TR-07_1-033,TCU,radio,12,2
TCU_SUNNER_ID_034,-16.591538,-71.801151,TR-07_1-034,TCU,radio,12,2
TCU_SUNNER_ID_044,-16.592208,-71.80174,TR-07_1-044,TCU,radio,12,2
TCU_SUNNER_ID_045,-16.59221,-71.801625,TR-07_1-045,TCU,radio,12,2
TCU_SUNNER_ID_046,-16.592211,-71.801509,TR-07_1-046,TCU,radio,12,2
TCU_SUNNER_ID_047,-16.592213,-71.801393,TR-07_1-047,TCU,radio,12,2
TCU_SUNNER_ID_048,-16.592215,-71.801276,TR-07_1-048,TCU,radio,12,2
TCU_SUNNER_ID_049,-16.592216,-71.80116,TR-07_1-049,TCU,radio,12,2
TCU_SUNNER_ID_050,-16.592218,-71.801044,TR-07_1-050,TCU,radio,12,2
TCU_SUNNER_ID_051,-16.592219,-71.800928,TR-07_1-051,TCU,radio,12,2
TCU_SUNNER_ID_052,-16.592221,-71.800812,TR-07_1-052,TCU,radio,12,2
TCU_SUNNER_ID_053,-16.592222,-71.800696,TR-07_1-053,TCU,radio,12,2
TCU_SUNNER_ID_067,-16.593018,-71.801429,TR-07_1-067,TCU,radio,12,2
TCU_SUNNER_ID_068,-16.59302,-71.801313,TR-07_1-068,TCU,radio,12,2
TCU_SUNNER_ID_069,-16.593021,-71.801197,TR-07_1-069,TCU,radio,12,2
TCU_SUNNER_ID_070,-16.593023,-71.801081,TR-07_1-070,TCU,radio,12,2
TCU_SUNNER_ID_071,-16.593024,-71.800965,TR-07_1-071,TCU,radio,12,2
TCU_SUNNER_ID_072,-16.593026,-71.800849,TR-07_1-072,TCU,radio,12,2
TCU_SUNNER_ID_073,-16.593027,-71.800733,TR-07_1-073,TCU,radio,12,2
TCU_SUNNER_ID_074,-16.593029,-71.800617,TR-07_1-074,TCU,radio,12,2
TCU_SUNNER_ID_075,-16.593031,-71.800501,TR-07_1-075,TCU,radio,12,2
TCU_SUNNER_ID_076,-16.593032,-71.800385,TR-07_1-076,TCU,radio,12,2
TCU_SUNNER_ID_077,-16.593034,-71.800268,TR-07_1-077,TCU,radio,12,2
TCU_SUNNER_ID_078,-16.593035,-71.800152,TR-07_1-078,TCU,radio,12,2
TCU_SUNNER_ID_092,-16.59371,-71.800394,TR-07_1-092,TCU,radio,12,2
TCU_SUNNER_ID_093,-16.593712,-71.800278,TR-07_1-093,TCU,radio,12,2
TCU_SUNNER_ID_094,-16.593713,-71.800162,TR-07_1-094,TCU,radio,12,2
TCU_SUNNER_ID_095,-16.593715,-71.800046,TR-07_1-095,TCU,radio,12,2
TCU_SUNNER_ID_096,-16.593716,-71.79993,TR-07_1-096,TCU,radio,12,2
TCU_SUNNER_ID_110,-16.594393,-71.800056,TR-07_1-110,TCU,radio,12,2
TCU_SUNNER_ID_111,-16.594395,-71.79994,TR-07_1-111,TCU,radio,12,2
TCU_SUNNER_ID_112,-16.594396,-71.799824,TR-07_1-112,TCU,radio,12,2
TCU_SUNNER_ID_113,-16.595071,-71.800066,TR-07_1-113,TCU,radio,12,2
TCU_SUNNER_ID_114,-16.595073,-71.79995,TR-07_1-114,TCU,radio,12,2
TCU_SUNNER_ID_115,-16.595074,-71.799834,TR-07_1-115,TCU,radio,12,2
TCU_SUNNER_ID_116,-16.595076,-71.799717,TR-07_1-116,TCU,radio,12,2
TCU_SUNNER_ID_117,-16.594913,-71.799364,TR-07_1-117,TCU,radio,12,2
TCU_SUNNER_ID_118,-16.594915,-71.799248,TR-07_1-118,TCU,radio,12,2
REP_06,-16.594381,-71.800932,REP 7 (SP),REP,radio,12,2
TCU_SUNNER_ID_050,-16.592127,-71.806115,TR-07_2-050,TCU,radio,13,2
TCU_SUNNER_ID_051,-16.592128,-71.805999,TR-07_2-051,TCU,radio,13,2
TCU_SUNNER_ID_052,-16.59213,-71.805883,TR-07_2-052,TCU,radio,13,2
TCU_SUNNER_ID_053,-16.592131,-71.805767,TR-07_2-053,TCU,radio,13,2
TCU_SUNNER_ID_054,-16.592133,-71.805651,TR-07_2-054,TCU,radio,13,2
TCU_SUNNER_ID_055,-16.592135,-71.805535,TR-07_2-055,TCU,radio,13,2
TCU_SUNNER_ID_056,-16.592136,-71.805418,TR-07_2-056,TCU,radio,13,2
TCU_SUNNER_ID_057,-16.592138,-71.805302,TR-07_2-057,TCU,radio,13,2
TCU_SUNNER_ID_058,-16.592139,-71.805186,TR-07_2-058,TCU,radio,13,2
TCU_SUNNER_ID_059,-16.592141,-71.80507,TR-07_2-059,TCU,radio,13,2
TCU_SUNNER_ID_060,-16.592142,-71.804954,TR-07_2-060,TCU,radio,13,2
TCU_SUNNER_ID_061,-16.592144,-71.804838,TR-07_2-061,TCU,radio,13,2
TCU_SUNNER_ID_062,-16.592146,-71.804722,TR-07_2-062,TCU,radio,13,2
TCU_SUNNER_ID_063,-16.592313,-71.804608,TR-07_2-063,TCU,radio,13,2
TCU_SUNNER_ID_064,-16.592315,-71.804492,TR-07_2-064,TCU,radio,13,2
TCU_SUNNER_ID_065,-16.59215,-71.804374,TR-07_2-065,TCU,radio,13,2
TCU_SUNNER_ID_066,-16.592152,-71.804258,TR-07_2-066,TCU,radio,13,2
TCU_SUNNER_ID_067,-16.592153,-71.804142,TR-07_2-067,TCU,radio,13,2
TCU_SUNNER_ID_068,-16.592805,-71.806125,TR-07_2-068,TCU,radio,13,2
TCU_SUNNER_ID_069,-16.592806,-71.806009,TR-07_2-069,TCU,radio,13,2
TCU_SUNNER_ID_070,-16.592808,-71.805893,TR-07_2-070,TCU,radio,13,2
TCU_SUNNER_ID_071,-16.59281,-71.805777,TR-07_2-071,TCU,radio,13,2
TCU_SUNNER_ID_072,-16.592811,-71.805661,TR-07_2-072,TCU,radio,13,2
TCU_SUNNER_ID_073,-16.592813,-71.805544,TR-07_2-073,TCU,radio,13,2
TCU_SUNNER_ID_074,-16.592814,-71.805428,TR-07_2-074,TCU,radio,13,2
TCU_SUNNER_ID_075,-16.592816,-71.805312,TR-07_2-075,TCU,radio,13,2
TCU_SUNNER_ID_076,-16.592817,-71.805196,TR-07_2-076,TCU,radio,13,2
TCU_SUNNER_ID_077,-16.592819,-71.80508,TR-07_2-077,TCU,radio,13,2
TCU_SUNNER_ID_078,-16.59282,-71.804964,TR-07_2-078,TCU,radio,13,2
TCU_SUNNER_ID_079,-16.592822,-71.804848,TR-07_2-079,TCU,radio,13,2
TCU_SUNNER_ID_080,-16.592824,-71.804732,TR-07_2-080,TCU,radio,13,2
TCU_SUNNER_ID_081,-16.592825,-71.804616,TR-07_2-081,TCU,radio,13,2
TCU_SUNNER_ID_082,-16.592827,-71.804499,TR-07_2-082,TCU,radio,13,2
TCU_SUNNER_ID_083,-16.592828,-71.804383,TR-07_2-083,TCU,radio,13,2
TCU_SUNNER_ID_084,-16.59283,-71.804268,TR-07_2-084,TCU,radio,13,2
TCU_SUNNER_ID_085,-16.592831,-71.804152,TR-07_2-085,TCU,radio,13,2
TCU_SUNNER_ID_086,-16.593481,-71.806251,TR-07_2-086,TCU,radio,13,2
TCU_SUNNER_ID_087,-16.593483,-71.806135,TR-07_2-087,TCU,radio,13,2
TCU_SUNNER_ID_088,-16.593484,-71.806019,TR-07_2-088,TCU,radio,13,2
TCU_SUNNER_ID_089,-16.593486,-71.805903,TR-07_2-089,TCU,radio,13,2
TCU_SUNNER_ID_090,-16.593488,-71.805786,TR-07_2-090,TCU,radio,13,2
TCU_SUNNER_ID_091,-16.593489,-71.80567,TR-07_2-091,TCU,radio,13,2
TCU_SUNNER_ID_092,-16.593491,-71.805554,TR-07_2-092,TCU,radio,13,2
TCU_SUNNER_ID_093,-16.593492,-71.805438,TR-07_2-093,TCU,radio,13,2
TCU_SUNNER_ID_094,-16.593494,-71.805322,TR-07_2-094,TCU,radio,13,2
TCU_SUNNER_ID_095,-16.593495,-71.805206,TR-07_2-095,TCU,radio,13,2
TCU_SUNNER_ID_096,-16.593497,-71.80509,TR-07_2-096,TCU,radio,13,2
TCU_SUNNER_ID_097,-16.593499,-71.804974,TR-07_2-097,TCU,radio,13,2
TCU_SUNNER_ID_098,-16.5935,-71.804858,TR-07_2-098,TCU,radio,13,2
TCU_SUNNER_ID_099,-16.593502,-71.804742,TR-07_2-099,TCU,radio,13,2
TCU_SUNNER_ID_100,-16.593503,-71.804625,TR-07_2-100,TCU,radio,13,2
TCU_SUNNER_ID_101,-16.593505,-71.804509,TR-07_2-101,TCU,radio,13,2
TCU_SUNNER_ID_102,-16.593506,-71.804393,TR-07_2-102,TCU,radio,13,2
TCU_SUNNER_ID_103,-16.593508,-71.804278,TR-07_2-103,TCU,radio,13,2
TCU_SUNNER_ID_104,-16.59351,-71.804162,TR-07_2-104,TCU,radio,13,2
TCU_SUNNER_ID_105,-16.59416,-71.806261,TR-07_2-105,TCU,radio,13,2
TCU_SUNNER_ID_106,-16.594162,-71.806145,TR-07_2-106,TCU,radio,13,2
TCU_SUNNER_ID_107,-16.594163,-71.806029,TR-07_2-107,TCU,radio,13,2
TCU_SUNNER_ID_108,-16.594165,-71.805912,TR-07_2-108,TCU,radio,13,2
TCU_SUNNER_ID_109,-16.594167,-71.805796,TR-07_2-109,TCU,radio,13,2
TCU_SUNNER_ID_110,-16.594168,-71.80568,TR-07_2-110,TCU,radio,13,2
TCU_SUNNER_ID_111,-16.59417,-71.805564,TR-07_2-111,TCU,radio,13,2
TCU_SUNNER_ID_112,-16.594171,-71.805448,TR-07_2-112,TCU,radio,13,2
TCU_SUNNER_ID_113,-16.594173,-71.805332,TR-07_2-113,TCU,radio,13,2
TCU_SUNNER_ID_114,-16.594174,-71.805216,TR-07_2-114,TCU,radio,13,2
TCU_SUNNER_ID_115,-16.594182,-71.804635,TR-07_2-115,TCU,radio,13,2
TCU_SUNNER_ID_116,-16.594184,-71.804519,TR-07_2-116,TCU,radio,13,2
TCU_SUNNER_ID_117,-16.594185,-71.804403,TR-07_2-117,TCU,radio,13,2
TCU_SUNNER_ID_118,-16.594187,-71.804288,TR-07_2-118,TCU,radio,13,2
TCU_SUNNER_ID_119,-16.594189,-71.804172,TR-07_2-119,TCU,radio,13,2
TCU_SUNNER_ID_001,-16.585395,-71.808121,TR-08_2-001,TCU,radio,16,2
TCU_SUNNER_ID_002,-16.585397,-71.808005,TR-08_2-002,TCU,radio,16,2
TCU_SUNNER_ID_003,-16.585398,-71.807889,TR-08_2-003,TCU,radio,16,2
TCU_SUNNER_ID_004,-16.5854,-71.807772,TR-08_2-004,TCU,radio,16,2
TCU_SUNNER_ID_005,-16.585235,-71.807654,TR-08_2-005,TCU,radio,16,2
TCU_SUNNER_ID_006,-16.585237,-71.807538,TR-08_2-006,TCU,radio,16,2
TCU_SUNNER_ID_007,-16.585202,-71.807421,TR-08_2-007,TCU,radio,16,2
TCU_SUNNER_ID_008,-16.585204,-71.807305,TR-08_2-008,TCU,radio,16,2
TCU_SUNNER_ID_009,-16.585206,-71.807189,TR-08_2-009,TCU,radio,16,2
TCU_SUNNER_ID_010,-16.585171,-71.807072,TR-08_2-010,TCU,radio,16,2
TCU_SUNNER_ID_011,-16.585173,-71.806956,TR-08_2-011,TCU,radio,16,2
TCU_SUNNER_ID_012,-16.585174,-71.80684,TR-08_2-012,TCU,radio,16,2
TCU_SUNNER_ID_013,-16.584924,-71.80672,TR-08_2-013,TCU,radio,16,2
TCU_SUNNER_ID_014,-16.584925,-71.806604,TR-08_2-014,TCU,radio,16,2
TCU_SUNNER_ID_020,-16.585906,-71.808244,TR-08_2-020,TCU,radio,16,2
TCU_SUNNER_ID_021,-16.585907,-71.808128,TR-08_2-021,TCU,radio,16,2
TCU_SUNNER_ID_022,-16.585909,-71.808012,TR-08_2-022,TCU,radio,16,2
TCU_SUNNER_ID_023,-16.58591,-71.807896,TR-08_2-023,TCU,radio,16,2
TCU_SUNNER_ID_024,-16.585912,-71.80778,TR-08_2-024,TCU,radio,16,2
TCU_SUNNER_ID_025,-16.585913,-71.807664,TR-08_2-025,TCU,radio,16,2
TCU_SUNNER_ID_026,-16.585915,-71.807548,TR-08_2-026,TCU,radio,16,2
TCU_SUNNER_ID_036,-16.586841,-71.80826,TR-08_2-036,TCU,radio,16,2
TCU_SUNNER_ID_037,-16.586676,-71.808141,TR-08_2-037,TCU,radio,16,2
TCU_SUNNER_ID_038,-16.586678,-71.808025,TR-08_2-038,TCU,radio,16,2
TCU_SUNNER_ID_039,-16.58668,-71.807909,TR-08_2-039,TCU,radio,16,2
TCU_SUNNER_ID_040,-16.586681,-71.807793,TR-08_2-040,TCU,radio,16,2
TCU_SUNNER_ID_041,-16.586683,-71.807677,TR-08_2-041,TCU,radio,16,2
TCU_SUNNER_ID_042,-16.586684,-71.807561,TR-08_2-042,TCU,radio,16,2
TCU_SUNNER_ID_043,-16.586686,-71.807445,TR-08_2-043,TCU,radio,16,2
TCU_SUNNER_ID_044,-16.586687,-71.807329,TR-08_2-044,TCU,radio,16,2
TCU_SUNNER_ID_045,-16.586689,-71.807212,TR-08_2-045,TCU,radio,16,2
TCU_SUNNER_ID_046,-16.586691,-71.807096,TR-08_2-046,TCU,radio,16,2
TCU_SUNNER_ID_047,-16.586692,-71.80698,TR-08_2-047,TCU,radio,16,2
TCU_SUNNER_ID_048,-16.586694,-71.806864,TR-08_2-048,TCU,radio,16,2
TCU_SUNNER_ID_049,-16.586695,-71.806748,TR-08_2-049,TCU,radio,16,2
TCU_SUNNER_ID_050,-16.586697,-71.806632,TR-08_2-050,TCU,radio,16,2
TCU_SUNNER_ID_051,-16.586698,-71.806516,TR-08_2-051,TCU,radio,16,2
TCU_SUNNER_ID_052,-16.5867,-71.8064,TR-08_2-052,TCU,radio,16,2
TCU_SUNNER_ID_062,-16.587353,-71.808267,TR-08_2-062,TCU,radio,16,2
TCU_SUNNER_ID_063,-16.587355,-71.808151,TR-08_2-063,TCU,radio,16,2
TCU_SUNNER_ID_064,-16.587356,-71.808035,TR-08_2-064,TCU,radio,16,2
TCU_SUNNER_ID_065,-16.587358,-71.807919,TR-08_2-065,TCU,radio,16,2
TCU_SUNNER_ID_066,-16.587359,-71.807803,TR-08_2-066,TCU,radio,16,2
TCU_SUNNER_ID_067,-16.587361,-71.807687,TR-08_2-067,TCU,radio,16,2
TCU_SUNNER_ID_077,-16.588371,-71.808282,TR-08_2-077,TCU,radio,16,2
TCU_SUNNER_ID_078,-16.588373,-71.808166,TR-08_2-078,TCU,radio,16,2
TCU_SUNNER_ID_079,-16.588375,-71.80805,TR-08_2-079,TCU,radio,16,2
TCU_SUNNER_ID_080,-16.588376,-71.807934,TR-08_2-080,TCU,radio,16,2
TCU_SUNNER_ID_081,-16.588378,-71.807818,TR-08_2-081,TCU,radio,16,2
TCU_SUNNER_ID_082,-16.588379,-71.807701,TR-08_2-082,TCU,radio,16,2
TCU_SUNNER_ID_083,-16.588252,-71.807584,TR-08_2-083,TCU,radio,16,2
TCU_SUNNER_ID_084,-16.588253,-71.807467,TR-08_2-084,TCU,radio,16,2
TCU_SUNNER_ID_085,-16.588255,-71.807351,TR-08_2-085,TCU,radio,16,2
TCU_SUNNER_ID_086,-16.588256,-71.807235,TR-08_2-086,TCU,radio,16,2
TCU_SUNNER_ID_087,-16.588258,-71.807119,TR-08_2-087,TCU,radio,16,2
TCU_SUNNER_ID_088,-16.58826,-71.807003,TR-08_2-088,TCU,radio,16,2
TCU_SUNNER_ID_089,-16.588045,-71.806884,TR-08_2-089,TCU,radio,16,2
TCU_SUNNER_ID_090,-16.588047,-71.806768,TR-08_2-090,TCU,radio,16,2
TCU_SUNNER_ID_091,-16.588048,-71.806652,TR-08_2-091,TCU,radio,16,2
TCU_SUNNER_ID_092,-16.58805,-71.806535,TR-08_2-092,TCU,radio,16,2
TCU_SUNNER_ID_093,-16.588052,-71.806419,TR-08_2-093,TCU,radio,16,2
TCU_SUNNER_ID_094,-16.588053,-71.806303,TR-08_2-094,TCU,radio,16,2
TCU_SUNNER_ID_104,-16.589049,-71.808292,TR-08_2-104,TCU,radio,16,2
TCU_SUNNER_ID_105,-16.589051,-71.808176,TR-08_2-105,TCU,radio,16,2
TCU_SUNNER_ID_106,-16.589053,-71.80806,TR-08_2-106,TCU,radio,16,2
TCU_SUNNER_ID_107,-16.589054,-71.807944,TR-08_2-107,TCU,radio,16,2
TCU_SUNNER_ID_108,-16.589056,-71.807827,TR-08_2-108,TCU,radio,16,2
TCU_SUNNER_ID_109,-16.589057,-71.807711,TR-08_2-109,TCU,radio,16,2
TCU_SUNNER_ID_110,-16.58893,-71.807593,TR-08_2-110,TCU,radio,16,2
TCU_SUNNER_ID_111,-16.588931,-71.807477,TR-08_2-111,TCU,radio,16,2
TCU_SUNNER_ID_112,-16.588933,-71.807361,TR-08_2-112,TCU,radio,16,2
TCU_SUNNER_ID_113,-16.588934,-71.807245,TR-08_2-113,TCU,radio,16,2
TCU_SUNNER_ID_114,-16.588936,-71.807129,TR-08_2-114,TCU,radio,16,2
TCU_SUNNER_ID_115,-16.588938,-71.807013,TR-08_2-115,TCU,radio,16,2
TCU_SUNNER_ID_116,-16.588723,-71.806894,TR-08_2-116,TCU,radio,16,2
TCU_SUNNER_ID_117,-16.588725,-71.806777,TR-08_2-117,TCU,radio,16,2
TCU_SUNNER_ID_118,-16.588727,-71.806661,TR-08_2-118,TCU,radio,16,2
TCU_SUNNER_ID_119,-16.588728,-71.806545,TR-08_2-119,TCU,radio,16,2
TCU_SUNNER_ID_120,-16.58873,-71.806429,TR-08_2-120,TCU,radio,16,2
TCU_SUNNER_ID_121,-16.588731,-71.806313,TR-08_2-121,TCU,radio,16,2
REP_08,-16.585818,-71.806657,REP 10 (SP),REP,radio,16,2
TCU_SUNNER_ID_029,-16.586797,-71.81151,TR-09_1-029,TCU,radio,17,2
TCU_SUNNER_ID_030,-16.586633,-71.811391,TR-09_1-030,TCU,radio,17,2
TCU_SUNNER_ID_031,-16.586634,-71.811275,TR-09_1-031,TCU,radio,17,2
TCU_SUNNER_ID_032,-16.586636,-71.811159,TR-09_1-032,TCU,radio,17,2
TCU_SUNNER_ID_033,-16.586637,-71.811043,TR-09_1-033,TCU,radio,17,2
TCU_SUNNER_ID_034,-16.586639,-71.810927,TR-09_1-034,TCU,radio,17,2
TCU_SUNNER_ID_035,-16.58664,-71.810811,TR-09_1-035,TCU,radio,17,2
TCU_SUNNER_ID_036,-16.586642,-71.810695,TR-09_1-036,TCU,radio,17,2
TCU_SUNNER_ID_037,-16.586643,-71.810578,TR-09_1-037,TCU,radio,17,2
TCU_SUNNER_ID_038,-16.586645,-71.810462,TR-09_1-038,TCU,radio,17,2
TCU_SUNNER_ID_039,-16.586647,-71.810346,TR-09_1-039,TCU,radio,17,2
TCU_SUNNER_ID_040,-16.586648,-71.81023,TR-09_1-040,TCU,radio,17,2
TCU_SUNNER_ID_041,-16.58665,-71.810114,TR-09_1-041,TCU,radio,17,2
TCU_SUNNER_ID_056,-16.587309,-71.811517,TR-09_1-056,TCU,radio,17,2
TCU_SUNNER_ID_057,-16.587311,-71.811401,TR-09_1-057,TCU,radio,17,2
TCU_SUNNER_ID_058,-16.587312,-71.811285,TR-09_1-058,TCU,radio,17,2
TCU_SUNNER_ID_059,-16.587314,-71.811169,TR-09_1-059,TCU,radio,17,2
TCU_SUNNER_ID_060,-16.587315,-71.811053,TR-09_1-060,TCU,radio,17,2
TCU_SUNNER_ID_061,-16.587317,-71.810937,TR-09_1-061,TCU,radio,17,2
TCU_SUNNER_ID_062,-16.587318,-71.810821,TR-09_1-062,TCU,radio,17,2
TCU_SUNNER_ID_063,-16.58732,-71.810704,TR-09_1-063,TCU,radio,17,2
TCU_SUNNER_ID_064,-16.587322,-71.810588,TR-09_1-064,TCU,radio,17,2
TCU_SUNNER_ID_065,-16.587323,-71.810472,TR-09_1-065,TCU,radio,17,2
TCU_SUNNER_ID_066,-16.587325,-71.810356,TR-09_1-066,TCU,radio,17,2
TCU_SUNNER_ID_067,-16.587326,-71.81024,TR-09_1-067,TCU,radio,17,2
TCU_SUNNER_ID_068,-16.587328,-71.810124,TR-09_1-068,TCU,radio,17,2
TCU_SUNNER_ID_083,-16.587987,-71.811527,TR-09_1-083,TCU,radio,17,2
TCU_SUNNER_ID_084,-16.587989,-71.811411,TR-09_1-084,TCU,radio,17,2
TCU_SUNNER_ID_085,-16.58799,-71.811295,TR-09_1-085,TCU,radio,17,2
TCU_SUNNER_ID_086,-16.587992,-71.811179,TR-09_1-086,TCU,radio,17,2
TCU_SUNNER_ID_087,-16.587993,-71.811063,TR-09_1-087,TCU,radio,17,2
TCU_SUNNER_ID_088,-16.587995,-71.810946,TR-09_1-088,TCU,radio,17,2
TCU_SUNNER_ID_089,-16.587997,-71.81083,TR-09_1-089,TCU,radio,17,2
TCU_SUNNER_ID_090,-16.587998,-71.810714,TR-09_1-090,TCU,radio,17,2
TCU_SUNNER_ID_091,-16.588,-71.810598,TR-09_1-091,TCU,radio,17,2
TCU_SUNNER_ID_092,-16.588001,-71.810482,TR-09_1-092,TCU,radio,17,2
TCU_SUNNER_ID_093,-16.588003,-71.810366,TR-09_1-093,TCU,radio,17,2
TCU_SUNNER_ID_094,-16.588004,-71.81025,TR-09_1-094,TCU,radio,17,2
TCU_SUNNER_ID_095,-16.588006,-71.810134,TR-09_1-095,TCU,radio,17,2
TCU_SUNNER_ID_110,-16.588665,-71.811537,TR-09_1-110,TCU,radio,17,2
TCU_SUNNER_ID_111,-16.588667,-71.811421,TR-09_1-111,TCU,radio,17,2
TCU_SUNNER_ID_112,-16.588668,-71.811305,TR-09_1-112,TCU,radio,17,2
TCU_SUNNER_ID_113,-16.58867,-71.811189,TR-09_1-113,TCU,radio,17,2
TCU_SUNNER_ID_114,-16.588671,-71.811072,TR-09_1-114,TCU,radio,17,2
TCU_SUNNER_ID_115,-16.588673,-71.810956,TR-09_1-115,TCU,radio,17,2
TCU_SUNNER_ID_116,-16.588675,-71.81084,TR-09_1-116,TCU,radio,17,2
TCU_SUNNER_ID_117,-16.588676,-71.810724,TR-09_1-117,TCU,radio,17,2
TCU_SUNNER_ID_118,-16.588678,-71.810608,TR-09_1-118,TCU,radio,17,2
TCU_SUNNER_ID_119,-16.588679,-71.810492,TR-09_1-119,TCU,radio,17,2
TCU_SUNNER_ID_120,-16.588681,-71.810376,TR-09_1-120,TCU,radio,17,2
TCU_SUNNER_ID_121,-16.588682,-71.81026,TR-09_1-121,TCU,radio,17,2
TCU_SUNNER_ID_122,-16.588684,-71.810144,TR-09_1-122,TCU,radio,17,2
TCU_SUNNER_ID_039,-16.586576,-71.815569,TR-09_2-039,TCU,radio,18,2
TCU_SUNNER_ID_040,-16.586578,-71.815453,TR-09_2-040,TCU,radio,18,2
TCU_SUNNER_ID_041,-16.586579,-71.815337,TR-09_2-041,TCU,radio,18,2
TCU_SUNNER_ID_042,-16.586581,-71.815221,TR-09_2-042,TCU,radio,18,2
TCU_SUNNER_ID_043,-16.586582,-71.815105,TR-09_2-043,TCU,radio,18,2
TCU_SUNNER_ID_044,-16.586584,-71.814988,TR-09_2-044,TCU,radio,18,2
TCU_SUNNER_ID_045,-16.586585,-71.814872,TR-09_2-045,TCU,radio,18,2
TCU_SUNNER_ID_046,-16.586587,-71.814756,TR-09_2-046,TCU,radio,18,2
TCU_SUNNER_ID_047,-16.586589,-71.81464,TR-09_2-047,TCU,radio,18,2
TCU_SUNNER_ID_048,-16.58659,-71.814525,TR-09_2-048,TCU,radio,18,2
TCU_SUNNER_ID_049,-16.586758,-71.814411,TR-09_2-049,TCU,radio,18,2
TCU_SUNNER_ID_050,-16.586759,-71.814295,TR-09_2-050,TCU,radio,18,2
TCU_SUNNER_ID_051,-16.586595,-71.814177,TR-09_2-051,TCU,radio,18,2
TCU_SUNNER_ID_052,-16.586596,-71.814061,TR-09_2-052,TCU,radio,18,2
TCU_SUNNER_ID_053,-16.586598,-71.813944,TR-09_2-053,TCU,radio,18,2
TCU_SUNNER_ID_054,-16.5866,-71.813828,TR-09_2-054,TCU,radio,18,2
TCU_SUNNER_ID_055,-16.586601,-71.813712,TR-09_2-055,TCU,radio,18,2
TCU_SUNNER_ID_056,-16.586603,-71.813596,TR-09_2-056,TCU,radio,18,2
TCU_SUNNER_ID_057,-16.586604,-71.81348,TR-09_2-057,TCU,radio,18,2
TCU_SUNNER_ID_058,-16.586606,-71.813364,TR-09_2-058,TCU,radio,18,2
TCU_SUNNER_ID_059,-16.586607,-71.813248,TR-09_2-059,TCU,radio,18,2
TCU_SUNNER_ID_060,-16.587254,-71.815579,TR-09_2-060,TCU,radio,18,2
TCU_SUNNER_ID_061,-16.587256,-71.815463,TR-09_2-061,TCU,radio,18,2
TCU_SUNNER_ID_062,-16.587257,-71.815347,TR-09_2-062,TCU,radio,18,2
TCU_SUNNER_ID_063,-16.587259,-71.815231,TR-09_2-063,TCU,radio,18,2
TCU_SUNNER_ID_064,-16.58726,-71.815114,TR-09_2-064,TCU,radio,18,2
TCU_SUNNER_ID_065,-16.587262,-71.814998,TR-09_2-065,TCU,radio,18,2
TCU_SUNNER_ID_066,-16.587263,-71.814882,TR-09_2-066,TCU,radio,18,2
TCU_SUNNER_ID_067,-16.587265,-71.814766,TR-09_2-067,TCU,radio,18,2
TCU_SUNNER_ID_068,-16.587267,-71.81465,TR-09_2-068,TCU,radio,18,2
TCU_SUNNER_ID_069,-16.587268,-71.814535,TR-09_2-069,TCU,radio,18,2
TCU_SUNNER_ID_070,-16.58727,-71.814419,TR-09_2-070,TCU,radio,18,2
TCU_SUNNER_ID_071,-16.587271,-71.814303,TR-09_2-071,TCU,radio,18,2
TCU_SUNNER_ID_072,-16.587273,-71.814187,TR-09_2-072,TCU,radio,18,2
TCU_SUNNER_ID_073,-16.587274,-71.81407,TR-09_2-073,TCU,radio,18,2
TCU_SUNNER_ID_074,-16.587276,-71.813954,TR-09_2-074,TCU,radio,18,2
TCU_SUNNER_ID_075,-16.587278,-71.813838,TR-09_2-075,TCU,radio,18,2
TCU_SUNNER_ID_076,-16.587279,-71.813722,TR-09_2-076,TCU,radio,18,2
TCU_SUNNER_ID_077,-16.587281,-71.813606,TR-09_2-077,TCU,radio,18,2
TCU_SUNNER_ID_078,-16.587282,-71.81349,TR-09_2-078,TCU,radio,18,2
TCU_SUNNER_ID_079,-16.587284,-71.813374,TR-09_2-079,TCU,radio,18,2
TCU_SUNNER_ID_080,-16.587285,-71.813258,TR-09_2-080,TCU,radio,18,2
TCU_SUNNER_ID_081,-16.587932,-71.815589,TR-09_2-081,TCU,radio,18,2
TCU_SUNNER_ID_082,-16.587934,-71.815473,TR-09_2-082,TCU,radio,18,2
TCU_SUNNER_ID_083,-16.587935,-71.815356,TR-09_2-083,TCU,radio,18,2
TCU_SUNNER_ID_084,-16.587937,-71.81524,TR-09_2-084,TCU,radio,18,2
TCU_SUNNER_ID_085,-16.587938,-71.815124,TR-09_2-085,TCU,radio,18,2
TCU_SUNNER_ID_086,-16.58794,-71.815008,TR-09_2-086,TCU,radio,18,2
TCU_SUNNER_ID_087,-16.587942,-71.814892,TR-09_2-087,TCU,radio,18,2
TCU_SUNNER_ID_088,-16.587943,-71.814776,TR-09_2-088,TCU,radio,18,2
TCU_SUNNER_ID_089,-16.587945,-71.81466,TR-09_2-089,TCU,radio,18,2
TCU_SUNNER_ID_090,-16.587946,-71.814545,TR-09_2-090,TCU,radio,18,2
TCU_SUNNER_ID_091,-16.587948,-71.814429,TR-09_2-091,TCU,radio,18,2
TCU_SUNNER_ID_092,-16.587949,-71.814313,TR-09_2-092,TCU,radio,18,2
TCU_SUNNER_ID_093,-16.587951,-71.814196,TR-09_2-093,TCU,radio,18,2
TCU_SUNNER_ID_094,-16.587953,-71.81408,TR-09_2-094,TCU,radio,18,2
TCU_SUNNER_ID_095,-16.587954,-71.813964,TR-09_2-095,TCU,radio,18,2
TCU_SUNNER_ID_096,-16.587956,-71.813848,TR-09_2-096,TCU,radio,18,2
TCU_SUNNER_ID_097,-16.587957,-71.813732,TR-09_2-097,TCU,radio,18,2
TCU_SUNNER_ID_098,-16.587959,-71.813616,TR-09_2-098,TCU,radio,18,2
TCU_SUNNER_ID_099,-16.58796,-71.8135,TR-09_2-099,TCU,radio,18,2
TCU_SUNNER_ID_100,-16.587962,-71.813384,TR-09_2-100,TCU,radio,18,2
TCU_SUNNER_ID_101,-16.587964,-71.813268,TR-09_2-101,TCU,radio,18,2
TCU_SUNNER_ID_102,-16.58861,-71.815599,TR-09_2-102,TCU,radio,18,2
TCU_SUNNER_ID_103,-16.588612,-71.815482,TR-09_2-103,TCU,radio,18,2
TCU_SUNNER_ID_104,-16.588613,-71.815366,TR-09_2-104,TCU,radio,18,2
TCU_SUNNER_ID_105,-16.588615,-71.81525,TR-09_2-105,TCU,radio,18,2
TCU_SUNNER_ID_106,-16.588617,-71.815134,TR-09_2-106,TCU,radio,18,2
TCU_SUNNER_ID_107,-16.588618,-71.815018,TR-09_2-107,TCU,radio,18,2
TCU_SUNNER_ID_108,-16.58862,-71.814902,TR-09_2-108,TCU,radio,18,2
TCU_SUNNER_ID_109,-16.588621,-71.814786,TR-09_2-109,TCU,radio,18,2
TCU_SUNNER_ID_110,-16.588623,-71.81467,TR-09_2-110,TCU,radio,18,2
TCU_SUNNER_ID_111,-16.588624,-71.814555,TR-09_2-111,TCU,radio,18,2
TCU_SUNNER_ID_112,-16.588626,-71.814438,TR-09_2-112,TCU,radio,18,2
TCU_SUNNER_ID_113,-16.588627,-71.814322,TR-09_2-113,TCU,radio,18,2
TCU_SUNNER_ID_114,-16.588629,-71.814206,TR-09_2-114,TCU,radio,18,2
TCU_SUNNER_ID_115,-16.588631,-71.81409,TR-09_2-115,TCU,radio,18,2
TCU_SUNNER_ID_116,-16.588632,-71.813974,TR-09_2-116,TCU,radio,18,2
TCU_SUNNER_ID_117,-16.588634,-71.813858,TR-09_2-117,TCU,radio,18,2
TCU_SUNNER_ID_118,-16.588635,-71.813742,TR-09_2-118,TCU,radio,18,2
TCU_SUNNER_ID_119,-16.588637,-71.813626,TR-09_2-119,TCU,radio,18,2
TCU_SUNNER_ID_120,-16.588638,-71.81351,TR-09_2-120,TCU,radio,18,2
TCU_SUNNER_ID_121,-16.58864,-71.813394,TR-09_2-121,TCU,radio,18,2
TCU_SUNNER_ID_122,-16.588642,-71.813277,TR-09_2-122,TCU,radio,18,2
TCU_SUNNER_ID_001,-16.585279,-71.816711,TR-10_1-001,TCU,radio,19,2
TCU_SUNNER_ID_002,-16.585281,-71.816595,TR-10_1-002,TCU,radio,19,2
TCU_SUNNER_ID_003,-16.585282,-71.816479,TR-10_1-003,TCU,radio,19,2
TCU_SUNNER_ID_004,-16.585284,-71.816363,TR-10_1-004,TCU,radio,19,2
TCU_SUNNER_ID_005,-16.585119,-71.816244,TR-10_1-005,TCU,radio,19,2
TCU_SUNNER_ID_006,-16.585121,-71.816128,TR-10_1-006,TCU,radio,19,2
TCU_SUNNER_ID_007,-16.585122,-71.816012,TR-10_1-007,TCU,radio,19,2
TCU_SUNNER_ID_008,-16.585124,-71.815896,TR-10_1-008,TCU,radio,19,2
TCU_SUNNER_ID_009,-16.585126,-71.81578,TR-10_1-009,TCU,radio,19,2
TCU_SUNNER_ID_018,-16.585789,-71.816835,TR-10_1-018,TCU,radio,19,2
TCU_SUNNER_ID_019,-16.585791,-71.816719,TR-10_1-019,TCU,radio,19,2
TCU_SUNNER_ID_020,-16.585793,-71.816603,TR-10_1-020,TCU,radio,19,2
TCU_SUNNER_ID_021,-16.585794,-71.816487,TR-10_1-021,TCU,radio,19,2
TCU_SUNNER_ID_022,-16.585796,-71.81637,TR-10_1-022,TCU,radio,19,2
TCU_SUNNER_ID_023,-16.585797,-71.816254,TR-10_1-023,TCU,radio,19,2
TCU_SUNNER_ID_024,-16.585799,-71.816138,TR-10_1-024,TCU,radio,19,2
TCU_SUNNER_ID_025,-16.5858,-71.816022,TR-10_1-025,TCU,radio,19,2
TCU_SUNNER_ID_026,-16.585802,-71.815906,TR-10_1-026,TCU,radio,19,2
TCU_SUNNER_ID_027,-16.585804,-71.81579,TR-10_1-027,TCU,radio,19,2
TCU_SUNNER_ID_041,-16.586725,-71.816848,TR-10_1-041,TCU,radio,19,2
TCU_SUNNER_ID_042,-16.58656,-71.81673,TR-10_1-042,TCU,radio,19,2
TCU_SUNNER_ID_043,-16.586562,-71.816614,TR-10_1-043,TCU,radio,19,2
TCU_SUNNER_ID_044,-16.586563,-71.816498,TR-10_1-044,TCU,radio,19,2
TCU_SUNNER_ID_045,-16.586565,-71.816382,TR-10_1-045,TCU,radio,19,2
TCU_SUNNER_ID_046,-16.586567,-71.816266,TR-10_1-046,TCU,radio,19,2
TCU_SUNNER_ID_047,-16.586568,-71.816149,TR-10_1-047,TCU,radio,19,2
TCU_SUNNER_ID_048,-16.58657,-71.816033,TR-10_1-048,TCU,radio,19,2
TCU_SUNNER_ID_049,-16.586571,-71.815917,TR-10_1-049,TCU,radio,19,2
TCU_SUNNER_ID_050,-16.586573,-71.815801,TR-10_1-050,TCU,radio,19,2
TCU_SUNNER_ID_051,-16.586574,-71.815685,TR-10_1-051,TCU,radio,19,2
TCU_SUNNER_ID_065,-16.587237,-71.816856,TR-10_1-065,TCU,radio,19,2
TCU_SUNNER_ID_066,-16.587238,-71.81674,TR-10_1-066,TCU,radio,19,2
TCU_SUNNER_ID_067,-16.58724,-71.816624,TR-10_1-067,TCU,radio,19,2
TCU_SUNNER_ID_068,-16.587241,-71.816508,TR-10_1-068,TCU,radio,19,2
TCU_SUNNER_ID_069,-16.587243,-71.816392,TR-10_1-069,TCU,radio,19,2
TCU_SUNNER_ID_070,-16.587245,-71.816275,TR-10_1-070,TCU,radio,19,2
TCU_SUNNER_ID_071,-16.587246,-71.816159,TR-10_1-071,TCU,radio,19,2
TCU_SUNNER_ID_072,-16.587248,-71.816043,TR-10_1-072,TCU,radio,19,2
TCU_SUNNER_ID_073,-16.587249,-71.815927,TR-10_1-073,TCU,radio,19,2
TCU_SUNNER_ID_074,-16.587251,-71.815811,TR-10_1-074,TCU,radio,19,2
TCU_SUNNER_ID_075,-16.587252,-71.815695,TR-10_1-075,TCU,radio,19,2
TCU_SUNNER_ID_089,-16.587915,-71.816866,TR-10_1-089,TCU,radio,19,2
TCU_SUNNER_ID_090,-16.587916,-71.81675,TR-10_1-090,TCU,radio,19,2
TCU_SUNNER_ID_091,-16.587918,-71.816634,TR-10_1-091,TCU,radio,19,2
TCU_SUNNER_ID_092,-16.58792,-71.816518,TR-10_1-092,TCU,radio,19,2
TCU_SUNNER_ID_093,-16.587921,-71.816401,TR-10_1-093,TCU,radio,19,2
TCU_SUNNER_ID_094,-16.587923,-71.816285,TR-10_1-094,TCU,radio,19,2
TCU_SUNNER_ID_095,-16.587924,-71.816169,TR-10_1-095,TCU,radio,19,2
TCU_SUNNER_ID_096,-16.587926,-71.816053,TR-10_1-096,TCU,radio,19,2
TCU_SUNNER_ID_097,-16.587927,-71.815937,TR-10_1-097,TCU,radio,19,2
TCU_SUNNER_ID_098,-16.587929,-71.815821,TR-10_1-098,TCU,radio,19,2
TCU_SUNNER_ID_099,-16.587931,-71.815705,TR-10_1-099,TCU,radio,19,2
TCU_SUNNER_ID_113,-16.588593,-71.816876,TR-10_1-113,TCU,radio,19,2
TCU_SUNNER_ID_114,-16.588594,-71.81676,TR-10_1-114,TCU,radio,19,2
TCU_SUNNER_ID_115,-16.588596,-71.816643,TR-10_1-115,TCU,radio,19,2
TCU_SUNNER_ID_116,-16.588598,-71.816527,TR-10_1-116,TCU,radio,19,2
TCU_SUNNER_ID_117,-16.588599,-71.816411,TR-10_1-117,TCU,radio,19,2
TCU_SUNNER_ID_118,-16.588601,-71.816295,TR-10_1-118,TCU,radio,19,2
TCU_SUNNER_ID_119,-16.588602,-71.816179,TR-10_1-119,TCU,radio,19,2
TCU_SUNNER_ID_120,-16.588604,-71.816063,TR-10_1-120,TCU,radio,19,2
TCU_SUNNER_ID_121,-16.588605,-71.815947,TR-10_1-121,TCU,radio,19,2
TCU_SUNNER_ID_122,-16.588607,-71.815831,TR-10_1-122,TCU,radio,19,2
TCU_SUNNER_ID_123,-16.588609,-71.815715,TR-10_1-123,TCU,radio,19,2
HSU_07,-16.589134,-71.815978,HSU 7 (US),HSU,radio,19,2
