cfg,nombre,dia,minZ,elev,mv,intervalos_fs0,n_cruces,theta_poa_max,fs_en_theta_max,poa_max_Wm2,n_pares_contraejemplo
0,"Arequipa · llano · N-S constante -6° · bifila · tresbolillo ×1 · 6 filas · az 0°",21-jun,1040,49.275,17,"-55…55",0,-10.5,0.000000e+0,868.6208,0
1,"Arequipa · cresta 1 · N-S constante 6° · mono · alineadas ×1 · 8 filas · az 0°",21-mar,860,48.361,17,"-55…55",0,44,0.000000e+0,1059.8134,0
1,"Arequipa · cresta 1 · N-S constante 6° · mono · alineadas ×1 · 8 filas · az 0°",21-mar,880,52.800,17,"-55…55",0,38.5,0.000000e+0,1052.7927,0
1,"Arequipa · cresta 1 · N-S constante 6° · mono · alineadas ×1 · 8 filas · az 0°",21-mar,920,61.205,17,"-55…55",0,27.75,0.000000e+0,1054.7330,0
1,"Arequipa · cresta 1 · N-S constante 6° · mono · alineadas ×1 · 8 filas · az 0°",21-mar,940,65.009,17,"-55…55",0,22,0.000000e+0,1053.0955,0
1,"Arequipa · cresta 1 · N-S constante 6° · mono · alineadas ×1 · 8 filas · az 0°",21-mar,1260,27.141,17,"-55…55",0,-55,0.000000e+0,923.3705,0
1,"Arequipa · cresta 1 · N-S constante 6° · mono · alineadas ×1 · 8 filas · az 0°",21-dic,940,73.210,17,"-55…55",0,16.25,0.000000e+0,1170.1575,0
1,"Arequipa · cresta 1 · N-S constante 6° · mono · alineadas ×1 · 8 filas · az 0°",21-dic,1360,7.858,17,"-10…31.75",2,-25.25,3.707454e-1,186.8126,86
2,"Zaragoza · aleatorio 7 · N-S rotula 2° · mono · alineadas ×1 · 10 filas · az 0°",21-jun,480,36.473,17,"-55…55",0,55,0.000000e+0,919.1512,0
2,"Zaragoza · aleatorio 7 · N-S rotula 2° · mono · alineadas ×1 · 10 filas · az 0°",21-jun,920,45.791,17,"-55…55",0,-46.5,0.000000e+0,951.7069,0
2,"Zaragoza · aleatorio 7 · N-S rotula 2° · mono · alineadas ×1 · 10 filas · az 0°",21-jun,980,34.611,17,"-55…55",0,-55,0.000000e+0,903.9524,0
2,"Zaragoza · aleatorio 7 · N-S rotula 2° · mono · alineadas ×1 · 10 filas · az 0°",21-mar,500,23.882,17,"-55…30.25",1,53,1.448649e-1,722.7505,98
2,"Zaragoza · aleatorio 7 · N-S rotula 2° · mono · alineadas ×1 · 10 filas · az 0°",21-mar,580,36.634,17,"-55…55",0,48.5,0.000000e+0,817.2189,0
2,"Zaragoza · aleatorio 7 · N-S rotula 2° · mono · alineadas ×1 · 10 filas · az 0°",21-mar,820,44.115,17,"-55…55",0,-31.5,0.000000e+0,781.2107,0
2,"Zaragoza · aleatorio 7 · N-S rotula 2° · mono · alineadas ×1 · 10 filas · az 0°",21-mar,880,36.794,17,"-55…55",0,-48.5,0.000000e+0,818.0989,0
2,"Zaragoza · aleatorio 7 · N-S rotula 2° · mono · alineadas ×1 · 10 filas · az 0°",21-dic,680,24.323,17,"-55…55",0,25.5,0.000000e+0,373.6994,0
2,"Zaragoza · aleatorio 7 · N-S rotula 2° · mono · alineadas ×1 · 10 filas · az 0°",21-dic,880,15.387,17,"-26…55",1,-55,1.903484e-1,372.8105,115
3,"Arequipa · aleatorio 13 · N-S senoidal 4° · bifila · bagnarelli ×2 · 6 filas · az 0°",21-jun,940,46.569,28,"-55…55",0,23.5,0.000000e+0,810.6828,0
3,"Arequipa · aleatorio 13 · N-S senoidal 4° · bifila · bagnarelli ×2 · 6 filas · az 0°",21-dic,920,68.846,28,"-55…55",0,21.5,0.000000e+0,1156.1036,0
3,"Arequipa · aleatorio 13 · N-S senoidal 4° · bifila · bagnarelli ×2 · 6 filas · az 0°",21-dic,1180,48.603,28,"-55…55",0,-43.25,0.000000e+0,1120.0713,0
4,"Arequipa · pendiente -3 · N-S constante 0° · bifila · tresbolillo ×1 · 10 filas · az 15°",21-mar,860,48.361,17,"-55…55",0,39.25,0.000000e+0,1024.2410,0
4,"Arequipa · pendiente -3 · N-S constante 0° · bifila · tresbolillo ×1 · 10 filas · az 15°",21-mar,940,65.009,17,"-55…55",0,16.25,0.000000e+0,1058.0943,0
4,"Arequipa · pendiente -3 · N-S constante 0° · bifila · tresbolillo ×1 · 10 filas · az 15°",21-mar,1000,72.619,17,"-55…55",0,-1.5,0.000000e+0,1084.1745,0
4,"Arequipa · pendiente -3 · N-S constante 0° · bifila · tresbolillo ×1 · 10 filas · az 15°",21-mar,1180,45.748,17,"-55…55",0,-47.25,0.000000e+0,1100.8453,0
4,"Arequipa · pendiente -3 · N-S constante 0° · bifila · tresbolillo ×1 · 10 filas · az 15°",21-dic,720,23.312,17,"-55…37.75",1,37.75,0.000000e+0,802.9797,68
4,"Arequipa · pendiente -3 · N-S constante 0° · bifila · tresbolillo ×1 · 10 filas · az 15°",21-dic,1260,30.304,17,"-55…55",0,-55,0.000000e+0,900.3924,0
5,"Zaragoza · valle 1 · N-S quebrado 2° · quebrado · alineadas ×1 · 8 filas · az 0°",21-jun,360,14.486,33,"-17.25…-14.5",2,34,3.317999e-1,333.4084,126
5,"Zaragoza · valle 1 · N-S quebrado 2° · quebrado · alineadas ×1 · 8 filas · az 0°",21-mar,460,16.813,33,"-17.75…-16",2,44.5,3.053565e-1,455.7030,134
5,"Zaragoza · valle 1 · N-S quebrado 2° · quebrado · alineadas ×1 · 8 filas · az 0°",21-mar,600,39.364,33,"-55…55",0,43.5,0.000000e+0,810.0163,0
5,"Zaragoza · valle 1 · N-S quebrado 2° · quebrado · alineadas ×1 · 8 filas · az 0°",21-dic,700,24.835,33,"-55…55",0,15,0.000000e+0,360.4774,0
5,"Zaragoza · valle 1 · N-S quebrado 2° · quebrado · alineadas ×1 · 8 filas · az 0°",21-dic,740,24.876,33,"-55…55",0,-13.75,0.000000e+0,359.1826,0
6,"Arequipa · llano · N-S aleatorio 6° · quebrado · medios ×2 · 6 filas · az 0°",21-mar,740,20.411,33,"-20.25…-19.75",2,55,4.792726e-1,498.3394,159
6,"Arequipa · llano · N-S aleatorio 6° · quebrado · medios ×2 · 6 filas · az 0°",21-dic,840,50.710,33,"-52.5…-52",2,41,1.592107e-1,1026.4390,417
7,"Arequipa · valle 3 · N-S rotula 6° · quebrado · bagnarelli ×1 · 10 filas · az 0°",21-jun,800,25.154,14,"-53…-1",2,44.75,5.114672e-2,683.5880,215
7,"Arequipa · valle 3 · N-S rotula 6° · quebrado · bagnarelli ×1 · 10 filas · az 0°",21-mar,860,48.361,14,"-55…55",0,43,0.000000e+0,1081.5378,0
7,"Arequipa · valle 3 · N-S rotula 6° · quebrado · bagnarelli ×1 · 10 filas · az 0°",21-mar,1040,71.829,14,"-55…55",0,-7.75,0.000000e+0,1087.0016,0
7,"Arequipa · valle 3 · N-S rotula 6° · quebrado · bagnarelli ×1 · 10 filas · az 0°",21-mar,1260,27.141,14,"13.5…40",2,-55,1.620367e-1,808.0718,213
7,"Arequipa · valle 3 · N-S rotula 6° · quebrado · bagnarelli ×1 · 10 filas · az 0°",21-dic,720,23.312,14,"-47…-38.5 -37.75…-9.5",4,53.75,1.943886e-1,738.9457,227
7,"Arequipa · valle 3 · N-S rotula 6° · quebrado · bagnarelli ×1 · 10 filas · az 0°",21-dic,1120,62.297,14,"-55…55",0,-28.75,0.000000e+0,1146.9278,0
8,"Arequipa · ondulado 0.6 · N-S aleatorio 4° · quebrado · tresbolillo ×2 · 8 filas · az 15°",21-jun,1160,35.607,33,"37.75…40.25",2,-52.75,1.978085e-1,852.1440,311
8,"Arequipa · ondulado 0.6 · N-S aleatorio 4° · quebrado · tresbolillo ×2 · 8 filas · az 15°",21-mar,1200,41.169,33,"40.5…41.75",2,-51.75,1.805106e-1,1016.0228,328
8,"Arequipa · ondulado 0.6 · N-S aleatorio 4° · quebrado · tresbolillo ×2 · 8 filas · az 15°",21-dic,760,32.400,33,"-32.75…-32.25",2,55,3.322597e-1,893.1652,259
8,"Arequipa · ondulado 0.6 · N-S aleatorio 4° · quebrado · tresbolillo ×2 · 8 filas · az 15°",21-dic,780,36.968,33,"-37…-37",2,55,2.662637e-1,964.3757,295
9,"Zaragoza · cresta 2 · N-S constante 0° · mono · bagnarelli ×2 · 8 filas · az 0°",21-jun,1140,5.942,28,"3.75…9.5",2,-55,9.383167e-1,83.7825,52
9,"Zaragoza · cresta 2 · N-S constante 0° · mono · bagnarelli ×2 · 8 filas · az 0°",21-mar,380,2.253,28,"-3…-1.5",2,40.25,1.000000e+0,9.4941,17
9,"Zaragoza · cresta 2 · N-S constante 0° · mono · bagnarelli ×2 · 8 filas · az 0°",21-mar,600,39.364,14,"-55…55",0,43.5,0.000000e+0,810.2540,0
9,"Zaragoza · cresta 2 · N-S constante 0° · mono · bagnarelli ×2 · 8 filas · az 0°",21-mar,1080,2.487,28,"1.5…3.5",2,-41.75,1.000000e+0,12.5893,19
9,"Zaragoza · cresta 2 · N-S constante 0° · mono · bagnarelli ×2 · 8 filas · az 0°",21-dic,640,22.356,14,"-55…55",0,43,0.000000e+0,408.0492,0
10,"Zaragoza · valle 2 · N-S aleatorio 6° · quebrado · medios ×2 · 8 filas · az -20°",21-mar,700,48.219,33,"-55…55",0,-9.5,0.000000e+0,738.5550,0
10,"Zaragoza · valle 2 · N-S aleatorio 6° · quebrado · medios ×2 · 8 filas · az -20°",21-dic,620,20.929,33,"-55…55",0,16.25,0.000000e+0,280.3815,0
10,"Zaragoza · valle 2 · N-S aleatorio 6° · quebrado · medios ×2 · 8 filas · az -20°",21-dic,660,23.493,33,"-55…55",0,-14.25,0.000000e+0,327.7889,0
11,"Arequipa · llano · N-S rotula 4° · mono · alineadas ×1 · 10 filas · az -20°",21-jun,1000,49.919,17,"-55…55",0,21.25,0.000000e+0,851.5595,0
11,"Arequipa · llano · N-S rotula 4° · mono · alineadas ×1 · 10 filas · az -20°",21-mar,1160,50.247,17,"-55…55",0,-35,0.000000e+0,1006.8989,0
11,"Arequipa · llano · N-S rotula 4° · mono · alineadas ×1 · 10 filas · az -20°",21-dic,880,59.846,17,"-55…55",0,26.75,0.000000e+0,1097.0549,0
11,"Arequipa · llano · N-S rotula 4° · mono · alineadas ×1 · 10 filas · az -20°",21-dic,1120,62.297,17,"-55…55",0,-30,0.000000e+0,1160.8606,0
12,"Arequipa · cresta 2 · N-S rotula 4° · quebrado · tresbolillo ×1 · 8 filas · az 15°",21-jun,840,32.510,17,"-55…55",0,42.75,0.000000e+0,680.9858,0
12,"Arequipa · cresta 2 · N-S rotula 4° · quebrado · tresbolillo ×1 · 8 filas · az 15°",21-mar,1140,54.635,17,"-55…55",0,-37.5,0.000000e+0,1110.3811,0
13,"Arequipa · cresta 1 · N-S senoidal 3° · mono · alineadas ×1 · 8 filas · az 0°",21-jun,780,21.256,33,"-44.75…-6",2,54.5,1.746857e-1,579.5093,202
13,"Arequipa · cresta 1 · N-S senoidal 3° · mono · alineadas ×1 · 8 filas · az 0°",21-jun,900,41.927,33,"-55…55",0,35.5,0.000000e+0,815.1378,0
13,"Arequipa · cresta 1 · N-S senoidal 3° · mono · alineadas ×1 · 8 filas · az 0°",21-mar,720,15.660,33,"-16…-16",2,55,4.315826e-1,411.5667,127
13,"Arequipa · cresta 1 · N-S senoidal 3° · mono · alineadas ×1 · 8 filas · az 0°",21-mar,800,34.565,33,"-55…15.75",1,55,2.226252e-2,980.4831,156
14,"Zaragoza · llano · N-S constante 0° · quebrado · bagnarelli ×1 · 6 filas · az 0°",21-jun,560,51.273,14,"-55…55",0,40.5,0.000000e+0,962.8643,0
14,"Zaragoza · llano · N-S constante 0° · quebrado · bagnarelli ×1 · 6 filas · az 0°",21-jun,600,58.301,14,"-55…55",0,31.75,0.000000e+0,965.5947,0
14,"Zaragoza · llano · N-S constante 0° · quebrado · bagnarelli ×1 · 6 filas · az 0°",21-jun,640,64.648,14,"-55…55",0,22.25,0.000000e+0,960.7124,0
14,"Zaragoza · llano · N-S constante 0° · quebrado · bagnarelli ×1 · 6 filas · az 0°",21-jun,1020,27.173,14,"-55…55",0,-55,0.000000e+0,813.3690,0
14,"Zaragoza · llano · N-S constante 0° · quebrado · bagnarelli ×1 · 6 filas · az 0°",21-mar,660,45.822,14,"-55…55",0,25.5,0.000000e+0,769.2900,0
14,"Zaragoza · llano · N-S constante 0° · quebrado · bagnarelli ×1 · 6 filas · az 0°",21-dic,480,4.544,28,"-20…8.75",2,24,4.965923e-1,43.2069,44
14,"Zaragoza · llano · N-S constante 0° · quebrado · bagnarelli ×1 · 6 filas · az 0°",21-dic,600,19.230,14,"-55…55",0,55,0.000000e+0,433.9418,0
14,"Zaragoza · llano · N-S constante 0° · quebrado · bagnarelli ×1 · 6 filas · az 0°",21-dic,820,21.125,14,"-55…55",0,-49.5,0.000000e+0,421.9587,0
15,"Arequipa · ondulado 2 · N-S quebrado 3° · quebrado · bagnarelli ×1 · 10 filas · az 0°",21-mar,800,34.565,28,"-36.75…-34.5",2,55,3.709852e-1,860.6771,284
15,"Arequipa · ondulado 2 · N-S quebrado 3° · quebrado · bagnarelli ×1 · 10 filas · az 0°",21-mar,960,68.356,28,"-55…55",0,15.75,0.000000e+0,1086.4816,0
15,"Arequipa · ondulado 2 · N-S quebrado 3° · quebrado · bagnarelli ×1 · 10 filas · az 0°",21-dic,1020,82.351,28,"-55…55",0,-3.5,0.000000e+0,1163.8191,0
15,"Arequipa · ondulado 2 · N-S quebrado 3° · quebrado · bagnarelli ×1 · 10 filas · az 0°",21-dic,1260,30.304,28,"24.25…40.25",2,-55,4.726433e-1,848.8879,257
17,"Zaragoza · pendiente 10 · N-S constante 3° · quebrado · tresbolillo ×2 · 8 filas · az 0°",21-jun,900,49.464,17,"-55…55",0,-42.25,0.000000e+0,964.7088,0
17,"Zaragoza · pendiente 10 · N-S constante 3° · quebrado · tresbolillo ×2 · 8 filas · az 0°",21-mar,560,33.687,17,"-55…55",0,52,0.000000e+0,832.1400,0
17,"Zaragoza · pendiente 10 · N-S constante 3° · quebrado · tresbolillo ×2 · 8 filas · az 0°",21-mar,720,48.724,17,"-55…55",0,4.75,0.000000e+0,777.2369,0
17,"Zaragoza · pendiente 10 · N-S constante 3° · quebrado · tresbolillo ×2 · 8 filas · az 0°",21-mar,800,45.911,17,"-55…55",0,-24.25,0.000000e+0,797.3554,0
17,"Zaragoza · pendiente 10 · N-S constante 3° · quebrado · tresbolillo ×2 · 8 filas · az 0°",21-dic,500,7.402,17,"-55…55",0,55,0.000000e+0,237.2668,0
18,"Arequipa · pendiente 3 · N-S constante -6° · quebrado · bagnarelli ×1 · 8 filas · az 15°",21-jun,900,41.927,14,"-55…55",0,21.25,0.000000e+0,794.8978,0
18,"Arequipa · pendiente 3 · N-S constante -6° · quebrado · bagnarelli ×1 · 8 filas · az 15°",21-mar,740,20.411,14,"-55…55",0,55,0.000000e+0,792.1075,0
18,"Arequipa · pendiente 3 · N-S constante -6° · quebrado · bagnarelli ×1 · 8 filas · az 15°",21-dic,680,14.319,14,"-55…33",1,33,0.000000e+0,513.7652,87
19,"Arequipa · aleatorio 13 · N-S senoidal 2° · bifila · medios ×2 · 8 filas · az 0°",21-jun,940,46.569,33,"-55…55",0,23.5,0.000000e+0,810.7724,0
19,"Arequipa · aleatorio 13 · N-S senoidal 2° · bifila · medios ×2 · 8 filas · az 0°",21-jun,1040,49.275,33,"-55…55",0,-11.75,0.000000e+0,803.4105,0
19,"Arequipa · aleatorio 13 · N-S senoidal 2° · bifila · medios ×2 · 8 filas · az 0°",21-jun,1080,46.396,33,"-55…55",0,-24.25,0.000000e+0,811.1005,0
19,"Arequipa · aleatorio 13 · N-S senoidal 2° · bifila · medios ×2 · 8 filas · az 0°",21-jun,1180,32.192,33,"-5.75…55",1,-52,3.002764e-2,777.1611,196
19,"Arequipa · aleatorio 13 · N-S senoidal 2° · bifila · medios ×2 · 8 filas · az 0°",21-mar,800,34.565,33,"-55…14.25",1,55,2.082745e-2,1001.7795,162
19,"Arequipa · aleatorio 13 · N-S senoidal 2° · bifila · medios ×2 · 8 filas · az 0°",21-dic,680,14.319,33,"-15.5…-14.25",2,47.5,3.250510e-1,488.6771,118
20,"Arequipa · llano · N-S aleatorio 4° · mono · alineadas ×1 · 10 filas · az -20°",21-jun,1000,49.919,33,"-55…55",0,21.25,0.000000e+0,856.3712,0
20,"Arequipa · llano · N-S aleatorio 4° · mono · alineadas ×1 · 10 filas · az -20°",21-jun,1040,49.275,33,"-55…55",0,10,0.000000e+0,805.2337,0
20,"Arequipa · llano · N-S aleatorio 4° · mono · alineadas ×1 · 10 filas · az -20°",21-jun,1200,28.581,33,"-4…55",1,-45.5,9.705399e-3,615.6331,203
20,"Arequipa · llano · N-S aleatorio 4° · mono · alineadas ×1 · 10 filas · az -20°",21-mar,760,25.151,33,"-25…-25",2,55,2.696300e-1,754.8321,199
20,"Arequipa · llano · N-S aleatorio 4° · mono · alineadas ×1 · 10 filas · az -20°",21-mar,1260,27.141,33,"28.75…29",2,-54.75,2.042868e-1,783.4249,230
20,"Arequipa · llano · N-S aleatorio 4° · mono · alineadas ×1 · 10 filas · az -20°",21-dic,760,32.400,33,"-55…-18.5",1,54.25,9.333849e-2,861.5693,293
20,"Arequipa · llano · N-S aleatorio 4° · mono · alineadas ×1 · 10 filas · az -20°",21-dic,880,59.846,33,"-55…55",0,26.75,0.000000e+0,1092.9981,0
20,"Arequipa · llano · N-S aleatorio 4° · mono · alineadas ×1 · 10 filas · az -20°",21-dic,1000,83.044,33,"-55…55",0,-1.25,0.000000e+0,1162.8239,0
21,"Arequipa · cresta 3 · N-S rotula 2° · mono · tresbolillo ×1 · 10 filas · az 15°",21-jun,860,35.905,17,"-55…55",0,36.5,0.000000e+0,699.0940,0
21,"Arequipa · cresta 3 · N-S rotula 2° · mono · tresbolillo ×1 · 10 filas · az 15°",21-jun,880,39.060,17,"-55…55",0,30,0.000000e+0,714.8694,0
21,"Arequipa · cresta 3 · N-S rotula 2° · mono · tresbolillo ×1 · 10 filas · az 15°",21-jun,1200,28.581,17,"-55…55",0,-55,0.000000e+0,866.3349,0
21,"Arequipa · cresta 3 · N-S rotula 2° · mono · tresbolillo ×1 · 10 filas · az 15°",21-mar,760,25.151,17,"-55…36.75",1,55,4.919072e-2,782.0104,72
21,"Arequipa · cresta 3 · N-S rotula 2° · mono · tresbolillo ×1 · 10 filas · az 15°",21-mar,840,43.826,17,"-55…55",0,44.5,0.000000e+0,1007.6061,0
21,"Arequipa · cresta 3 · N-S rotula 2° · mono · tresbolillo ×1 · 10 filas · az 15°",21-mar,1140,54.635,17,"-55…55",0,-37.5,0.000000e+0,1110.3811,0
21,"Arequipa · cresta 3 · N-S rotula 2° · mono · tresbolillo ×1 · 10 filas · az 15°",21-dic,860,55.286,17,"-55…55",0,37.25,0.000000e+0,1147.3959,0
22,"Zaragoza · valle 3 · N-S senoidal 4° · quebrado · tresbolillo ×1 · 10 filas · az 0°",21-jun,740,71.599,33,"-55…55",0,-4.25,0.000000e+0,949.8574,0
22,"Zaragoza · valle 3 · N-S senoidal 4° · quebrado · tresbolillo ×1 · 10 filas · az 0°",21-jun,800,66.059,33,"-55…55",0,-20,0.000000e+0,958.1047,0
22,"Zaragoza · valle 3 · N-S senoidal 4° · quebrado · tresbolillo ×1 · 10 filas · az 0°",21-jun,860,56.595,33,"-1.25…55",1,-34,9.739737e-3,960.1043,214
22,"Zaragoza · valle 3 · N-S senoidal 4° · quebrado · tresbolillo ×1 · 10 filas · az 0°",21-mar,920,30.743,33,"35.5…36",2,-55,5.040591e-1,729.8618,285
23,"Zaragoza · ondulado 1.2 · N-S rotula 6° · mono · alineadas ×1 · 8 filas · az -20°",21-jun,500,40.208,17,"-55…55",0,50.25,0.000000e+0,899.3396,0
23,"Zaragoza · ondulado 1.2 · N-S rotula 6° · mono · alineadas ×1 · 8 filas · az -20°",21-mar,480,20.386,17,"-55…13.25",1,55,3.408897e-1,512.9177,166
23,"Zaragoza · ondulado 1.2 · N-S rotula 6° · mono · alineadas ×1 · 8 filas · az -20°",21-mar,740,48.737,17,"-55…55",0,-22,0.000000e+0,795.3957,0
23,"Zaragoza · ondulado 1.2 · N-S rotula 6° · mono · alineadas ×1 · 8 filas · az -20°",21-mar,1020,13.411,17,"8…19.25",2,-55,8.919806e-1,288.5201,108
24,"Zaragoza · aleatorio 13 · N-S rotula 3° · quebrado · medios ×2 · 8 filas · az -20°",21-jun,720,71.837,17,"-55…55",0,-6.25,0.000000e+0,954.9245,0
24,"Zaragoza · aleatorio 13 · N-S rotula 3° · quebrado · medios ×2 · 8 filas · az -20°",21-jun,900,49.464,17,"-55…55",0,-43,0.000000e+0,966.8460,0
24,"Zaragoza · aleatorio 13 · N-S rotula 3° · quebrado · medios ×2 · 8 filas · az -20°",21-mar,860,39.510,17,"-55…55",0,-50.25,0.000000e+0,920.0525,0
24,"Zaragoza · aleatorio 13 · N-S rotula 3° · quebrado · medios ×2 · 8 filas · az -20°",21-mar,940,27.476,17,"-35.75…55",1,-35.75,0.000000e+0,763.0724,76
24,"Zaragoza · aleatorio 13 · N-S rotula 3° · quebrado · medios ×2 · 8 filas · az -20°",21-dic,500,7.402,17,"-32.25…12.75",2,55,3.367887e-1,124.8026,77
24,"Zaragoza · aleatorio 13 · N-S rotula 3° · quebrado · medios ×2 · 8 filas · az -20°",21-dic,720,25.020,17,"-55…55",0,-39.25,0.000000e+0,449.0080,0
25,"Arequipa · aleatorio 42 · N-S constante 0° · mono · alineadas ×2 · 6 filas · az 0°",21-mar,880,52.800,17,"-55…55",0,37.25,0.000000e+0,1077.8132,0
25,"Arequipa · aleatorio 42 · N-S constante 0° · mono · alineadas ×2 · 6 filas · az 0°",21-mar,1020,72.917,17,"-55…55",0,-2,0.000000e+0,1086.5768,0
25,"Arequipa · aleatorio 42 · N-S constante 0° · mono · alineadas ×2 · 6 filas · az 0°",21-dic,840,50.710,17,"-55…55",0,40.5,0.000000e+0,1115.1495,0
25,"Arequipa · aleatorio 42 · N-S constante 0° · mono · alineadas ×2 · 6 filas · az 0°",21-dic,1060,75.485,17,"-55…55",0,-13.75,0.000000e+0,1162.0206,0
25,"Arequipa · aleatorio 42 · N-S constante 0° · mono · alineadas ×2 · 6 filas · az 0°",21-dic,1280,25.759,17,"-48.25…55",1,-48.25,0.000000e+0,884.0867,26
26,"Zaragoza · pendiente 6 · N-S aleatorio 2° · quebrado · alineadas ×1 · 8 filas · az 15°",21-jun,980,34.611,33,"1.75…55",1,-55,7.564588e-2,849.7409,226
26,"Zaragoza · pendiente 6 · N-S aleatorio 2° · quebrado · alineadas ×1 · 8 filas · az 15°",21-jun,1020,27.173,33,"17.75…37.25",2,-33.25,1.930333e-1,626.1458,219
26,"Zaragoza · pendiente 6 · N-S aleatorio 2° · quebrado · alineadas ×1 · 8 filas · az 15°",21-mar,860,39.510,33,"-55…55",0,-34,0.000000e+0,713.5404,0
27,"Zaragoza · valle 1 · N-S quebrado 2° · bifila · tresbolillo ×1 · 10 filas · az 0°",21-jun,560,51.273,33,"-55…55",0,40.5,0.000000e+0,962.6162,0
27,"Zaragoza · valle 1 · N-S quebrado 2° · bifila · tresbolillo ×1 · 10 filas · az 0°",21-mar,840,41.965,33,"-55…55",0,-37.75,0.000000e+0,799.7523,0
27,"Zaragoza · valle 1 · N-S quebrado 2° · bifila · tresbolillo ×1 · 10 filas · az 0°",21-mar,920,30.743,33,"-55…55",0,-55,0.000000e+0,813.1541,0
27,"Zaragoza · valle 1 · N-S quebrado 2° · bifila · tresbolillo ×1 · 10 filas · az 0°",21-dic,780,23.615,33,"-55…55",0,-33.5,0.000000e+0,387.9098,0
28,"Arequipa · valle 3 · N-S constante 0° · quebrado · alineadas ×2 · 8 filas · az 0°",21-jun,1220,24.806,17,"-40.75…55",1,-40.5,0.000000e+0,697.2284,56
28,"Arequipa · valle 3 · N-S constante 0° · quebrado · alineadas ×2 · 8 filas · az 0°",21-mar,920,61.205,17,"-55…55",0,26.75,0.000000e+0,1086.4082,0
28,"Arequipa · valle 3 · N-S constante 0° · quebrado · alineadas ×2 · 8 filas · az 0°",21-mar,1000,72.619,17,"-55…55",0,4.25,0.000000e+0,1086.8069,0
28,"Arequipa · valle 3 · N-S constante 0° · quebrado · alineadas ×2 · 8 filas · az 0°",21-mar,1160,50.247,17,"-55…55",0,-40.75,0.000000e+0,1085.3231,0
28,"Arequipa · valle 3 · N-S constante 0° · quebrado · alineadas ×2 · 8 filas · az 0°",21-dic,660,9.879,17,"-16.75…-4.5",2,44,8.352001e-1,252.6704,84
28,"Arequipa · valle 3 · N-S constante 0° · quebrado · alineadas ×2 · 8 filas · az 0°",21-dic,960,77.345,17,"-55…55",0,11.5,0.000000e+0,1163.0994,0
29,"Arequipa · llano · N-S constante -6° · mono · tresbolillo ×1 · 8 filas · az 0°",21-mar,680,6.179,17,"-22.5…9.75",2,27.75,2.349453e-1,147.8358,50
29,"Arequipa · llano · N-S constante -6° · mono · tresbolillo ×1 · 8 filas · az 0°",21-mar,1220,36.532,17,"-55…55",0,-54.25,0.000000e+0,1040.0789,0
29,"Arequipa · llano · N-S constante -6° · mono · tresbolillo ×1 · 8 filas · az 0°",21-dic,1060,75.485,17,"-55…55",0,-14,0.000000e+0,1141.7534,0
30,"Zaragoza · cresta 1 · N-S aleatorio 2° · mono · bagnarelli ×1 · 6 filas · az -20°",21-jun,560,51.273,28,"-55…55",0,36,0.000000e+0,908.6068,0
30,"Zaragoza · cresta 1 · N-S aleatorio 2° · mono · bagnarelli ×1 · 6 filas · az -20°",21-jun,720,71.837,28,"-55…55",0,-6.25,0.000000e+0,953.9557,0
31,"Zaragoza · aleatorio 13 · N-S senoidal 4° · bifila · alineadas ×1 · 10 filas · az -20°",21-jun,460,32.739,33,"-53…-13.25",2,55,9.864390e-2,843.0523,264
31,"Zaragoza · aleatorio 13 · N-S senoidal 4° · bifila · alineadas ×1 · 10 filas · az -20°",21-jun,620,61.594,33,"-55…55",0,20.75,0.000000e+0,919.6933,0
31,"Zaragoza · aleatorio 13 · N-S senoidal 4° · bifila · alineadas ×1 · 10 filas · az -20°",21-jun,700,71.130,33,"-55…55",0,-1,0.000000e+0,944.7668,0
31,"Zaragoza · aleatorio 13 · N-S senoidal 4° · bifila · alineadas ×1 · 10 filas · az -20°",21-jun,860,56.595,33,"-55…55",0,-36,0.000000e+0,987.8704,0
31,"Zaragoza · aleatorio 13 · N-S senoidal 4° · bifila · alineadas ×1 · 10 filas · az -20°",21-mar,840,41.965,33,"-9.75…55",1,-46.5,8.956262e-3,904.2658,180
31,"Zaragoza · aleatorio 13 · N-S senoidal 4° · bifila · alineadas ×1 · 10 filas · az -20°",21-mar,980,20.598,33,"20.5…20.75",2,-46.25,4.329275e-1,474.2721,164
31,"Zaragoza · aleatorio 13 · N-S senoidal 4° · bifila · alineadas ×1 · 10 filas · az -20°",21-mar,1000,17.033,33,"16.5…18",2,-55,5.732910e-1,349.1376,137
32,"Zaragoza · llano · N-S senoidal 3° · quebrado · alineadas ×1 · 6 filas · az 0°",21-mar,460,16.813,33,"-17.25…-16.25",2,54.75,3.305815e-1,411.0780,133
32,"Zaragoza · llano · N-S senoidal 3° · quebrado · alineadas ×1 · 6 filas · az 0°",21-mar,560,33.687,33,"-55…4.5",1,53.5,2.213887e-2,800.6059,201
32,"Zaragoza · llano · N-S senoidal 3° · quebrado · alineadas ×1 · 6 filas · az 0°",21-mar,860,39.510,33,"-55…55",0,-43.25,0.000000e+0,810.5866,0
32,"Zaragoza · llano · N-S senoidal 3° · quebrado · alineadas ×1 · 6 filas · az 0°",21-mar,920,30.743,33,"5.5…55",1,-55,6.903752e-2,772.8606,241
32,"Zaragoza · llano · N-S senoidal 3° · quebrado · alineadas ×1 · 6 filas · az 0°",21-dic,560,15.099,33,"-28…-23.25 -21.5…-17.75",4,54,1.991837e-1,341.7819,188
33,"Arequipa · cresta 3 · N-S rotula 6° · quebrado · medios ×2 · 10 filas · az 0°",21-mar,840,43.826,17,"-55…55",0,47.75,0.000000e+0,1067.6210,0
33,"Arequipa · cresta 3 · N-S rotula 6° · quebrado · medios ×2 · 10 filas · az 0°",21-mar,980,71.001,17,"-55…55",0,10,0.000000e+0,1087.3262,0
33,"Arequipa · cresta 3 · N-S rotula 6° · quebrado · medios ×2 · 10 filas · az 0°",21-mar,1000,72.619,17,"-55…55",0,4.25,0.000000e+0,1086.8069,0
33,"Arequipa · cresta 3 · N-S rotula 6° · quebrado · medios ×2 · 10 filas · az 0°",21-dic,1040,79.387,17,"-55…55",0,-8.75,0.000000e+0,1164.0917,0
34,"Zaragoza · pendiente 3 · N-S constante 0° · bifila · medios ×1 · 10 filas · az 0°",21-jun,440,29.019,17,"-55…55",0,55,0.000000e+0,840.5772,0
34,"Zaragoza · pendiente 3 · N-S constante 0° · bifila · medios ×1 · 10 filas · az 0°",21-jun,760,70.452,17,"-55…55",0,-9.75,0.000000e+0,952.8305,0
34,"Zaragoza · pendiente 3 · N-S constante 0° · bifila · medios ×1 · 10 filas · az 0°",21-jun,840,59.978,17,"-55…55",0,-29.5,0.000000e+0,964.8301,0
34,"Zaragoza · pendiente 3 · N-S constante 0° · bifila · medios ×1 · 10 filas · az 0°",21-mar,440,13.184,17,"-55…32",1,32,0.000000e+0,397.2144,91
34,"Zaragoza · pendiente 3 · N-S constante 0° · bifila · medios ×1 · 10 filas · az 0°",21-mar,680,47.241,17,"-55…55",0,19,0.000000e+0,758.6317,0
34,"Zaragoza · pendiente 3 · N-S constante 0° · bifila · medios ×1 · 10 filas · az 0°",21-mar,700,48.219,17,"-55…55",0,12.25,0.000000e+0,750.0915,0
34,"Zaragoza · pendiente 3 · N-S constante 0° · bifila · medios ×1 · 10 filas · az 0°",21-mar,960,24.086,17,"-52.5…55",1,-52.25,0.000000e+0,754.1410,9
34,"Zaragoza · pendiente 3 · N-S constante 0° · bifila · medios ×1 · 10 filas · az 0°",21-mar,1060,6.088,17,"-1.75…13.75",2,-55,8.437847e-1,43.3189,47
35,"Arequipa · cresta 2 · N-S quebrado 3° · mono · tresbolillo ×1 · 8 filas · az 15°",21-jun,820,28.915,33,"-55…55",0,49,0.000000e+0,658.4416,0
35,"Arequipa · cresta 2 · N-S quebrado 3° · mono · tresbolillo ×1 · 8 filas · az 15°",21-jun,880,39.060,33,"-55…55",0,30,0.000000e+0,714.2239,0
35,"Arequipa · cresta 2 · N-S quebrado 3° · mono · tresbolillo ×1 · 8 filas · az 15°",21-jun,900,41.927,33,"-55…55",0,23.5,0.000000e+0,728.8253,0
35,"Arequipa · cresta 2 · N-S quebrado 3° · mono · tresbolillo ×1 · 8 filas · az 15°",21-jun,1060,48.094,33,"-55…55",0,-29,0.000000e+0,872.0834,0
35,"Arequipa · cresta 2 · N-S quebrado 3° · mono · tresbolillo ×1 · 8 filas · az 15°",21-jun,1100,44.237,33,"-55…55",0,-39,0.000000e+0,899.8331,0
35,"Arequipa · cresta 2 · N-S quebrado 3° · mono · tresbolillo ×1 · 8 filas · az 15°",21-jun,1120,41.681,33,"-26…55",1,-43.75,1.195543e-3,906.2294,115
35,"Arequipa · cresta 2 · N-S quebrado 3° · mono · tresbolillo ×1 · 8 filas · az 15°",21-mar,820,39.221,33,"-55…55",0,49.75,0.000000e+0,985.3221,0
35,"Arequipa · cresta 2 · N-S quebrado 3° · mono · tresbolillo ×1 · 8 filas · az 15°",21-dic,1260,30.304,33,"14.5…55",1,-55,9.613809e-2,869.5368,277
36,"Arequipa · llano · N-S quebrado 6° · bifila · medios ×1 · 10 filas · az 0°",21-jun,1180,32.192,33,"3.25…55",1,-52.25,4.991968e-2,783.0813,232
36,"Arequipa · llano · N-S quebrado 6° · bifila · medios ×1 · 10 filas · az 0°",21-mar,860,48.361,33,"-55…55",0,43,0.000000e+0,1079.2125,0
36,"Arequipa · llano · N-S quebrado 6° · bifila · medios ×1 · 10 filas · az 0°",21-mar,1000,72.619,33,"-55…55",0,4.25,0.000000e+0,1082.7238,0
36,"Arequipa · llano · N-S quebrado 6° · bifila · medios ×1 · 10 filas · az 0°",21-mar,1240,31.852,33,"23.75…43.5",2,-55,1.405144e-1,950.0301,268
36,"Arequipa · llano · N-S quebrado 6° · bifila · medios ×1 · 10 filas · az 0°",21-mar,1280,22.406,33,"22.25…23",2,-47.75,3.109200e-1,756.2074,180
37,"Zaragoza · cresta 2 · N-S constante 3° · quebrado · bagnarelli ×1 · 10 filas · az 0°",21-jun,360,14.486,14,"-40.5…11.75",2,39,4.492055e-1,347.1918,114
37,"Zaragoza · cresta 2 · N-S constante 3° · quebrado · bagnarelli ×1 · 10 filas · az 0°",21-jun,460,32.739,14,"-55…55",0,55,0.000000e+0,884.0966,0
37,"Zaragoza · cresta 2 · N-S constante 3° · quebrado · bagnarelli ×1 · 10 filas · az 0°",21-jun,660,67.358,14,"-55…55",0,17,0.000000e+0,970.4530,0
37,"Zaragoza · cresta 2 · N-S constante 3° · quebrado · bagnarelli ×1 · 10 filas · az 0°",21-jun,720,71.837,14,"-55…55",0,1.5,0.000000e+0,965.4999,0
37,"Zaragoza · cresta 2 · N-S constante 3° · quebrado · bagnarelli ×1 · 10 filas · az 0°",21-jun,900,49.464,14,"-55…55",0,-42.25,0.000000e+0,964.7088,0
37,"Zaragoza · cresta 2 · N-S constante 3° · quebrado · bagnarelli ×1 · 10 filas · az 0°",21-mar,940,27.476,14,"-55…55",0,-55,0.000000e+0,802.6971,0
37,"Zaragoza · cresta 2 · N-S constante 3° · quebrado · bagnarelli ×1 · 10 filas · az 0°",21-dic,760,24.406,14,"-55…55",0,-22,0.000000e+0,406.8308,0
37,"Zaragoza · cresta 2 · N-S constante 3° · quebrado · bagnarelli ×1 · 10 filas · az 0°",21-dic,920,10.471,14,"-17.5…52",2,-50.5,3.827247e-1,260.2349,137
38,"Arequipa · ondulado 0.6 · N-S constante 6° · mono · alineadas ×1 · 8 filas · az 0°",21-jun,920,44.450,17,"-55…55",0,32.25,0.000000e+0,754.0599,0
38,"Arequipa · ondulado 0.6 · N-S constante 6° · mono · alineadas ×1 · 8 filas · az 0°",21-jun,1280,12.768,17,"-3…25.75",2,-36.5,6.249049e-1,233.4004,90
38,"Arequipa · ondulado 0.6 · N-S constante 6° · mono · alineadas ×1 · 8 filas · az 0°",21-mar,800,34.565,17,"-55…55",0,55,0.000000e+0,1004.3265,0
38,"Arequipa · ondulado 0.6 · N-S constante 6° · mono · alineadas ×1 · 8 filas · az 0°",21-dic,820,46.128,17,"-55…55",0,44.75,0.000000e+0,1122.2169,0
38,"Arequipa · ondulado 0.6 · N-S constante 6° · mono · alineadas ×1 · 8 filas · az 0°",21-dic,840,50.710,17,"-55…55",0,40,0.000000e+0,1127.9838,0
38,"Arequipa · ondulado 0.6 · N-S constante 6° · mono · alineadas ×1 · 8 filas · az 0°",21-dic,1100,66.799,17,"-55…55",0,-23.5,0.000000e+0,1164.5456,0
38,"Arequipa · ondulado 0.6 · N-S constante 6° · mono · alineadas ×1 · 8 filas · az 0°",21-dic,1120,62.297,17,"-55…55",0,-28.25,0.000000e+0,1158.2427,0
38,"Arequipa · ondulado 0.6 · N-S constante 6° · mono · alineadas ×1 · 8 filas · az 0°",21-dic,1180,48.603,17,"-55…55",0,-42.5,0.000000e+0,1133.5206,0
39,"Arequipa · ondulado 2 · N-S constante -3° · mono · alineadas ×1 · 6 filas · az 0°",21-jun,760,17.245,17,"-36.25…-7",2,55,6.944951e-1,367.8952,172
39,"Arequipa · ondulado 2 · N-S constante -3° · mono · alineadas ×1 · 6 filas · az 0°",21-jun,940,46.569,17,"-55…55",0,22.5,0.000000e+0,841.3386,0
39,"Arequipa · ondulado 2 · N-S constante -3° · mono · alineadas ×1 · 6 filas · az 0°",21-mar,820,39.221,17,"-55…55",0,52,0.000000e+0,1052.7639,0
39,"Arequipa · ondulado 2 · N-S constante -3° · mono · alineadas ×1 · 6 filas · az 0°",21-mar,840,43.826,17,"-55…55",0,47.25,0.000000e+0,1074.9827,0
39,"Arequipa · ondulado 2 · N-S constante -3° · mono · alineadas ×1 · 6 filas · az 0°",21-mar,1260,27.141,17,"21.75…34",2,-55,8.896754e-1,651.7287,222
39,"Arequipa · ondulado 2 · N-S constante -3° · mono · alineadas ×1 · 6 filas · az 0°",21-dic,1080,71.222,17,"-55…55",0,-19,0.000000e+0,1149.9262,0
39,"Arequipa · ondulado 2 · N-S constante -3° · mono · alineadas ×1 · 6 filas · az 0°",21-dic,1200,44.020,17,"-3…55",1,-48.75,2.547047e-1,930.3859,207
39,"Arequipa · ondulado 2 · N-S constante -3° · mono · alineadas ×1 · 6 filas · az 0°",21-dic,1220,39.439,17,"9.5…55",1,-53,4.857631e-1,898.6346,257
