cfg,nombre,dia,minZ,elev,mv,theta1_fs0,fs1,theta2,fs2,n_pares
28,"Zaragoza · aleatorio 7 · N-S constante 3° · quebrado · medios ×1 · 6 filas · az 15°",21-mar,380,2.253,33,-1.75,0.000000e+0,1.5,9.141924e-1,11
14,"Zaragoza · aleatorio 42 · N-S constante 0° · mono · medios ×1 · 6 filas · az 0°",21-jun,1140,5.942,33,12,0.000000e+0,-11.75,6.656370e-1,52
22,"Zaragoza · valle 1 · N-S constante 0° · quebrado · medios ×2 · 8 filas · az 15°",21-mar,400,5.850,33,-14,0.000000e+0,13.75,5.798711e-1,47
16,"Arequipa · cresta 1 · N-S constante -3° · mono · alineadas ×1 · 10 filas · az 15°",21-jun,1320,4.396,33,12.25,0.000000e+0,-12,5.599031e-1,39
14,"Zaragoza · aleatorio 42 · N-S constante 0° · mono · medios ×1 · 6 filas · az 0°",21-dic,980,2.011,33,6.5,0.000000e+0,-6.25,5.516769e-1,18
7,"Arequipa · pendiente 6 · N-S rotula 2° · mono · alineadas ×1 · 8 filas · az 0°",21-dic,1340,12.271,17,31.25,0.000000e+0,-31,5.165220e-1,104
19,"Zaragoza · pendiente 6 · N-S constante -3° · quebrado · alineadas ×1 · 10 filas · az -20°",21-dic,900,13.023,17,31.75,0.000000e+0,-31.5,5.156815e-1,105
15,"Zaragoza · cresta 1 · N-S rotula 4° · quebrado · alineadas ×1 · 8 filas · az 15°",21-mar,400,5.850,33,-11.5,0.000000e+0,11.25,5.091275e-1,41
16,"Arequipa · cresta 1 · N-S constante -3° · mono · alineadas ×1 · 10 filas · az 15°",21-mar,680,6.179,17,-20.5,0.000000e+0,20.25,5.019000e-1,58
28,"Zaragoza · aleatorio 7 · N-S constante 3° · quebrado · medios ×1 · 6 filas · az 15°",21-mar,460,16.813,17,-43.5,0.000000e+0,43.25,4.775081e-1,133
22,"Zaragoza · valle 1 · N-S constante 0° · quebrado · medios ×2 · 8 filas · az 15°",21-jun,320,7.595,17,-28,0.000000e+0,27.75,4.731560e-1,78
13,"Arequipa · pendiente 10 · N-S rotula 4° · mono · alineadas ×1 · 6 filas · az 0°",21-dic,1300,21.234,17,55,0.000000e+0,-54.75,4.379470e-1,176
20,"Zaragoza · llano · N-S rotula 2° · bifila · tresbolillo ×1 · 10 filas · az 0°",21-jun,1160,2.751,33,11,0.000000e+0,-10.75,4.093076e-1,24
28,"Zaragoza · aleatorio 7 · N-S constante 3° · quebrado · medios ×1 · 6 filas · az 15°",21-dic,940,7.757,17,47,0.000000e+0,-46.75,4.048746e-1,142
15,"Zaragoza · cresta 1 · N-S rotula 4° · quebrado · alineadas ×1 · 8 filas · az 15°",21-dic,500,7.402,17,-15.25,0.000000e+0,15,3.916613e-1,49
20,"Zaragoza · llano · N-S rotula 2° · bifila · tresbolillo ×1 · 10 filas · az 0°",21-mar,1040,9.753,17,35.25,0.000000e+0,-35,3.890585e-1,78
22,"Zaragoza · valle 1 · N-S constante 0° · quebrado · medios ×2 · 8 filas · az 15°",21-dic,540,12.710,17,-47.5,0.000000e+0,47.25,3.800843e-1,119
14,"Zaragoza · aleatorio 42 · N-S constante 0° · mono · medios ×1 · 6 filas · az 0°",21-jun,380,18.045,17,-55,0.000000e+0,54.75,3.681330e-1,145
25,"Zaragoza · cresta 1 · N-S quebrado 4° · quebrado · medios ×1 · 6 filas · az 15°",21-jun,1120,9.289,33,9.25,0.000000e+0,-9,3.548176e-1,69
1,"Zaragoza · ondulado 1.2 · N-S constante 3° · mono · tresbolillo ×1 · 8 filas · az 15°",21-dic,560,15.099,17,-45.25,0.000000e+0,45,3.239726e-1,164
27,"Arequipa · ondulado 0.6 · N-S constante -6° · mono · tresbolillo ×1 · 6 filas · az 0°",21-mar,700,10.908,17,-27.5,0.000000e+0,27.25,3.138780e-1,90
9,"Zaragoza · pendiente -10 · N-S senoidal 4° · mono · alineadas ×1 · 6 filas · az 15°",21-jun,440,29.019,33,-32.75,0.000000e+0,32.5,2.815908e-1,253
21,"Zaragoza · pendiente 10 · N-S senoidal 4° · mono · medios ×1 · 6 filas · az 15°",21-jun,1020,27.173,33,28.75,0.000000e+0,-28.5,2.800911e-1,221
3,"Arequipa · cresta 1 · N-S aleatorio 3° · quebrado · alineadas ×2 · 6 filas · az 0°",21-mar,1300,17.657,33,17.5,0.000000e+0,-17.25,2.754359e-1,139
13,"Arequipa · pendiente 10 · N-S rotula 4° · mono · alineadas ×1 · 6 filas · az 0°",21-mar,1360,3.475,33,20.25,0.000000e+0,-20,2.705469e-1,27
11,"Arequipa · llano · N-S constante 0° · mono · medios ×2 · 6 filas · az 0°",21-mar,720,15.660,17,-55,0.000000e+0,54.75,2.677391e-1,110
34,"Zaragoza · llano · N-S quebrado 6° · quebrado · bagnarelli ×1 · 6 filas · az 15°",21-dic,900,13.023,28,36.25,0.000000e+0,-36,2.562001e-1,288
34,"Zaragoza · llano · N-S quebrado 6° · quebrado · bagnarelli ×1 · 6 filas · az 15°",21-mar,580,36.634,28,-39.25,0.000000e+0,39,2.473042e-1,301
18,"Arequipa · cresta 1 · N-S aleatorio 3° · mono · tresbolillo ×2 · 6 filas · az 0°",21-mar,1300,17.657,33,17.5,0.000000e+0,-17.25,2.371846e-1,139
2,"Arequipa · pendiente -6 · N-S constante 3° · quebrado · alineadas ×1 · 8 filas · az 0°",21-mar,1340,8.156,17,45.75,0.000000e+0,-45.5,2.371342e-1,63
8,"Arequipa · valle 2 · N-S senoidal 2° · quebrado · alineadas ×1 · 6 filas · az -20°",21-jun,800,25.154,33,-32.75,0.000000e+0,32.5,2.336964e-1,211
1,"Zaragoza · ondulado 1.2 · N-S constante 3° · mono · tresbolillo ×1 · 8 filas · az 15°",21-dic,580,17.279,17,-55,0.000000e+0,54.75,2.323097e-1,172
4,"Arequipa · pendiente -6 · N-S constante 6° · mono · alineadas ×1 · 8 filas · az -20°",21-mar,1340,8.156,17,39,0.000000e+0,-38.75,2.218186e-1,50
35,"Arequipa · valle 2 · N-S rotula 3° · mono · tresbolillo ×1 · 6 filas · az 0°",21-mar,740,20.411,17,-55,0.000000e+0,54.75,2.177669e-1,163
25,"Zaragoza · cresta 1 · N-S quebrado 4° · quebrado · medios ×1 · 6 filas · az 15°",21-mar,960,24.086,33,34.25,0.000000e+0,-34,2.166446e-1,253
34,"Zaragoza · llano · N-S quebrado 6° · quebrado · bagnarelli ×1 · 6 filas · az 15°",21-jun,1040,23.493,28,24.5,0.000000e+0,-24.25,2.138973e-1,190
29,"Zaragoza · llano · N-S aleatorio 6° · bifila · bagnarelli ×1 · 8 filas · az 0°",21-jun,960,38.348,28,38.5,0.000000e+0,-38.25,2.087906e-1,306
10,"Zaragoza · valle 1 · N-S senoidal 4° · quebrado · alineadas ×2 · 10 filas · az -20°",21-dic,780,23.615,33,40.5,0.000000e+0,-40.25,1.955536e-1,316
34,"Zaragoza · llano · N-S quebrado 6° · quebrado · bagnarelli ×1 · 6 filas · az 15°",21-jun,1000,30.883,28,33.25,0.000000e+0,-33,1.928505e-1,255
5,"Zaragoza · pendiente 10 · N-S aleatorio 3° · quebrado · bagnarelli ×2 · 10 filas · az -20°",21-mar,840,41.965,28,47,0.000000e+0,-44.25,1.901672e-1,367
3,"Arequipa · cresta 1 · N-S aleatorio 3° · quebrado · alineadas ×2 · 6 filas · az 0°",21-dic,1200,44.020,33,46.5,0.000000e+0,-44.25,1.791834e-1,364
25,"Zaragoza · cresta 1 · N-S quebrado 4° · quebrado · medios ×1 · 6 filas · az 15°",21-dic,520,10.136,33,-9.5,0.000000e+0,9.25,1.702865e-1,74
37,"Zaragoza · aleatorio 13 · N-S senoidal 3° · bifila · alineadas ×1 · 6 filas · az 0°",21-jun,340,10.996,33,-14.25,0.000000e+0,14,1.695846e-1,97
34,"Zaragoza · llano · N-S quebrado 6° · quebrado · bagnarelli ×1 · 6 filas · az 15°",21-mar,880,36.794,28,55,0.000000e+0,-29.5,1.670782e-1,438
37,"Zaragoza · aleatorio 13 · N-S senoidal 3° · bifila · alineadas ×1 · 6 filas · az 0°",21-jun,360,14.486,33,-26.25,0.000000e+0,26,1.562408e-1,124
33,"Arequipa · pendiente 10 · N-S constante 3° · mono · medios ×2 · 8 filas · az 0°",21-mar,680,6.179,17,-51,0.000000e+0,50.75,1.539959e-1,47
3,"Arequipa · cresta 1 · N-S aleatorio 3° · quebrado · alineadas ×2 · 6 filas · az 0°",21-jun,1160,35.607,33,44.75,0.000000e+0,-44.5,1.530534e-1,356
10,"Zaragoza · valle 1 · N-S senoidal 4° · quebrado · alineadas ×2 · 10 filas · az -20°",21-jun,500,40.208,33,-44.25,0.000000e+0,44,1.514308e-1,340
9,"Zaragoza · pendiente -10 · N-S senoidal 4° · mono · alineadas ×1 · 6 filas · az 15°",21-dic,920,10.471,33,26.75,0.000000e+0,-26.5,1.372727e-1,201
17,"Arequipa · pendiente -3 · N-S senoidal 2° · bifila · tresbolillo ×1 · 6 filas · az 0°",21-mar,1340,8.156,33,13.75,0.000000e+0,-13.5,1.329521e-1,64
5,"Zaragoza · pendiente 10 · N-S aleatorio 3° · quebrado · bagnarelli ×2 · 10 filas · az -20°",21-jun,320,7.595,28,-8,0.000000e+0,7.75,1.321781e-1,61
13,"Arequipa · pendiente 10 · N-S rotula 4° · mono · alineadas ×1 · 6 filas · az 0°",21-jun,1220,24.806,17,55,0.000000e+0,-54.75,1.184532e-1,97
24,"Zaragoza · llano · N-S aleatorio 3° · bifila · tresbolillo ×2 · 10 filas · az 0°",21-jun,480,36.473,33,-51,0.000000e+0,50.75,1.152115e-1,291
18,"Arequipa · cresta 1 · N-S aleatorio 3° · mono · tresbolillo ×2 · 6 filas · az 0°",21-jun,1140,38.786,33,55,0.000000e+0,-39.75,1.131172e-1,386
37,"Zaragoza · aleatorio 13 · N-S senoidal 3° · bifila · alineadas ×1 · 6 filas · az 0°",21-jun,1020,27.173,33,55,0.000000e+0,-54.75,1.072576e-1,195
25,"Zaragoza · cresta 1 · N-S quebrado 4° · quebrado · medios ×1 · 6 filas · az 15°",21-mar,1080,2.487,64,4,0.000000e+0,-3.75,1.032954e-1,29
18,"Arequipa · cresta 1 · N-S aleatorio 3° · mono · tresbolillo ×2 · 6 filas · az 0°",21-dic,800,41.545,33,-55,0.000000e+0,47,1.007121e-1,323
32,"Zaragoza · llano · N-S aleatorio 6° · mono · medios ×1 · 6 filas · az 0°",21-dic,820,21.125,33,55,0.000000e+0,-40.75,9.799886e-2,364
9,"Zaragoza · pendiente -10 · N-S senoidal 4° · mono · alineadas ×1 · 6 filas · az 15°",21-mar,600,39.364,33,-55,0.000000e+0,47.5,9.713050e-2,325
1,"Zaragoza · ondulado 1.2 · N-S constante 3° · mono · tresbolillo ×1 · 8 filas · az 15°",21-jun,440,29.019,17,-55,0.000000e+0,54.75,9.292877e-2,119
18,"Arequipa · cresta 1 · N-S aleatorio 3° · mono · tresbolillo ×2 · 6 filas · az 0°",21-mar,840,43.826,33,-55,0.000000e+0,45,7.542638e-2,304
39,"Zaragoza · pendiente -6 · N-S aleatorio 4° · bifila · alineadas ×1 · 8 filas · az 0°",21-mar,920,30.743,33,55,0.000000e+0,-53.75,7.168237e-2,263
15,"Zaragoza · cresta 1 · N-S rotula 4° · quebrado · alineadas ×1 · 8 filas · az 15°",21-mar,500,23.882,17,-55,0.000000e+0,54.75,6.446724e-2,58
32,"Zaragoza · llano · N-S aleatorio 6° · mono · medios ×1 · 6 filas · az 0°",21-jun,560,51.273,33,-55,0.000000e+0,38.25,5.587736e-2,327
0,"Arequipa · valle 1 · N-S senoidal 6° · mono · medios ×2 · 8 filas · az -20°",21-mar,900,57.102,33,-55,0.000000e+0,33,4.236129e-2,326
23,"Zaragoza · aleatorio 7 · N-S rotula 6° · quebrado · tresbolillo ×1 · 8 filas · az 0°",21-dic,620,20.929,17,-55,0.000000e+0,44,2.293321e-2,179
21,"Zaragoza · pendiente 10 · N-S senoidal 4° · mono · medios ×1 · 6 filas · az 15°",21-mar,580,36.634,33,-55,0.000000e+0,51.5,1.675443e-2,183
33,"Arequipa · pendiente 10 · N-S constante 3° · mono · medios ×2 · 8 filas · az 0°",21-mar,700,10.908,17,-55,0.000000e+0,54.75,4.191532e-3,3
39,"Zaragoza · pendiente -6 · N-S aleatorio 4° · bifila · alineadas ×1 · 8 filas · az 0°",21-jun,560,51.273,33,-55,0.000000e+0,38,3.960538e-3,170
31,"Zaragoza · pendiente 10 · N-S senoidal 4° · mono · medios ×1 · 10 filas · az 0°",21-mar,540,30.558,33,-55,0.000000e+0,54.75,3.208632e-3,88
39,"Zaragoza · pendiente -6 · N-S aleatorio 4° · bifila · alineadas ×1 · 8 filas · az 0°",21-jun,920,45.791,33,55,0.000000e+0,-43.5,3.035798e-3,138
37,"Zaragoza · aleatorio 13 · N-S senoidal 3° · bifila · alineadas ×1 · 6 filas · az 0°",21-jun,460,32.739,33,-55,0.000000e+0,54.75,2.956775e-3,72
9,"Zaragoza · pendiente -10 · N-S senoidal 4° · mono · alineadas ×1 · 6 filas · az 15°",21-jun,940,42.079,33,55,0.000000e+0,-45.5,1.726027e-3,113
24,"Zaragoza · llano · N-S aleatorio 3° · bifila · tresbolillo ×2 · 10 filas · az 0°",21-mar,600,39.364,33,-55,0.000000e+0,39.25,4.342018e-4,97
26,"Zaragoza · llano · N-S aleatorio 6° · quebrado · bagnarelli ×1 · 8 filas · az 0°",21-jun,800,66.059,28,-55,0.000000e+0,-18.25,1.941344e-4,57
