MV,theta_deg,poa_planta_Wm2,fs_planos
8,-55,23.261872,2.85334879e-1
8,-54.75,23.247080,2.84411697e-1
8,-54.5,23.232159,2.83476397e-1
8,-54.25,23.217109,2.82528785e-1
8,-54,23.201930,2.81568663e-1
8,-53.75,23.186623,2.80595826e-1
8,-53.5,23.171188,2.79610068e-1
8,-53.25,23.155626,2.78611175e-1
8,-53,23.139936,2.77598929e-1
8,-52.75,23.124120,2.76573108e-1
8,-52.5,23.108177,2.75533484e-1
8,-52.25,23.092108,2.74479822e-1
8,-52,23.075913,2.73411884e-1
8,-51.75,23.059592,2.72329425e-1
8,-51.5,23.043147,2.71232195e-1
8,-51.25,23.026577,2.70119936e-1
8,-51,23.009882,2.68992385e-1
8,-50.75,22.993063,2.67849273e-1
8,-50.5,22.976121,2.66690325e-1
8,-50.25,22.959055,2.65515256e-1
8,-50,22.941867,2.64323777e-1
8,-49.75,22.924556,2.63115592e-1
8,-49.5,22.907122,2.61890394e-1
8,-49.25,22.889567,2.60647871e-1
8,-49,22.871890,2.59387704e-1
8,-48.75,22.854093,2.58109564e-1
8,-48.5,22.836174,2.56813112e-1
8,-48.25,22.818136,2.55498005e-1
8,-48,22.799977,2.54163886e-1
8,-47.75,22.781699,2.52810391e-1
8,-47.5,22.763302,2.51437147e-1
8,-47.25,22.744786,2.50043769e-1
8,-47,22.726151,2.49314932e-1
8,-46.75,22.707399,2.48597513e-1
8,-46.5,22.688530,2.47869420e-1
8,-46.25,22.669543,2.47130440e-1
8,-46,22.650439,2.46380353e-1
8,-45.75,22.631219,2.45618933e-1
8,-45.5,22.611884,2.44845949e-1
8,-45.25,22.592433,2.44061163e-1
8,-45,22.572866,2.43264329e-1
8,-44.75,22.553186,2.42455195e-1
8,-44.5,22.533391,2.41633503e-1
8,-44.25,22.513482,2.40798986e-1
8,-44,22.493460,2.39951368e-1
8,-43.75,22.473325,2.39090368e-1
8,-43.5,22.453077,2.38215695e-1
8,-43.25,22.432718,2.37327050e-1
8,-43,22.412247,2.36424124e-1
8,-42.75,22.391665,2.35506599e-1
8,-42.5,22.370972,2.34574149e-1
8,-42.25,22.350169,2.33626435e-1
8,-42,22.329256,2.32663111e-1
8,-41.75,22.308233,2.31683818e-1
8,-41.5,22.287102,2.30688185e-1
8,-41.25,22.265863,2.29675833e-1
8,-41,22.244515,2.28646367e-1
8,-40.75,22.223060,2.27599381e-1
8,-40.5,22.201498,2.26534457e-1
8,-40.25,22.179829,2.25451161e-1
8,-40,22.158054,2.24349048e-1
8,-39.75,22.136174,2.23227654e-1
8,-39.5,22.114188,2.22086503e-1
8,-39.25,22.092098,2.20925101e-1
8,-39,22.069903,2.19742940e-1
8,-38.75,22.047605,2.18539492e-1
8,-38.5,22.025204,2.17314211e-1
8,-38.25,22.002700,2.16066533e-1
8,-38,21.980093,2.14795875e-1
8,-37.75,21.957385,2.13501631e-1
8,-37.5,21.934576,2.12183175e-1
8,-37.25,21.911666,2.10839858e-1
8,-37,21.888656,2.09471008e-1
8,-36.75,21.865546,2.08075928e-1
8,-36.5,21.842336,2.06653894e-1
8,-36.25,21.819029,2.05204159e-1
8,-36,21.795622,2.03725942e-1
8,-35.75,21.772119,2.02218437e-1
8,-35.5,21.748518,2.00680805e-1
8,-35.25,21.724820,1.99112176e-1
8,-35,21.701027,1.97511643e-1
8,-34.75,21.677137,1.95878267e-1
8,-34.5,21.653153,1.94211068e-1
8,-34.25,21.629074,1.92509029e-1
8,-34,21.604902,1.90771091e-1
8,-33.75,21.580636,1.88996150e-1
8,-33.5,21.556277,1.87183059e-1
8,-33.25,21.531825,1.85330619e-1
8,-33,21.507282,1.83437584e-1
8,-32.75,21.482648,1.81502653e-1
8,-32.5,21.457923,1.79524467e-1
8,-32.25,21.433108,1.77501610e-1
8,-32,21.408204,1.75432602e-1
8,-31.75,21.383211,1.73315897e-1
8,-31.5,21.358129,1.71149879e-1
8,-31.25,21.332959,1.68932857e-1
8,-31,21.307702,1.66663064e-1
8,-30.75,21.282359,1.64338647e-1
8,-30.5,21.256930,1.61957668e-1
8,-30.25,21.231415,1.59518095e-1
8,-30,21.205815,1.57017795e-1
8,-29.75,21.180131,1.54454534e-1
8,-29.5,21.154363,1.51825964e-1
8,-29.25,21.128512,1.49129620e-1
8,-29,21.102579,1.46362910e-1
8,-28.75,21.076564,1.43523109e-1
8,-28.5,21.050468,1.40607348e-1
8,-28.25,21.024291,1.37612607e-1
8,-28,20.998035,1.34535703e-1
8,-27.75,20.971699,1.32780251e-1
8,-27.5,20.945284,1.31215662e-1
8,-27.25,20.918792,1.29606417e-1
8,-27,20.892222,1.27950616e-1
8,-26.75,20.865575,1.26246245e-1
8,-26.5,20.838852,1.24491175e-1
8,-26.25,20.812054,1.22683149e-1
8,-26,20.785181,1.20819776e-1
8,-25.75,20.758235,1.18898515e-1
8,-25.5,20.731214,1.16916671e-1
8,-25.25,20.704122,1.14871377e-1
8,-25,20.676957,1.14247547e-1
8,-24.75,20.649721,1.14076973e-1
8,-24.5,20.622415,1.13900671e-1
8,-24.25,20.595039,1.13718351e-1
8,-24,20.567593,1.13529704e-1
8,-23.75,20.540080,1.13334401e-1
8,-23.5,20.512499,1.13132085e-1
8,-23.25,20.484851,1.12922378e-1
8,-23,20.457137,1.12704871e-1
8,-22.75,20.429358,1.12479127e-1
8,-22.5,20.401514,1.12244673e-1
8,-22.25,20.373607,1.12001001e-1
8,-22,20.345636,1.11747561e-1
8,-21.75,20.317604,1.11483761e-1
8,-21.5,20.289511,1.11208958e-1
8,-21.25,20.261357,1.10922454e-1
8,-21,20.233143,1.10623493e-1
8,-20.75,20.204871,1.10311251e-1
8,-20.5,20.176542,1.09984830e-1
8,-20.25,20.148155,1.09643249e-1
8,-20,20.119713,1.09285435e-1
8,-19.75,20.091215,1.08910210e-1
8,-19.5,20.062664,1.08516281e-1
8,-19.25,20.034059,1.08102221e-1
8,-19,20.005403,1.07666457e-1
8,-18.75,19.976695,1.07207246e-1
8,-18.5,19.947937,1.06722654e-1
8,-18.25,19.919131,1.06210527e-1
8,-18,19.890277,1.05668462e-1
8,-17.75,19.861376,1.05093767e-1
8,-17.5,19.832429,1.04483417e-1
8,-17.25,19.803439,1.03834002e-1
8,-17,19.774405,1.03141661e-1
8,-16.75,19.745329,1.02402009e-1
8,-16.5,19.716213,1.01610042e-1
8,-16.25,19.687057,1.00760024e-1
8,-16,19.657864,9.98453485e-2
8,-15.75,19.628634,9.88583682e-2
8,-15.5,19.599369,9.77901794e-2
8,-15.25,19.570071,9.66303538e-2
8,-15,19.540741,9.53665980e-2
8,-14.75,19.511381,9.39843169e-2
8,-14.5,19.481992,9.24660479e-2
8,-14.25,19.452577,9.07907210e-2
8,-14,19.423137,8.89326766e-2
8,-13.75,19.393674,8.68603431e-2
8,-13.5,19.364191,8.45344311e-2
8,-13.25,19.334689,8.19054208e-2
8,-13,19.305171,7.89100008e-2
8,-12.75,19.275639,7.54659077e-2
8,-12.5,19.246095,7.14642601e-2
8,-12.25,19.216543,6.67578458e-2
8,-12,19.186985,6.11426265e-2
8,-11.75,19.157424,5.43273889e-2
8,-11.5,19.127864,4.58816208e-2
8,-11.25,19.098307,3.51409080e-2
8,-11,19.068757,2.10231139e-2
8,-10.75,19.039219,1.63887799e-3
8,-10.5,19.009696,0.00000000e+0
8,-10.25,18.980192,0.00000000e+0
8,-10,18.950714,0.00000000e+0
8,-9.75,18.921265,0.00000000e+0
8,-9.5,18.891851,0.00000000e+0
8,-9.25,18.862478,0.00000000e+0
8,-9,18.833154,0.00000000e+0
8,-8.75,18.803884,0.00000000e+0
8,-8.5,18.975906,0.00000000e+0
8,-8.25,19.665025,0.00000000e+0
8,-8,20.442337,7.68020296e-3
8,-7.75,21.233626,2.53518847e-2
8,-7.5,22.023971,3.83955201e-2
8,-7.25,22.813652,4.84184902e-2
8,-7,23.602832,5.63610563e-2
8,-6.75,24.289343,6.28099230e-2
8,-6.5,25.063510,6.81501390e-2
8,-6.25,26.043187,7.26448804e-2
8,-6,27.094334,7.64801327e-2
8,-5.75,28.145205,7.97910578e-2
8,-5.5,29.488198,8.26782445e-2
8,-5.25,31.092370,8.52180981e-2
8,-5,32.696192,8.74696963e-2
8,-4.75,34.299679,8.94794378e-2
8,-4.5,35.902889,9.12842701e-2
8,-4.25,37.505990,9.29139797e-2
8,-4,39.108799,9.43928466e-2
8,-3.75,40.711348,9.57408608e-2
8,-3.5,42.313927,9.69746293e-2
8,-3.25,43.916553,9.81080632e-2
8,-3,45.519179,9.91529029e-2
8,-2.75,47.121921,1.00119126e-1
8,-2.5,48.724630,1.01015266e-1
8,-2.25,50.327409,1.01848665e-1
8,-2,51.930381,1.02625672e-1
8,-1.75,53.533683,1.03351811e-1
8,-1.5,55.137469,1.04031904e-1
8,-1.25,56.741910,1.04670183e-1
8,-1,58.347188,1.05270379e-1
8,-0.75,59.953491,1.05835788e-1
8,-0.5,61.561001,1.06369339e-1
8,-0.25,63.169870,1.06873642e-1
8,0,64.780193,1.07351026e-1
8,0.25,65.738193,1.07803582e-1
8,0.5,67.317198,1.08233189e-1
8,0.75,68.897219,1.08641541e-1
8,1,70.478058,1.09030170e-1
8,1.25,72.059490,1.09400462e-1
8,1.5,73.641278,1.09753679e-1
8,1.75,75.223191,1.10090968e-1
8,2,76.805011,1.10413376e-1
8,2.25,78.386534,1.10721859e-1
8,2.5,79.967573,1.11017296e-1
8,2.75,81.547955,1.11300490e-1
8,3,83.127524,1.11572181e-1
8,3.25,84.706379,1.11833050e-1
8,3.5,86.284353,1.12083727e-1
8,3.75,87.861440,1.12324792e-1
8,4,89.437572,1.12556782e-1
8,4.25,91.012408,1.12780196e-1
8,4.5,92.585864,1.12995496e-1
8,4.75,94.158072,1.13203111e-1
8,5,94.963716,1.13403442e-1
8,5.25,96.513477,1.13596861e-1
8,5.5,98.061616,1.13783716e-1
8,5.75,99.608075,1.13964331e-1
8,6,100.505428,1.14139010e-1
8,6.25,101.355523,1.14308037e-1
8,6.5,102.861084,1.15441317e-1
8,6.75,104.364706,1.17468836e-1
8,7,105.866348,1.19433712e-1
8,7.25,107.365975,1.21338763e-1
8,7.5,108.863550,1.23186643e-1
8,7.75,110.359039,1.24979847e-1
8,8,111.852407,1.26720731e-1
8,8.25,113.343622,1.28411515e-1
8,8.5,114.832651,1.30054295e-1
8,8.75,116.319464,1.31651052e-1
8,9,117.804028,1.33203661e-1
8,9.25,118.289581,1.35405956e-1
8,9.5,119.750514,1.38459878e-1
8,9.75,121.209133,1.41432530e-1
8,10,122.665410,1.44327049e-1
8,10.25,124.119317,1.47146414e-1
8,10.5,125.570827,1.49893451e-1
8,10.75,127.019911,1.52570850e-1
8,11,128.466541,1.55181166e-1
8,11.25,129.910691,1.57726830e-1
8,11.5,131.352332,1.60210160e-1
8,11.75,132.791438,1.62633361e-1
8,12,134.227982,1.64998536e-1
8,12.25,135.661937,1.67307692e-1
8,12.5,137.093276,1.69562743e-1
8,12.75,136.501183,1.71765518e-1
8,13,137.900754,1.73917762e-1
8,13.25,139.297674,1.76021145e-1
8,13.5,140.691919,1.78077264e-1
8,13.75,142.083461,1.80087645e-1
8,14,143.472276,1.82053752e-1
8,14.25,144.858337,1.83976984e-1
8,14.5,146.241620,1.85858683e-1
8,14.75,147.622097,1.87700135e-1
8,15,148.999745,1.89502574e-1
8,15.25,149.179785,1.91267183e-1
8,15.5,150.533621,1.92995097e-1
8,15.75,151.884576,1.94687408e-1
8,16,153.232626,1.96345164e-1
8,16.25,154.577747,1.97969370e-1
8,16.5,155.919913,1.99560995e-1
8,16.75,157.259100,2.01120969e-1
8,17,158.595284,2.02650189e-1
8,17.25,159.928440,2.04149516e-1
8,17.5,161.258543,2.05619780e-1
8,17.75,162.585571,2.07061780e-1
8,18,163.909497,2.08476287e-1
8,18.25,165.230298,2.09864042e-1
8,18.5,166.547950,2.11225762e-1
8,18.75,167.862427,2.12562136e-1
8,19,169.173707,2.13873830e-1
8,19.25,170.481765,2.15161486e-1
8,19.5,171.786577,2.16425726e-1
8,19.75,173.088118,2.17667147e-1
8,20,174.386366,2.18886329e-1
8,20.25,175.681295,2.20083830e-1
8,20.5,176.972882,2.21260191e-1
8,20.75,176.677538,2.22415934e-1
8,21,177.950259,2.23551564e-1
8,21.25,177.722682,2.24667570e-1
8,21.5,178.971414,2.25764425e-1
8,21.75,180.216758,2.26842585e-1
8,22,181.458690,2.27902495e-1
8,22.25,182.697188,2.28944583e-1
8,22.5,183.932229,2.29969264e-1
8,22.75,185.163790,2.30976941e-1
8,23,186.391848,2.31968003e-1
8,23.25,187.616380,2.32942830e-1
8,23.5,188.837365,2.33901788e-1
8,23.75,190.054779,2.34845231e-1
8,24,191.268600,2.35773505e-1
8,24.25,192.478805,2.36686945e-1
8,24.5,193.685373,2.37585874e-1
8,24.75,194.888280,2.38470608e-1
8,25,196.087504,2.39341453e-1
8,25.25,195.643839,2.40198706e-1
8,25.5,196.823837,2.41042655e-1
8,25.75,198.000120,2.41873580e-1
8,26,197.486162,2.42691754e-1
8,26.25,198.643286,2.43497442e-1
8,26.5,199.796665,2.44290900e-1
8,26.75,200.946278,2.45072378e-1
8,27,202.092104,2.45842120e-1
8,27.25,203.234122,2.46600362e-1
8,27.5,204.372309,2.47347335e-1
8,27.75,203.700935,2.48083261e-1
8,28,203.047666,2.48808360e-1
8,28.25,204.142349,2.49522842e-1
8,28.5,203.285727,2.50453828e-1
8,28.75,204.353440,2.51841554e-1
8,29,205.417353,2.53209253e-1
8,29.25,204.640565,2.54557307e-1
8,29.5,205.681089,2.55886086e-1
8,29.75,206.717806,2.57195952e-1
8,30,207.750696,2.58487258e-1
8,30.25,206.761523,2.59760347e-1
8,30.5,207.776027,2.61015554e-1
8,30.75,208.786689,2.62253205e-1
8,31,209.793492,2.63473618e-1
8,31.25,210.796418,2.64677104e-1
8,31.5,211.795448,2.65863965e-1
8,31.75,210.840837,2.67034496e-1
8,32,211.816821,2.68188986e-1
8,32.25,212.788908,2.69327716e-1
8,32.5,213.757081,2.70450960e-1
8,32.75,214.718065,2.71558985e-1
8,33,215.674443,2.72652053e-1
8,33.25,214.616708,2.73730418e-1
8,33.5,215.550735,2.74794331e-1
8,33.75,216.480823,2.75844034e-1
8,34,215.364709,2.76879765e-1
8,34.25,216.272175,2.77901755e-1
8,34.5,217.175709,2.78910232e-1
8,34.75,213.754411,2.79905417e-1
8,35,214.621629,2.81454390e-1
8,35.25,215.484986,2.83380096e-1
8,35.5,216.344468,2.85281220e-1
8,35.75,217.200058,2.87158133e-1
8,36,218.051742,2.89011199e-1
8,36.25,218.899504,2.90840772e-1
8,36.5,217.599222,2.92647202e-1
8,36.75,218.424997,2.94430828e-1
8,37,219.246866,2.96191984e-1
8,37.25,220.064813,2.97930996e-1
8,37.5,220.878824,2.99648184e-1
8,37.75,219.361176,3.01343861e-1
8,38,220.154093,3.03018333e-1
8,38.25,220.943096,3.04671899e-1
8,38.5,221.728170,3.06304855e-1
8,38.75,222.509302,3.07917487e-1
8,39,223.286479,3.09510078e-1
8,39.25,221.806440,3.11082904e-1
8,39.5,222.562250,3.12636235e-1
8,39.75,223.314126,3.14170337e-1
8,40,224.062054,3.15685469e-1
8,40.25,224.806021,3.17181886e-1
8,40.5,225.546013,3.18659838e-1
8,40.75,226.282018,3.20119569e-1
8,41,224.568765,3.21561319e-1
8,41.25,225.284459,3.22985323e-1
8,41.5,225.996195,3.24391812e-1
8,41.75,226.703960,3.25781010e-1
8,42,225.053205,3.27153140e-1
8,42.25,225.740299,3.28508419e-1
8,42.5,224.023150,3.29847060e-1
8,42.75,224.689894,3.31169271e-1
8,43,225.352740,3.32475258e-1
8,43.25,226.011675,3.33765220e-1
8,43.5,226.666689,3.35039356e-1
8,43.75,227.317769,3.36297859e-1
8,44,227.964903,3.37540918e-1
8,44.25,226.057135,3.38768718e-1
8,44.5,226.684974,3.39981443e-1
8,44.75,227.308905,3.41179272e-1
8,45,227.928918,3.42362380e-1
8,45.25,226.051953,3.43530940e-1
8,45.5,226.655883,3.44685120e-1
8,45.75,227.255913,3.45825086e-1
8,46,227.852031,3.46951003e-1
8,46.25,228.444227,3.48063028e-1
8,46.5,229.032491,3.49161320e-1
8,46.75,229.616812,3.50246032e-1
8,47,230.197179,3.51317315e-1
8,47.25,230.773582,3.52375318e-1
8,47.5,231.346010,3.53420187e-1
8,47.75,231.914454,3.54452063e-1
8,48,232.478904,3.55471088e-1
8,48.25,230.364095,3.56477400e-1
8,48.5,230.910344,3.57471133e-1
8,48.75,231.452645,3.58452421e-1
8,49,231.990986,3.59421394e-1
8,49.25,232.525359,3.60378179e-1
8,49.5,233.055754,3.61322903e-1
8,49.75,233.582162,3.62255689e-1
8,50,234.104572,3.63176658e-1
8,50.25,234.622976,3.64085930e-1
8,50.5,235.137364,3.64983620e-1
8,50.75,235.647727,3.65869844e-1
8,51,236.154056,3.66744714e-1
8,51.25,236.656341,3.67608342e-1
8,51.5,237.154574,3.68460835e-1
8,51.75,237.648746,3.69302300e-1
8,52,238.138847,3.70132843e-1
8,52.25,235.918969,3.70952566e-1
8,52.5,233.602375,3.71761570e-1
8,52.75,234.061829,3.72559954e-1
8,53,234.517333,3.73347816e-1
8,53.25,234.968881,3.74125252e-1
8,53.5,235.416464,3.74892355e-1
8,53.75,235.860074,3.75649218e-1
8,54,236.299702,3.76395931e-1
8,54.25,236.737086,3.77132584e-1
8,54.5,237.170962,3.77859264e-1
8,54.75,237.600813,3.78576056e-1
8,55,238.026629,3.79283046e-1
16,-55,23.261872,2.77855945e-1
16,-54.75,23.247080,2.76537988e-1
16,-54.5,23.232159,2.75202268e-1
16,-54.25,23.217109,2.73848485e-1
16,-54,23.201930,2.72476329e-1
16,-53.75,23.186623,2.71085485e-1
16,-53.5,23.171188,2.69675628e-1
16,-53.25,23.155626,2.68246428e-1
16,-53,23.139936,2.66797545e-1
16,-52.75,23.124120,2.65328631e-1
16,-52.5,23.108177,2.63839329e-1
16,-52.25,23.092108,2.62329274e-1
16,-52,23.075913,2.60798092e-1
16,-51.75,23.059592,2.59245399e-1
16,-51.5,23.043147,2.57670801e-1
16,-51.25,23.026577,2.56073895e-1
16,-51,23.009882,2.55124446e-1
16,-50.75,22.993063,2.54531443e-1
16,-50.5,22.976121,2.53930224e-1
16,-50.25,22.959055,2.53320642e-1
16,-50,22.941867,2.52702546e-1
16,-49.75,22.924556,2.52075782e-1
16,-49.5,22.907122,2.51440193e-1
16,-49.25,22.889567,2.50795615e-1
16,-49,22.871890,2.50141883e-1
16,-48.75,22.854093,2.49478827e-1
16,-48.5,22.836174,2.48806270e-1
16,-48.25,22.818136,2.48124035e-1
16,-48,22.799977,2.47431936e-1
16,-47.75,22.781699,2.46729786e-1
16,-47.5,22.763302,2.46017389e-1
16,-47.25,22.744786,2.45294546e-1
16,-47,22.726151,2.44561054e-1
16,-46.75,22.707399,2.43816702e-1
16,-46.5,22.688530,2.43061275e-1
16,-46.25,22.669543,2.42294550e-1
16,-46,22.650439,2.41516301e-1
16,-45.75,22.631219,2.40726293e-1
16,-45.5,22.611884,2.39924285e-1
16,-45.25,22.592433,2.39110031e-1
16,-45,22.572866,2.38283277e-1
16,-44.75,22.553186,2.37443760e-1
16,-44.5,22.533391,2.36591212e-1
16,-44.25,22.513482,2.35725356e-1
16,-44,22.493460,2.34845907e-1
16,-43.75,22.473325,2.33952573e-1
16,-43.5,22.453077,2.33045051e-1
16,-43.25,22.432718,2.32123031e-1
16,-43,22.412247,2.31186192e-1
16,-42.75,22.391665,2.30234207e-1
16,-42.5,22.370972,2.29266733e-1
16,-42.25,22.350169,2.28283423e-1
16,-42,22.329256,2.27392503e-1
16,-41.75,22.308233,2.26807164e-1
16,-41.5,22.287102,2.26212058e-1
16,-41.25,22.265863,2.25606958e-1
16,-41,22.244515,2.24991627e-1
16,-40.75,22.223060,2.24365824e-1
16,-40.5,22.201498,2.23729297e-1
16,-40.25,22.179829,2.23081788e-1
16,-40,22.158054,2.22423030e-1
16,-39.75,22.136174,2.21752747e-1
16,-39.5,22.114188,2.21070654e-1
16,-39.25,22.092098,2.20376456e-1
16,-39,22.069903,2.19669847e-1
16,-38.75,22.047605,2.18950514e-1
16,-38.5,22.025204,2.36280453e-1
16,-38.25,22.002700,2.35182874e-1
16,-38,21.980093,2.34065079e-1
16,-37.75,21.957385,2.32926536e-1
16,-37.5,21.934576,2.31766694e-1
16,-37.25,21.911666,2.30584981e-1
16,-37,21.888656,2.29380807e-1
16,-36.75,21.865546,2.28153558e-1
16,-36.5,21.842336,2.26902598e-1
16,-36.25,21.819029,2.25627268e-1
16,-36,21.795622,2.24326883e-1
16,-35.75,21.772119,2.23000734e-1
16,-35.5,21.748518,2.21648082e-1
16,-35.25,21.724820,2.20268160e-1
16,-35,21.701027,2.18345396e-1
16,-34.75,21.677137,2.16343701e-1
16,-34.5,21.653153,2.14300800e-1
16,-34.25,21.629074,2.12215462e-1
16,-34,21.604902,2.10086406e-1
16,-33.75,21.580636,2.07912296e-1
16,-33.5,21.556277,2.05691745e-1
16,-33.25,21.531825,2.03423303e-1
16,-33,21.507282,2.01105464e-1
16,-32.75,21.482648,1.98736655e-1
16,-32.5,21.457923,1.96274229e-1
16,-32.25,21.433108,1.93777015e-1
16,-32,21.408204,1.91254928e-1
16,-31.75,21.383211,1.89207904e-1
16,-31.5,21.358129,1.87223528e-1
16,-31.25,21.332959,1.85192644e-1
16,-31,21.307702,1.83113648e-1
16,-30.75,21.282359,1.80984862e-1
16,-30.5,21.256930,1.78804525e-1
16,-30.25,21.231415,1.76570796e-1
16,-30,21.205815,1.74281742e-1
16,-29.75,21.180131,1.71935338e-1
16,-29.5,21.154363,1.69931764e-1
16,-29.25,21.128512,1.68224383e-1
16,-29,21.102579,1.66472781e-1
16,-28.75,21.076564,1.64675260e-1
16,-28.5,21.050468,1.62830031e-1
16,-28.25,21.024291,1.60935212e-1
16,-28,20.998035,1.58988823e-1
16,-27.75,20.971699,1.56988772e-1
16,-27.5,20.945284,1.54932856e-1
16,-27.25,20.918792,1.52818748e-1
16,-27,20.892222,1.50643991e-1
16,-26.75,20.865575,1.48405985e-1
16,-26.5,20.838852,1.46101983e-1
16,-26.25,20.812054,1.43729072e-1
16,-26,20.785181,1.41284168e-1
16,-25.75,20.758235,1.38763999e-1
16,-25.5,20.731214,1.36165090e-1
16,-25.25,20.704122,1.33483751e-1
16,-25,20.676957,1.30716056e-1
16,-24.75,20.649721,1.27857826e-1
16,-24.5,20.622415,1.24904607e-1
16,-24.25,20.595039,1.21851648e-1
16,-24,20.567593,1.18693876e-1
16,-23.75,20.540080,1.15425867e-1
16,-23.5,20.512499,1.12290467e-1
16,-23.25,20.484851,1.09894660e-1
16,-23,20.457137,1.07411202e-1
16,-22.75,20.429358,1.04835246e-1
16,-22.5,20.401514,1.02161578e-1
16,-22.25,20.373607,9.93845884e-2
16,-22,20.345636,9.64982259e-2
16,-21.75,20.317604,9.34959586e-2
16,-21.5,20.289511,9.03707230e-2
16,-21.25,20.261357,8.71148692e-2
16,-21,20.233143,7.99487943e-2
16,-20.75,20.204871,7.81061420e-2
16,-20.5,20.176542,7.70627604e-2
16,-20.25,20.148155,7.59709374e-2
16,-20,20.119713,7.48272428e-2
16,-19.75,20.091215,7.36279148e-2
16,-19.5,20.062664,7.23688187e-2
16,-19.25,20.034059,7.10453996e-2
16,-19,20.005403,6.96526277e-2
16,-18.75,19.976695,6.81849348e-2
16,-18.5,19.947937,6.66361399e-2
16,-18.25,19.919131,6.49993632e-2
16,-18,19.890277,6.32669236e-2
16,-17.75,19.861376,6.14302194e-2
16,-17.5,19.832429,5.94795856e-2
16,-17.25,19.803439,5.74041244e-2
16,-17,19.774405,5.51915025e-2
16,-16.75,19.745329,5.28277062e-2
16,-16.5,19.716213,5.02967456e-2
16,-16.25,19.687057,4.75802931e-2
16,-16,19.657864,4.46572402e-2
16,-15.75,19.628634,4.15031495e-2
16,-15.5,19.599369,3.80895710e-2
16,-15.25,19.570071,3.43831838e-2
16,-15,19.540741,3.03447065e-2
16,-14.75,19.511381,2.84715928e-2
16,-14.5,19.481992,2.68048631e-2
16,-14.25,19.452577,2.49657375e-2
16,-14,19.423137,2.29260504e-2
16,-13.75,19.393674,2.06511471e-2
16,-13.5,19.364191,1.80979012e-2
16,-13.25,19.334689,1.52119572e-2
16,-13,19.305171,1.19238208e-2
16,-12.75,19.275639,8.14319497e-3
16,-12.5,19.246095,3.75056534e-3
16,-12.25,19.216543,0.00000000e+0
16,-12,19.186985,0.00000000e+0
16,-11.75,19.157424,0.00000000e+0
16,-11.5,19.127864,0.00000000e+0
16,-11.25,19.098307,0.00000000e+0
16,-11,19.068757,0.00000000e+0
16,-10.75,19.039219,0.00000000e+0
16,-10.5,19.009696,0.00000000e+0
16,-10.25,18.980192,0.00000000e+0
16,-10,18.950714,0.00000000e+0
16,-9.75,18.921265,0.00000000e+0
16,-9.5,18.891851,0.00000000e+0
16,-9.25,18.862478,0.00000000e+0
16,-9,18.833154,0.00000000e+0
16,-8.75,18.803884,0.00000000e+0
16,-8.5,18.973376,0.00000000e+0
16,-8.25,19.645857,0.00000000e+0
16,-8,20.438376,0.00000000e+0
16,-7.75,21.229713,0.00000000e+0
16,-7.5,22.020302,0.00000000e+0
16,-7.25,22.810516,0.00000000e+0
16,-7,23.600932,0.00000000e+0
16,-6.75,24.391725,0.00000000e+0
16,-6.5,25.182382,0.00000000e+0
16,-6.25,26.178691,5.02254732e-3
16,-6,27.246579,9.23253809e-3
16,-5.75,28.314276,1.28669978e-2
16,-5.5,29.673266,1.60363382e-2
16,-5.25,31.278813,1.88244264e-2
16,-5,32.883805,2.12961092e-2
16,-4.75,34.488277,2.35023164e-2
16,-4.5,36.092304,2.54836039e-2
16,-4.25,37.696069,2.72726668e-2
16,-4,39.299402,2.88961564e-2
16,-3.75,40.765486,3.14928901e-2
16,-3.5,42.359871,3.54355705e-2
16,-3.25,43.954183,3.90576504e-2
16,-3,45.548300,4.23966444e-2
16,-2.75,47.142048,4.54844341e-2
16,-2.5,48.735615,4.83482865e-2
16,-2.25,50.329120,5.10116603e-2
16,-2,51.922695,5.34948481e-2
16,-1.75,53.516487,5.58154931e-2
16,-1.5,55.110660,5.79890078e-2
16,-1.25,56.705392,6.00289158e-2
16,-1,58.300872,6.19471324e-2
16,-0.75,59.896712,6.37541973e-2
16,-0.5,61.351144,6.54594668e-2
16,-0.25,62.792794,6.70712758e-2
16,0,64.377600,6.85970736e-2
16,0.25,65.629420,7.00435379e-2
16,0.5,67.199773,7.14166729e-2
16,0.75,68.505585,7.27218916e-2
16,1,70.068081,7.39640871e-2
16,1.25,71.631226,7.51476932e-2
16,1.5,73.194783,7.62767376e-2
16,1.75,74.758520,7.73548868e-2
16,2,76.023602,7.83854862e-2
16,2.25,77.580085,8.05680552e-2
16,2.5,79.136141,8.27813812e-2
16,2.75,80.691595,8.49030312e-2
16,3,82.243516,8.81468122e-2
16,3.25,83.794538,9.13612113e-2
16,3.5,85.344733,9.44474270e-2
16,3.75,86.894095,9.74129223e-2
16,4,88.442554,1.00264591e-1
16,4.25,89.989771,1.03008813e-1
16,4.5,91.535659,1.05651496e-1
16,4.75,92.705379,1.08255723e-1
16,5,94.238925,1.11772350e-1
16,5.25,95.770955,1.15166176e-1
16,5.5,96.905981,1.18443459e-1
16,5.75,98.427944,1.21610038e-1
16,6,99.948225,1.24671366e-1
16,6.25,101.466773,1.27632546e-1
16,6.5,102.983538,1.30498356e-1
16,6.75,103.809106,1.33273272e-1
16,7,105.304480,1.35961496e-1
16,7.25,106.797909,1.38566975e-1
16,7.5,108.289357,1.41093418e-1
16,7.75,109.778785,1.43544318e-1
16,8,111.266159,1.45922962e-1
16,8.25,112.751441,1.48232450e-1
16,8.5,114.234600,1.50475709e-1
16,8.75,115.715600,1.52655499e-1
16,9,117.194410,1.54774432e-1
16,9.25,118.670997,1.56834977e-1
16,9.5,120.145329,1.58839471e-1
16,9.75,121.617376,1.60790128e-1
16,10,123.087107,1.62689046e-1
16,10.25,124.554490,1.64538217e-1
16,10.5,126.019498,1.66339530e-1
16,10.75,127.482098,1.68094781e-1
16,11,128.942263,1.69805675e-1
16,11.25,130.399963,1.71473836e-1
16,11.5,131.855169,1.73100809e-1
16,11.75,133.307853,1.74688064e-1
16,12,133.786992,1.76237003e-1
16,12.25,134.720521,1.77748962e-1
16,12.5,135.636109,1.79225216e-1
16,12.75,137.047566,1.80666981e-1
16,13,138.457041,1.82075420e-1
16,13.25,139.865992,1.83451642e-1
16,13.5,141.272246,1.84796709e-1
16,13.75,141.501049,1.86324927e-1
16,14,142.883471,1.88238949e-1
16,14.25,144.263147,1.90111030e-1
16,14.5,145.639767,1.91675646e-1
16,14.75,147.011039,1.93479916e-1
16,15,148.379495,1.95245612e-1
16,15.25,149.745109,1.96973916e-1
16,15.5,151.107857,1.98665961e-1
16,15.75,152.467713,2.00322835e-1
16,16,153.824652,2.01945585e-1
16,16.25,155.179374,2.03535212e-1
16,16.5,156.533164,2.05092683e-1
16,16.75,157.247746,2.06618924e-1
16,17,158.586574,2.08114827e-1
16,17.25,159.922370,2.09581250e-1
16,17.5,161.255109,2.11019020e-1
16,17.75,162.584765,2.12102027e-1
16,18,163.911315,2.12947502e-1
16,18.25,165.234734,2.13776985e-1
16,18.5,166.554999,2.14590904e-1
16,18.75,167.872084,2.15389672e-1
16,19,169.185965,2.16173687e-1
16,19.25,170.496618,2.16943333e-1
16,19.5,171.804019,2.17698980e-1
16,19.75,172.396353,2.18440987e-1
16,20,172.914935,2.19169699e-1
16,20.25,174.197626,2.19885451e-1
16,20.5,174.770467,2.20588565e-1
16,20.75,176.036020,2.21279355e-1
16,21,177.298224,2.21958121e-1
16,21.25,178.557056,2.22625156e-1
16,21.5,179.812492,2.23280743e-1
16,21.75,181.064511,2.23925155e-1
16,22,182.313089,2.24558657e-1
16,22.25,183.558203,2.25181505e-1
16,22.5,184.799832,2.25793948e-1
16,22.75,185.253623,2.26396226e-1
16,23,186.479736,2.26988572e-1
16,23.25,186.850653,2.27586426e-1
16,23.5,188.061249,2.28581374e-1
16,23.75,189.268293,2.29560223e-1
16,24,190.471761,2.30523333e-1
16,24.25,191.671631,2.31471050e-1
16,24.5,192.867883,2.32403710e-1
16,24.75,194.060493,2.33321642e-1
16,25,195.249439,2.34225161e-1
16,25.25,196.433401,2.35331056e-1
16,25.5,197.612838,2.37227013e-1
16,25.75,197.949878,2.39094994e-1
16,26,197.414930,2.40935548e-1
16,26.25,198.561164,2.42749211e-1
16,26.5,199.703668,2.44536504e-1
16,26.75,199.987707,2.46297934e-1
16,27,201.116895,2.48033996e-1
16,27.25,201.376095,2.49745170e-1
16,27.5,202.491960,2.51431925e-1
16,27.75,203.604028,2.53094719e-1
16,28,204.712278,2.54733995e-1
16,28.25,205.816690,2.56350189e-1
16,28.5,206.917245,2.57943723e-1
16,28.75,207.106040,2.59515009e-1
16,29,208.190901,2.61064450e-1
16,29.25,208.349220,2.62592437e-1
16,29.5,209.429179,2.64099353e-1
16,29.75,209.595946,2.65585570e-1
16,30,210.679433,2.67051454e-1
16,30.25,211.758578,2.68497359e-1
16,30.5,212.833370,2.69923632e-1
16,30.75,214.871422,2.71330611e-1
16,31,214.959749,2.72718626e-1
16,31.25,215.993543,2.74088000e-1
16,31.5,217.023319,2.75439048e-1
16,31.75,218.049058,2.76772077e-1
16,32,219.070742,2.78087388e-1
16,32.25,219.103592,2.79385274e-1
16,32.5,220.109564,2.80666022e-1
16,32.75,220.100582,2.81929911e-1
16,33,221.090909,2.83177216e-1
16,33.25,222.077142,2.84408203e-1
16,33.5,222.047630,2.85623135e-1
16,33.75,223.018221,2.86822267e-1
16,34,221.806277,2.88005848e-1
16,34.25,222.754329,2.89174124e-1
16,34.5,223.698289,2.90327332e-1
16,34.75,223.600361,2.91465707e-1
16,35,224.528826,2.92589476e-1
16,35.25,224.338856,2.93698864e-1
16,35.5,225.252162,2.94794090e-1
16,35.75,226.161352,2.95875366e-1
16,36,226.003235,2.96942903e-1
16,36.25,226.897029,2.97996905e-1
16,36.5,226.698509,2.99037572e-1
16,36.75,226.504227,3.00238473e-1
16,37,226.221820,3.01493149e-1
16,37.25,225.989578,3.02732051e-1
16,37.5,226.833472,3.03955404e-1
16,37.75,227.673277,3.05163433e-1
16,38,228.508979,3.06356354e-1
16,38.25,229.340562,3.07534383e-1
16,38.5,227.878910,3.08697728e-1
16,38.75,228.688920,3.10001418e-1
16,39,229.494831,3.11360060e-1
16,39.25,230.296628,3.12701843e-1
16,39.5,231.094296,3.14026998e-1
16,39.75,231.887821,3.15335751e-1
16,40,230.332111,3.16628323e-1
16,40.25,231.104412,3.17904932e-1
16,40.5,230.707645,3.19165790e-1
16,40.75,231.465197,3.20411106e-1
16,41,232.218634,3.21641083e-1
16,41.25,231.803601,3.22985323e-1
16,41.5,232.540631,3.24391812e-1
16,41.75,232.038654,3.25781010e-1
16,42,232.761398,3.27153140e-1
16,42.25,231.057519,3.28508419e-1
16,42.5,230.576449,3.29847060e-1
16,42.75,230.081250,3.31169271e-1
16,43,230.766606,3.32475258e-1
16,43.25,231.447921,3.33765220e-1
16,43.5,230.860896,3.35039356e-1
16,43.75,231.528298,3.36297859e-1
16,44,232.191658,3.37540918e-1
16,44.25,232.850964,3.38768718e-1
16,44.5,233.506204,3.39981443e-1
16,44.75,234.275622,3.41179272e-1
16,45,234.922775,3.42362380e-1
16,45.25,234.273921,3.43530940e-1
16,45.5,234.907323,3.44685120e-1
16,45.75,235.536638,3.45825086e-1
16,46,236.161854,3.46951003e-1
16,46.25,236.782962,3.48063028e-1
16,46.5,237.399948,3.49161320e-1
16,46.75,238.012804,3.50246032e-1
16,47,238.621517,3.51317315e-1
16,47.25,236.582780,3.52375318e-1
16,47.5,237.172566,3.53420187e-1
16,47.75,237.758253,3.54452063e-1
16,48,238.339830,3.55471088e-1
16,48.25,238.917286,3.56477400e-1
16,48.5,239.490611,3.57471133e-1
16,48.75,240.059794,3.58452421e-1
16,49,240.624826,3.59421394e-1
16,49.25,239.834044,3.60378179e-1
16,49.5,239.072294,3.61322903e-1
16,49.75,239.614691,3.62255689e-1
16,50,240.152972,3.63176658e-1
16,50.25,239.363392,3.64085930e-1
16,50.5,239.889827,3.64983620e-1
16,50.75,240.412145,3.65869844e-1
16,51,240.930334,3.66744714e-1
16,51.25,240.066545,3.67608342e-1
16,51.5,240.572273,3.68460835e-1
16,51.75,241.074538,3.69302300e-1
16,52,241.585308,3.70132843e-1
16,52.25,242.103688,3.70952566e-1
16,52.5,242.617740,3.71761570e-1
16,52.75,243.127460,3.72559954e-1
16,53,243.633635,3.73347816e-1
16,53.25,245.531102,3.74125252e-1
16,53.5,246.008689,3.74892355e-1
16,53.75,245.071951,3.75649218e-1
16,54,245.536826,3.76395931e-1
16,54.25,245.997487,3.77132584e-1
16,54.5,246.453924,3.77832810e-1
16,54.75,246.906131,3.78428436e-1
16,55,245.966387,3.79015911e-1
32,-55,23.261872,2.77855945e-1
32,-54.75,23.247080,2.76537988e-1
32,-54.5,23.232159,2.75202268e-1
32,-54.25,23.217109,2.73848485e-1
32,-54,23.201930,2.72476329e-1
32,-53.75,23.186623,2.71085485e-1
32,-53.5,23.171188,2.69675628e-1
32,-53.25,23.155626,2.68746443e-1
32,-53,23.139936,2.67974901e-1
32,-52.75,23.124120,2.67193011e-1
32,-52.5,23.108177,2.66400600e-1
32,-52.25,23.092108,2.65597490e-1
32,-52,23.075913,2.64783498e-1
32,-51.75,23.059592,2.63958438e-1
32,-51.5,23.043147,2.63122118e-1
32,-51.25,23.026577,2.62274344e-1
32,-51,23.009882,2.61414914e-1
32,-50.75,22.993063,2.60543623e-1
32,-50.5,22.976121,2.59660261e-1
32,-50.25,22.959055,2.58764611e-1
32,-50,22.941867,2.57856454e-1
32,-49.75,22.924556,2.57076741e-1
32,-49.5,22.907122,2.56305245e-1
32,-49.25,22.889567,2.55522839e-1
32,-49,22.871890,2.54729323e-1
32,-48.75,22.854093,2.53924488e-1
32,-48.5,22.836174,2.53108124e-1
32,-48.25,22.818136,2.52280011e-1
32,-48,22.799977,2.51439927e-1
32,-47.75,22.781699,2.50587642e-1
32,-47.5,22.763302,2.49722920e-1
32,-47.25,22.744786,2.48845521e-1
32,-47,22.726151,2.47955195e-1
32,-46.75,22.707399,2.47051689e-1
32,-46.5,22.688530,2.46134739e-1
32,-46.25,22.669543,2.45204078e-1
32,-46,22.650439,2.44259428e-1
32,-45.75,22.631219,2.43300506e-1
32,-45.5,22.611884,2.42327021e-1
32,-45.25,22.592433,2.41338671e-1
32,-45,22.572866,2.40335148e-1
32,-44.75,22.553186,2.39316135e-1
32,-44.5,22.533391,2.38367865e-1
32,-44.25,22.513482,2.37512963e-1
32,-44,22.493460,2.36644641e-1
32,-43.75,22.473325,2.35762609e-1
32,-43.5,22.453077,2.34866571e-1
32,-43.25,22.432718,2.33956218e-1
32,-43,22.412247,2.33031236e-1
32,-42.75,22.391665,2.32091298e-1
32,-42.5,22.370972,2.31136069e-1
32,-42.25,22.350169,2.30165205e-1
32,-42,22.329256,2.29178348e-1
32,-41.75,22.308233,2.28175131e-1
32,-41.5,22.287102,2.27155177e-1
32,-41.25,22.265863,2.26118093e-1
32,-41,22.244515,2.25063478e-1
32,-40.75,22.223060,2.23990915e-1
32,-40.5,22.201498,2.22899974e-1
32,-40.25,22.179829,2.21790213e-1
32,-40,22.158054,2.20661174e-1
32,-39.75,22.136174,2.19512384e-1
32,-39.5,22.114188,2.18424683e-1
32,-39.25,22.092098,2.17472862e-1
32,-39,22.069903,2.16504028e-1
32,-38.75,22.047605,2.15517747e-1
32,-38.5,22.025204,2.14513574e-1
32,-38.25,22.002700,2.13491045e-1
32,-38,21.980093,2.12449682e-1
32,-37.75,21.957385,2.11388989e-1
32,-37.5,21.934576,2.10308453e-1
32,-37.25,21.911666,2.09207543e-1
32,-37,21.888656,2.08085706e-1
32,-36.75,21.865546,2.06942373e-1
32,-36.5,21.842336,2.05776950e-1
32,-36.25,21.819029,2.04588823e-1
32,-36,21.795622,2.03377354e-1
32,-35.75,21.772119,2.01948413e-1
32,-35.5,21.748518,2.00416255e-1
32,-35.25,21.724820,1.98853331e-1
32,-35,21.701027,1.97290901e-1
32,-34.75,21.677137,1.96007849e-1
32,-34.5,21.653153,1.94876302e-1
32,-34.25,21.629074,1.93481672e-1
32,-34,21.604902,1.92057743e-1
32,-33.75,21.580636,1.90603619e-1
32,-33.5,21.556277,1.89118367e-1
32,-33.25,21.531825,1.87601014e-1
32,-33,21.507282,1.85825768e-1
32,-32.75,21.482648,1.83929161e-1
32,-32.5,21.457923,1.81990416e-1
32,-32.25,21.433108,1.80008161e-1
32,-32,21.408204,1.77980965e-1
32,-31.75,21.383211,1.75907331e-1
32,-31.5,21.358129,1.73785697e-1
32,-31.25,21.332959,1.71614429e-1
32,-31,21.307702,1.69391818e-1
32,-30.75,21.282359,1.67116076e-1
32,-30.5,21.256930,1.64785329e-1
32,-30.25,21.231415,1.62397615e-1
32,-30,21.205815,1.60253981e-1
32,-29.75,21.180131,1.58117065e-1
32,-29.5,21.154363,1.55926156e-1
32,-29.25,21.128512,1.53679235e-1
32,-29,21.102579,1.51374178e-1
32,-28.75,21.076564,1.49315939e-1
32,-28.5,21.050468,1.47270683e-1
32,-28.25,21.024291,1.45170272e-1
32,-28,20.998035,1.43012494e-1
32,-27.75,20.971699,1.40795015e-1
32,-27.5,20.945284,1.38515376e-1
32,-27.25,20.918792,1.36422839e-1
32,-27,20.892222,1.34444268e-1
32,-26.75,20.865575,1.32407998e-1
32,-26.5,20.838852,1.30311514e-1
32,-26.25,20.812054,1.28152153e-1
32,-26,20.785181,1.25927091e-1
32,-25.75,20.758235,1.23633335e-1
32,-25.5,20.731214,1.21736536e-1
32,-25.25,20.704122,1.19783036e-1
32,-25,20.676957,1.17766534e-1
32,-24.75,20.649721,1.15683976e-1
32,-24.5,20.622415,1.13532109e-1
32,-24.25,20.595039,1.11307461e-1
32,-24,20.567593,1.09006324e-1
32,-23.75,20.540080,1.06624734e-1
32,-23.5,20.512499,1.04158448e-1
32,-23.25,20.484851,1.01602920e-1
32,-23,20.457137,9.92049306e-2
32,-22.75,20.429358,9.75811507e-2
32,-22.5,20.401514,9.58947513e-2
32,-22.25,20.373607,9.41420757e-2
32,-22,20.345636,9.23191769e-2
32,-21.75,20.317604,9.04217878e-2
32,-21.5,20.289511,8.84452885e-2
32,-21.25,20.261357,8.67416474e-2
32,-21,20.233143,8.52634783e-2
32,-20.75,20.204871,8.37196680e-2
32,-20.5,20.176542,8.21057782e-2
32,-20.25,20.148155,8.04169610e-2
32,-20,20.119713,7.86479109e-2
32,-19.75,20.091215,7.67928091e-2
32,-19.5,20.062664,7.48452602e-2
32,-19.25,20.034059,7.27982191e-2
32,-19,20.005403,7.06439058e-2
32,-18.75,19.976695,6.83737075e-2
32,-18.5,19.947937,6.66361399e-2
32,-18.25,19.919131,6.49993632e-2
32,-18,19.890277,6.32669236e-2
32,-17.75,19.861376,6.14302194e-2
32,-17.5,19.832429,5.94795856e-2
32,-17.25,19.803439,5.74041244e-2
32,-17,19.774405,5.55842738e-2
32,-16.75,19.745329,5.42918141e-2
32,-16.5,19.716213,5.29079555e-2
32,-16.25,19.687057,5.14226772e-2
32,-16,19.657864,4.98244380e-2
32,-15.75,19.628634,4.80998764e-2
32,-15.5,19.599369,4.62334371e-2
32,-15.25,19.570071,4.42069014e-2
32,-15,19.540741,4.19987920e-2
32,-14.75,19.511381,3.95836099e-2
32,-14.5,19.481992,3.69308469e-2
32,-14.25,19.452577,3.51805490e-2
32,-14,19.423137,3.36961943e-2
32,-13.75,19.393674,3.20406593e-2
32,-13.5,19.364191,3.01825584e-2
32,-13.25,19.334689,2.80823338e-2
32,-13,19.305171,2.56894106e-2
32,-12.75,19.275639,2.38525603e-2
32,-12.5,19.246095,2.32546088e-2
32,-12.25,19.216543,2.25513552e-2
32,-12,19.186985,2.17123130e-2
32,-11.75,19.157424,2.06939711e-2
32,-11.5,19.127864,1.94320047e-2
32,-11.25,19.098307,1.78271408e-2
32,-11,19.068757,1.57176931e-2
32,-10.75,19.039219,1.28213641e-2
32,-10.5,19.009696,8.59700236e-3
32,-10.25,18.980192,1.85966160e-3
32,-10,18.950714,0.00000000e+0
32,-9.75,18.921265,0.00000000e+0
32,-9.5,18.891851,0.00000000e+0
32,-9.25,18.862478,0.00000000e+0
32,-9,18.833154,2.14889247e-3
32,-8.75,18.803884,4.68659246e-3
32,-8.5,18.973285,6.81680483e-3
32,-8.25,19.644996,9.93878166e-3
32,-8,20.436770,1.37180329e-2
32,-7.75,21.228549,1.63584827e-2
32,-7.5,22.020277,1.83074367e-2
32,-7.25,22.811923,1.98050605e-2
32,-7,23.603468,2.09918425e-2
32,-6.75,24.394902,2.26641702e-2
32,-6.5,25.186219,2.46063504e-2
32,-6.25,26.183204,2.63672982e-2
32,-6,27.251779,2.79712204e-2
32,-5.75,28.279269,2.94381966e-2
32,-5.5,29.634102,3.07850230e-2
32,-5.25,31.234693,3.20258566e-2
32,-5,32.834944,3.31727146e-2
32,-4.75,34.434867,3.42358635e-2
32,-4.5,36.034519,3.55628695e-2
32,-4.25,37.634067,3.76835759e-2
32,-4,39.233326,4.02675130e-2
32,-3.75,40.832328,4.26228411e-2
32,-3.5,42.431363,4.47785743e-2
32,-3.25,44.030446,4.67590157e-2
32,-3,45.593763,4.85846771e-2
32,-2.75,47.067244,5.02729898e-2
32,-2.5,48.563799,5.18388625e-2
32,-2.25,50.142700,5.32951216e-2
32,-2,51.627771,5.46528620e-2
32,-1.75,53.202548,5.59217304e-2
32,-1.5,54.676205,5.79890078e-2
32,-1.25,56.246857,6.00289158e-2
32,-1,57.818189,6.19471324e-2
32,-0.75,59.389820,6.37541973e-2
32,-0.5,60.961749,6.54594668e-2
32,-0.25,62.534911,6.70712758e-2
32,0,63.987719,6.92287395e-2
32,0.25,65.558558,7.23222707e-2
32,0.5,67.130696,7.52558539e-2
32,0.75,68.703985,7.80415389e-2
32,1,70.278222,8.06901935e-2
32,1.25,71.853172,8.32116454e-2
32,1.5,73.428593,8.56148033e-2
32,1.75,75.004248,8.79077625e-2
32,2,76.579913,9.00978953e-2
32,2.25,78.155379,9.21919302e-2
32,2.5,79.730453,9.41960209e-2
32,2.75,81.144119,9.65792473e-2
32,3,82.591464,9.90306661e-2
32,3.25,84.026679,1.01383400e-1
32,3.5,85.329097,1.03643249e-1
32,3.75,86.876698,1.05815565e-1
32,4,88.423357,1.07905297e-1
32,4.25,89.968738,1.10054865e-1
32,4.5,91.512755,1.12541330e-1
32,4.75,93.055542,1.14938427e-1
32,5,94.406035,1.17250841e-1
32,5.25,95.942390,1.19482938e-1
32,5.5,97.477135,1.21638789e-1
32,5.75,99.009503,1.23973221e-1
32,6,99.850632,1.26502141e-1
32,6.25,101.157030,1.28948128e-1
32,6.5,102.494602,1.31315148e-1
32,6.75,103.998496,1.33606918e-1
32,7,105.281902,1.35961496e-1
32,7.25,106.777175,1.38566975e-1
32,7.5,108.270493,1.41093418e-1
32,7.75,109.761815,1.43544318e-1
32,8,111.251106,1.45922962e-1
32,8.25,112.738329,1.48232450e-1
32,8.5,114.223448,1.50475709e-1
32,8.75,115.706430,1.52655499e-1
32,9,116.984423,1.54774432e-1
32,9.25,118.249072,1.56834977e-1
32,9.5,119.716563,1.58839471e-1
32,9.75,121.181780,1.60790128e-1
32,10,122.212073,1.62689046e-1
32,10.25,123.663825,1.64538217e-1
32,10.5,125.113207,1.66339530e-1
32,10.75,126.560190,1.68094781e-1
32,11,128.004746,1.69805675e-1
32,11.25,129.446845,1.71473836e-1
32,11.5,130.607165,1.73299294e-1
32,11.75,132.038126,1.75601998e-1
32,12,133.466556,1.77848985e-1
32,12.25,134.893105,1.80042205e-1
32,12.5,136.317792,1.82183515e-1
32,12.75,137.739866,1.84274688e-1
32,13,139.159298,1.86317417e-1
32,13.25,140.576063,1.88313319e-1
32,13.5,141.990132,1.90263941e-1
32,13.75,143.401480,1.91926795e-1
32,14,144.811462,1.93474343e-1
32,14.25,146.218679,1.94987845e-1
32,14.5,147.334234,1.96468375e-1
32,14.75,148.731275,1.97916965e-1
32,15,150.125465,1.99334603e-1
32,15.25,150.903371,2.00632829e-1
32,15.5,151.992709,2.01692657e-1
32,15.75,153.367708,2.02730514e-1
32,16,154.094385,2.03764900e-1
32,16.25,155.454439,2.05044667e-1
32,16.5,156.811515,2.06298644e-1
32,16.75,157.860740,2.07527572e-1
32,17,159.206616,2.08497127e-1
32,17.25,160.549243,2.09401771e-1
32,17.5,161.561106,2.10288878e-1
32,17.75,162.893111,2.11381227e-1
32,18,163.853487,2.12503663e-1
32,18.25,164.851531,2.13604756e-1
32,18.5,166.167198,2.14590904e-1
32,18.75,167.479692,2.15389672e-1
32,19,168.105806,2.16173687e-1
32,19.25,169.404349,2.16943333e-1
32,19.5,170.699662,2.17698980e-1
32,19.75,171.306024,2.18440987e-1
32,20,172.588558,2.19169699e-1
32,20.25,173.867805,2.19885451e-1
32,20.5,174.778632,2.20588565e-1
32,20.75,176.046905,2.21279355e-1
32,21,176.911677,2.22177551e-1
32,21.25,178.168913,2.23073239e-1
32,21.5,179.422766,2.23953554e-1
32,21.75,180.672726,2.24818865e-1
32,22,181.535417,2.25669526e-1
32,22.25,182.396028,2.26505882e-1
32,22.5,183.626661,2.27328266e-1
32,22.75,184.853814,2.28137001e-1
32,23,186.077467,2.28932401e-1
32,23.25,187.297597,2.29714769e-1
32,23.5,188.514181,2.30484398e-1
32,23.75,189.322017,2.31241576e-1
32,24,190.527250,2.31986577e-1
32,24.25,191.330005,2.32719671e-1
32,24.5,192.522935,2.33455641e-1
32,24.75,193.712228,2.35042455e-1
32,25,194.451687,2.36605496e-1
32,25.25,195.208354,2.38145241e-1
32,25.5,196.371510,2.39662153e-1
32,25.75,197.512302,2.41196265e-1
32,26,198.191157,2.42845950e-1
32,26.25,198.912734,2.44471542e-1
32,26.5,199.596226,2.46073507e-1
32,26.75,199.871792,2.47652300e-1
32,27,200.572937,2.49208362e-1
32,27.25,201.697673,2.50742124e-1
32,27.5,202.818623,2.52254007e-1
32,27.75,203.935766,2.53744420e-1
32,28,205.049083,2.55213761e-1
32,28.25,206.158551,2.56662418e-1
32,28.5,206.804664,2.58090772e-1
32,28.75,207.902281,2.59515009e-1
32,29,208.538523,2.61064450e-1
32,29.25,209.623492,2.63448898e-1
32,29.5,209.780244,2.64221895e-1
32,29.75,210.849627,2.65585570e-1
32,30,211.915072,2.67051454e-1
32,30.25,212.026500,2.68497359e-1
32,30.5,213.076261,2.69923632e-1
32,30.75,213.646003,2.71330611e-1
32,31,214.683950,2.72718626e-1
32,31.25,214.721137,2.74088000e-1
32,31.5,215.743473,2.75439048e-1
32,31.75,216.761803,2.76772077e-1
32,32,216.788111,2.78087388e-1
32,32.25,217.301314,2.79463033e-1
32,32.5,217.801415,2.80884296e-1
32,32.75,218.787679,2.82286854e-1
32,33,219.769901,2.83671009e-1
32,33.25,220.244642,2.85037059e-1
32,33.5,220.709990,2.86385293e-1
32,33.75,220.649120,2.87715995e-1
32,34,221.601337,2.89049821e-1
32,34.25,221.488859,2.90478855e-1
32,34.5,222.425727,2.91889464e-1
32,34.75,223.358513,2.93281932e-1
32,35,223.210808,2.94656540e-1
32,35.25,224.128293,2.96013559e-1
32,35.5,223.982063,2.97353258e-1
32,35.75,223.796070,2.98675898e-1
32,36,224.124900,2.99981735e-1
32,36.25,224.476615,3.01271019e-1
32,36.5,224.784756,3.02543996e-1
32,36.75,225.654727,3.03851463e-1
32,37,225.405453,3.05213810e-1
32,37.25,225.683018,3.06559026e-1
32,37.5,224.883759,3.07887359e-1
32,37.75,225.716338,3.09199052e-1
32,38,225.961143,3.10494341e-1
32,38.25,226.228562,3.11773458e-1
32,38.5,227.042217,3.13036630e-1
32,38.75,227.261331,3.14284082e-1
32,39,227.502310,3.15516029e-1
32,39.25,228.297100,3.16732687e-1
32,39.5,227.949198,3.17934264e-1
32,39.75,228.128903,3.19120965e-1
32,40,228.901598,3.20292992e-1
32,40.25,229.097578,3.21450542e-1
32,40.5,229.252169,3.22593808e-1
32,40.75,230.006187,3.23722978e-1
32,41,230.176332,3.24838238e-1
32,41.25,230.306042,3.25939771e-1
32,41.5,229.868679,3.27044796e-1
32,41.75,230.006924,3.28220973e-1
32,42,230.724679,3.29382698e-1
32,42.25,230.225719,3.30530155e-1
32,42.5,230.928369,3.31663525e-1
32,42.75,231.626955,3.32782984e-1
32,43,231.096431,3.33888706e-1
32,43.25,231.174428,3.34980860e-1
32,43.5,231.852589,3.36059613e-1
32,43.75,230.677930,3.37146096e-1
32,44,230.702522,3.38292149e-1
32,44.25,231.356613,3.39424134e-1
32,44.5,232.006671,3.40542221e-1
32,44.75,232.010803,3.41646573e-1
32,45,232.649956,3.42737353e-1
32,45.25,233.285059,3.43814720e-1
32,45.5,233.916102,3.44878829e-1
32,45.75,233.893123,3.45929834e-1
32,46,233.883094,3.46967884e-1
32,46.25,234.495592,3.48063028e-1
32,46.5,235.103979,3.49161320e-1
32,46.75,235.050568,3.50246032e-1
32,47,235.648135,3.51317315e-1
32,47.25,236.241623,3.52375318e-1
32,47.5,236.831022,3.53420187e-1
32,47.75,236.107912,3.54452063e-1
32,48,236.684593,3.55471088e-1
32,48.25,236.609788,3.56477400e-1
32,48.5,237.175577,3.57471133e-1
32,48.75,237.064918,3.58452421e-1
32,49,237.620009,3.59421394e-1
32,49.25,238.171007,3.60378179e-1
32,49.5,238.717904,3.61322903e-1
32,49.75,237.903681,3.62255689e-1
32,50,238.438197,3.63176658e-1
32,50.25,238.968614,3.64085930e-1
32,50.5,239.494923,3.64983620e-1
32,50.75,238.665707,3.65869844e-1
32,51,239.178904,3.66744714e-1
32,51.25,239.000026,3.67608342e-1
32,51.5,239.502644,3.68460835e-1
32,51.75,240.001166,3.69302300e-1
32,52,239.801310,3.70132843e-1
32,52.25,240.289379,3.70952566e-1
32,52.5,240.773927,3.71761570e-1
32,52.75,241.254358,3.72559954e-1
32,53,240.349720,3.73347816e-1
32,53.25,240.818074,3.74125252e-1
32,53.5,239.921829,3.74892355e-1
32,53.75,239.698043,3.75696386e-1
32,54,240.148451,3.76466936e-1
32,54.25,239.887050,3.77202690e-1
32,54.5,240.327201,3.77928478e-1
32,54.75,240.763393,3.78644387e-1
32,55,241.195916,3.79350499e-1
64,-55,23.261872,2.78693925e-1
64,-54.75,23.247080,2.77943861e-1
64,-54.5,23.232159,2.77183951e-1
64,-54.25,23.217109,2.76424305e-1
64,-54,23.201930,2.75713259e-1
64,-53.75,23.186623,2.74992797e-1
64,-53.5,23.171188,2.74262765e-1
64,-53.25,23.155626,2.73523005e-1
64,-53,23.139936,2.72773357e-1
64,-52.75,23.124120,2.72013654e-1
64,-52.5,23.108177,2.71243728e-1
64,-52.25,23.092108,2.70463407e-1
64,-52,23.075913,2.69672512e-1
64,-51.75,23.059592,2.68870863e-1
64,-51.5,23.043147,2.68058275e-1
64,-51.25,23.026577,2.67273030e-1
64,-51,23.009882,2.66514816e-1
64,-50.75,22.993063,2.65746139e-1
64,-50.5,22.976121,2.64966811e-1
64,-50.25,22.959055,2.64176644e-1
64,-50,22.941867,2.63375441e-1
64,-49.75,22.924556,2.62563003e-1
64,-49.5,22.907122,2.61739125e-1
64,-49.25,22.889567,2.60903598e-1
64,-49,22.871890,2.60056204e-1
64,-48.75,22.854093,2.59196724e-1
64,-48.5,22.836174,2.58356116e-1
64,-48.25,22.818136,2.57556443e-1
64,-48,22.799977,2.56745209e-1
64,-47.75,22.781699,2.55922194e-1
64,-47.5,22.763302,2.55087169e-1
64,-47.25,22.744786,2.54239901e-1
64,-47,22.726151,2.53380150e-1
64,-46.75,22.707399,2.52507671e-1
64,-46.5,22.688530,2.51622211e-1
64,-46.25,22.669543,2.50723509e-1
64,-46,22.650439,2.49811299e-1
64,-45.75,22.631219,2.48946658e-1
64,-45.5,22.611884,2.48100318e-1
64,-45.25,22.592433,2.47241056e-1
64,-45,22.572866,2.46368602e-1
64,-44.75,22.553186,2.45482681e-1
64,-44.5,22.533391,2.44583009e-1
64,-44.25,22.513482,2.43669294e-1
64,-44,22.493460,2.42741235e-1
64,-43.75,22.473325,2.41798524e-1
64,-43.5,22.453077,2.40840841e-1
64,-43.25,22.432718,2.39899608e-1
64,-43,22.412247,2.39013672e-1
64,-42.75,22.391665,2.38113411e-1
64,-42.5,22.370972,2.37198505e-1
64,-42.25,22.350169,2.36268622e-1
64,-42,22.329256,2.35323422e-1
64,-41.75,22.308233,2.34362553e-1
64,-41.5,22.287102,2.33385652e-1
64,-41.25,22.265863,2.32392344e-1
64,-41,22.244515,2.31382245e-1
64,-40.75,22.223060,2.30384891e-1
64,-40.5,22.201498,2.29453096e-1
64,-40.25,22.179829,2.28505227e-1
64,-40,22.158054,2.27540891e-1
64,-39.75,22.136174,2.26559684e-1
64,-39.5,22.114188,2.25561190e-1
64,-39.25,22.092098,2.24544976e-1
64,-39,22.069903,2.23510597e-1
64,-38.75,22.047605,2.22457592e-1
64,-38.5,22.025204,2.21385482e-1
64,-38.25,22.002700,2.20353759e-1
64,-38,21.980093,2.19367337e-1
64,-37.75,21.957385,2.18362604e-1
64,-37.5,21.934576,2.17339075e-1
64,-37.25,21.911666,2.16296245e-1
64,-37,21.888656,2.15233593e-1
64,-36.75,21.865546,2.14150578e-1
64,-36.5,21.842336,2.13046638e-1
64,-36.25,21.819029,2.11921191e-1
64,-36,21.795622,2.10773634e-1
64,-35.75,21.772119,2.09731014e-1
64,-35.5,21.748518,2.08633866e-1
64,-35.25,21.724820,2.07421924e-1
64,-35,21.701027,2.06185393e-1
64,-34.75,21.677137,2.04847261e-1
64,-34.5,21.653153,2.03416847e-1
64,-34.25,21.629074,2.01956667e-1
64,-34,21.604902,2.00349945e-1
64,-33.75,21.580636,1.98679274e-1
64,-33.5,21.556277,1.97047317e-1
64,-33.25,21.531825,1.95447611e-1
64,-33,21.507282,1.93822800e-1
64,-32.75,21.482648,1.92100811e-1
64,-32.5,21.457923,1.90245725e-1
64,-32.25,21.433108,1.88349018e-1
64,-32,21.408204,1.86289465e-1
64,-31.75,21.383211,1.84140718e-1
64,-31.5,21.358129,1.73395379e-1
64,-31.25,21.332959,1.71283788e-1
64,-31,21.307702,1.69229701e-1
64,-30.75,21.282359,1.67126536e-1
64,-30.5,21.256930,1.64972567e-1
64,-30.25,21.231415,1.62903265e-1
64,-30,21.205815,1.60818722e-1
64,-29.75,21.180131,1.58681985e-1
64,-29.5,21.154363,1.56491118e-1
64,-29.25,21.128512,1.54244091e-1
64,-29,21.102579,1.52001979e-1
64,-28.75,21.076564,1.49830957e-1
64,-28.5,21.050468,1.47612505e-1
64,-28.25,21.024291,1.45523654e-1
64,-28,20.998035,1.43377919e-1
64,-27.75,20.971699,1.41172993e-1
64,-27.5,20.945284,1.38906444e-1
64,-27.25,20.918792,1.36759800e-1
64,-27,20.892222,1.34571009e-1
64,-26.75,20.865575,1.32407998e-1
64,-26.5,20.838852,1.30311514e-1
64,-26.25,20.812054,1.28189350e-1
64,-26,20.785181,1.26193558e-1
64,-25.75,20.758235,1.24136192e-1
64,-25.5,20.731214,1.22014405e-1
64,-25.25,20.704122,1.19825169e-1
64,-25,20.676957,1.17565265e-1
64,-24.75,20.649721,1.15231266e-1
64,-24.5,20.622415,1.13024477e-1
64,-24.25,20.595039,1.11036975e-1
64,-24,20.567593,1.09080761e-1
64,-23.75,20.540080,1.07220706e-1
64,-23.5,20.512499,1.05294249e-1
64,-23.25,20.484851,1.03297813e-1
64,-23,20.457137,1.01227556e-1
64,-22.75,20.429358,9.90793525e-2
64,-22.5,20.401514,9.68487613e-2
64,-22.25,20.373607,9.47938890e-2
64,-22,20.345636,9.26939690e-2
64,-21.75,20.317604,9.06352685e-2
64,-21.5,20.289511,8.89812867e-2
64,-21.25,20.261357,8.72569104e-2
64,-21,20.233143,8.54575854e-2
64,-20.75,20.204871,8.35783557e-2
64,-20.5,20.176542,8.16138183e-2
64,-20.25,20.148155,7.96420897e-2
64,-20,20.119713,7.78550669e-2
64,-19.75,20.091215,7.60040475e-2
64,-19.5,20.062664,7.44202829e-2
64,-19.25,20.034059,7.27556084e-2
64,-19,20.005403,7.10036972e-2
64,-18.75,19.976695,6.91575450e-2
64,-18.5,19.947937,6.72093773e-2
64,-18.25,19.919131,6.51505398e-2
64,-18,19.890277,6.32669236e-2
64,-17.75,19.861376,6.14302194e-2
64,-17.5,19.832429,5.97176293e-2
64,-17.25,19.803439,5.81447147e-2
64,-17,19.774405,5.64678501e-2
64,-16.75,19.745329,5.46764150e-2
64,-16.5,19.716213,5.27582911e-2
64,-16.25,19.687057,5.06995886e-2
64,-16,19.657864,4.85571976e-2
64,-15.75,19.628634,4.67830216e-2
64,-15.5,19.599369,4.48628837e-2
64,-15.25,19.570071,4.34292636e-2
64,-15,19.540741,4.18830676e-2
64,-14.75,19.511381,4.01918686e-2
64,-14.5,19.481992,3.83343033e-2
64,-14.25,19.452577,3.62845950e-2
64,-14,19.423137,3.40113518e-2
64,-13.75,19.393674,3.20406593e-2
64,-13.5,19.364191,3.01825584e-2
64,-13.25,19.334689,2.85815528e-2
64,-13,19.305171,2.73097791e-2
64,-12.75,19.275639,2.58475164e-2
64,-12.5,19.246095,2.41485379e-2
64,-12.25,19.216543,2.21503432e-2
64,-12,19.186985,1.97663056e-2
64,-11.75,19.157424,1.71379092e-2
64,-11.5,19.127864,1.54512049e-2
64,-11.25,19.098307,1.33645215e-2
64,-11,19.068757,1.30095213e-2
64,-10.75,19.039219,1.25220889e-2
64,-10.5,19.009696,1.18111481e-2
64,-10.25,18.980192,1.06772723e-2
64,-10,18.950714,8.58334655e-3
64,-9.75,18.921265,8.20185899e-3
64,-9.5,18.891851,9.07912079e-3
64,-9.25,18.862478,1.07827259e-2
64,-9,18.833154,1.27382193e-2
64,-8.75,18.803884,1.43523411e-2
64,-8.5,18.974027,1.57072817e-2
64,-8.25,19.648375,1.68608068e-2
64,-8,20.442505,1.78547029e-2
64,-7.75,21.236247,1.87199453e-2
64,-7.5,22.029633,1.99690354e-2
64,-7.25,22.822783,2.15073521e-2
64,-7,23.604796,2.28788517e-2
64,-6.75,24.395520,2.41092506e-2
64,-6.5,25.186049,2.52192377e-2
64,-6.25,26.182187,2.63672982e-2
64,-6,27.249995,2.79712204e-2
64,-5.75,28.317748,2.94381966e-2
64,-5.5,29.676729,3.07850230e-2
64,-5.25,31.281469,3.20258566e-2
64,-5,32.885830,3.31727146e-2
64,-4.75,34.462367,3.46638290e-2
64,-4.5,36.027641,3.68719793e-2
64,-4.25,37.585468,3.88658864e-2
64,-4,39.166019,4.06752544e-2
64,-3.75,40.756790,4.23245386e-2
64,-3.5,42.333199,4.38340560e-2
64,-3.25,43.922052,4.54074283e-2
64,-3,45.510744,4.72856125e-2
64,-2.75,47.057816,4.91130777e-2
64,-2.5,48.643637,5.12834892e-2
64,-2.25,50.229414,5.33019639e-2
64,-2,51.815277,5.51838812e-2
64,-1.75,53.401374,5.69426121e-2
64,-1.5,54.988171,5.85898373e-2
64,-1.25,56.399960,6.05924116e-2
64,-1,57.977209,6.28909019e-2
64,-0.75,59.554760,6.51545487e-2
64,-0.5,61.075034,6.75602777e-2
64,-0.25,62.533164,6.99911492e-2
64,0,64.046256,7.22906623e-2
64,0.25,65.619612,7.44691498e-2
64,0.5,67.194267,7.65358878e-2
64,0.75,68.770073,7.84992271e-2
64,1,70.346823,8.04443401e-2
64,1.25,71.924285,8.25833597e-2
64,1.5,73.309882,8.48642193e-2
64,1.75,74.776246,8.75195070e-2
64,2,76.288893,9.00559862e-2
64,2.25,77.852466,9.24814136e-2
64,2.5,79.415609,9.48028843e-2
64,2.75,80.861755,9.70269012e-2
64,3,82.360114,9.91594354e-2
64,3.25,83.916010,1.01383400e-1
64,3.5,85.406832,9.73441462e-2
64,3.75,86.872701,9.94499821e-2
64,4,88.333302,1.01647147e-1
64,4.25,89.879079,1.03826054e-1
64,4.5,91.260425,1.06153111e-1
64,4.75,92.725115,1.08396266e-1
64,5,94.112441,1.10559933e-1
64,5.25,95.544466,1.12648222e-1
64,5.5,97.086129,1.14892214e-1
64,5.75,98.510832,1.17089125e-1
64,6,99.929134,1.19382353e-1
64,6.25,101.446024,1.21677929e-1
64,6.5,102.961109,1.23899871e-1
64,6.75,104.474346,1.26051622e-1
64,7,105.985691,1.28136413e-1
64,7.25,107.380321,1.30323824e-1
64,7.5,108.793394,1.32515328e-1
64,7.75,110.198826,1.34641324e-1
64,8,111.694617,1.36704661e-1
64,8.25,112.877884,1.38895075e-1
64,8.5,114.243401,1.41049572e-1
64,8.75,115.724325,1.44207617e-1
64,9,117.101882,1.46433885e-1
64,9.25,118.370965,1.48598924e-1
64,9.5,119.733945,1.50705178e-1
64,9.75,121.199172,1.52754966e-1
64,10,122.662079,1.54754150e-1
64,10.25,124.121934,1.56895690e-1
64,10.5,125.334639,1.59161587e-1
64,10.75,126.670393,1.61377983e-1
64,11,128.116283,1.63538376e-1
64,11.25,129.559724,1.65644815e-1
64,11.5,131.000686,1.67699251e-1
64,11.75,132.199089,1.69703539e-1
64,12,133.630618,1.71659449e-1
64,12.25,135.059584,1.73568669e-1
64,12.5,136.485959,1.75432807e-1
64,12.75,137.762218,1.77405876e-1
64,13,139.032509,1.79370581e-1
64,13.25,140.446980,1.81437267e-1
64,13.5,141.859189,1.83457117e-1
64,13.75,143.135527,1.85431662e-1
64,14,144.403796,1.87340168e-1
64,14.25,145.660830,1.89070577e-1
64,14.5,147.056326,1.90763332e-1
64,14.75,148.449000,1.92419607e-1
64,15,149.387269,1.94009496e-1
64,15.25,150.482317,1.95593808e-1
64,15.5,151.856573,1.97144980e-1
64,15.75,152.927444,1.98563045e-1
64,16,154.145030,1.99905213e-1
64,16.25,155.200292,2.01365299e-1
64,16.5,156.553418,2.02732270e-1
64,16.75,157.903846,2.03993872e-1
64,17,159.090756,2.05230477e-1
64,17.25,160.098495,2.06461294e-1
64,17.5,161.255109,2.07646449e-1
64,17.75,162.419854,2.08808761e-1
64,18,163.744388,2.09948856e-1
64,18.25,164.883210,2.10936488e-1
64,18.5,166.030064,2.11902716e-1
64,18.75,167.175406,2.12850957e-1
64,19,168.480882,2.13781686e-1
64,19.25,169.608613,2.14695357e-1
64,19.5,170.905446,2.15592411e-1
64,19.75,172.006638,2.16571591e-1
64,20,173.115481,2.17556984e-1
64,20.25,174.397565,2.18524853e-1
64,20.5,175.498373,2.19475634e-1
64,20.75,176.771702,2.20409749e-1
64,21,177.855747,2.21327607e-1
64,21.25,179.120171,2.22229603e-1
64,21.5,180.381191,2.23116118e-1
64,21.75,181.264518,2.23987524e-1
64,22,182.309500,2.24846674e-1
64,22.25,183.367303,2.25799594e-1
64,22.5,184.012900,2.26736594e-1
64,22.75,185.243077,2.27658045e-1
64,23,186.469745,2.28564302e-1
64,23.25,187.087692,2.29455711e-1
64,23.5,188.301863,2.30332608e-1
64,23.75,189.316297,2.31195316e-1
64,24,190.118511,2.32044153e-1
64,24.25,191.316103,2.32879423e-1
64,24.5,192.510080,2.34277864e-1
64,24.75,193.270123,2.35859856e-1
64,25,194.452663,2.37418147e-1
64,25.25,195.631534,2.38953213e-1
64,25.5,196.806716,2.40465517e-1
64,25.75,197.763834,2.41955510e-1
64,26,198.510852,2.43429520e-1
64,26.25,199.458469,2.44963967e-1
64,26.5,200.180470,2.46476108e-1
64,26.75,201.112298,2.47966374e-1
64,27,202.037201,2.49472704e-1
64,27.25,202.496214,2.51005747e-1
64,27.5,203.164531,2.52516914e-1
64,27.75,204.282597,2.54034163e-1
64,28,205.170090,2.55585197e-1
64,28.25,206.278475,2.57114394e-1
64,28.5,207.382992,2.58622154e-1
64,28.75,208.256979,2.60108867e-1
64,29,209.118997,2.61574913e-1
64,29.25,209.977910,2.63020664e-1
64,29.5,210.829610,2.64446480e-1
64,29.75,211.205241,2.65852716e-1
64,30,211.555538,2.67239714e-1
64,30.25,212.378461,2.68682240e-1
64,30.5,213.193833,2.70106935e-1
64,30.75,213.996842,2.71554365e-1
64,31,214.796562,2.73015538e-1
64,31.25,215.109551,2.74457087e-1
64,31.5,215.645457,2.75879346e-1
64,31.75,216.418523,2.77282638e-1
64,32,217.184430,2.78726980e-1
64,32.25,218.189038,2.80164119e-1
64,32.5,218.690030,2.81582283e-1
64,32.75,219.167981,2.82981783e-1
64,33,219.636109,2.84362921e-1
64,33.25,220.107031,2.85725994e-1
64,33.5,220.824430,2.87071291e-1
64,33.75,221.788478,2.88399095e-1
64,34,222.220361,2.89709681e-1
64,34.25,222.654973,2.91003322e-1
64,34.5,222.809497,2.92333498e-1
64,34.75,223.208764,2.93708196e-1
64,35,224.135194,2.95081555e-1
64,35.25,224.250365,2.96437338e-1
64,35.5,224.077543,2.97775815e-1
64,35.75,224.714955,2.99097245e-1
64,36,224.793247,3.00401885e-1
64,36.25,225.396190,3.01697615e-1
64,36.5,226.008540,3.03030710e-1
64,36.75,226.327729,3.04346978e-1
64,37,226.362790,3.05646664e-1
64,37.25,227.220769,3.06930008e-1
64,37.5,227.511588,3.08197248e-1
64,37.75,227.518818,3.09448612e-1
64,38,227.801471,3.10684329e-1
64,38.25,228.338431,3.11904618e-1
64,38.5,228.884507,3.13109698e-1
64,38.75,228.833077,3.14299779e-1
64,39,228.206360,3.15526916e-1
64,39.25,229.003446,3.16799125e-1
64,39.5,229.214518,3.18055566e-1
64,39.75,229.132176,3.19296452e-1
64,40,229.334448,3.20521993e-1
64,40.25,229.801138,3.21732396e-1
64,40.5,229.990725,3.22927863e-1
64,40.75,230.153892,3.24108591e-1
64,41,230.014542,3.25274774e-1
64,41.25,230.754647,3.26465571e-1
64,41.5,230.890956,3.27654446e-1
64,41.75,231.326684,3.28828706e-1
64,42,230.834945,3.29988539e-1
64,42.25,230.942043,3.31134127e-1
64,42.5,231.351668,3.32265652e-1
64,42.75,231.739307,3.33383289e-1
64,43,231.833102,3.34487212e-1
64,43.25,231.905987,3.35577590e-1
64,43.5,232.586553,3.36655466e-1
64,43.75,232.643308,3.37766909e-1
64,44,233.009287,3.38864713e-1
64,44.25,232.435244,3.39972922e-1
64,44.5,232.769282,3.41089768e-1
64,44.75,233.417747,3.42192895e-1
64,45,233.740165,3.43282465e-1
64,45.25,234.066980,3.44358635e-1
64,45.5,234.052376,3.45421563e-1
64,45.75,234.678508,3.46471400e-1
64,46,234.649400,3.47508298e-1
64,46.25,235.265046,3.48532402e-1
64,46.5,234.915045,3.49543857e-1
64,46.75,235.518760,3.50582514e-1
64,47,235.788584,3.51610763e-1
64,47.25,236.382804,3.52626265e-1
64,47.5,236.641253,3.53629159e-1
64,47.75,236.585698,3.54619583e-1
64,48,236.830457,3.55597672e-1
64,48.25,237.403338,3.56563557e-1
64,48.5,237.636820,3.57517369e-1
64,48.75,238.200224,3.58459234e-1
64,49,237.769029,3.59421394e-1
64,49.25,237.983008,3.60378179e-1
64,49.5,238.190192,3.61322903e-1
64,49.75,238.730811,3.62255689e-1
64,50,238.926884,3.63176658e-1
64,50.25,238.799780,3.64108706e-1
64,50.5,238.982251,3.65042531e-1
64,50.75,239.501507,3.65964429e-1
64,51,239.672982,3.66874515e-1
64,51.25,240.182851,3.67772905e-1
64,51.5,240.017687,3.68659711e-1
64,51.75,240.170845,3.69535045e-1
64,52,240.332174,3.70399016e-1
64,52.25,240.473897,3.71251731e-1
64,52.5,240.958264,3.72093295e-1
64,52.75,240.749793,3.72923811e-1
64,53,241.223931,3.73743380e-1
64,53.25,241.343327,3.74552102e-1
64,53.5,241.457316,3.75350076e-1
64,53.75,241.917200,3.76112565e-1
64,54,242.020038,3.76857966e-1
64,54.25,241.428559,3.77580342e-1
64,54.5,241.518257,3.78275093e-1
64,54.75,241.957457,3.78960388e-1
64,55,242.392536,3.79606414e-1
128,-55,23.261872,2.78520717e-1
128,-54.75,23.247080,2.77096947e-1
128,-54.5,23.232159,2.75653988e-1
128,-54.25,23.217109,2.74206106e-1
128,-54,23.201930,2.72798027e-1
128,-53.75,23.186623,2.71401401e-1
128,-53.5,23.171188,2.70177615e-1
128,-53.25,23.155626,2.68564750e-1
128,-53,23.139936,2.67117092e-1
128,-52.75,23.124120,2.65649417e-1
128,-52.5,23.108177,2.64645873e-1
128,-52.25,23.092108,2.63871244e-1
128,-52,23.075913,2.67028636e-1
128,-51.75,23.059592,2.66251652e-1
128,-51.5,23.043147,2.65464064e-1
128,-51.25,23.026577,2.64665689e-1
128,-51,23.009882,2.63856338e-1
128,-50.75,22.993063,2.63035816e-1
128,-50.5,22.976121,2.62230400e-1
128,-50.25,22.959055,2.61426422e-1
128,-50,22.941867,2.60611215e-1
128,-49.75,22.924556,2.59784578e-1
128,-49.5,22.907122,2.58946300e-1
128,-49.25,22.889567,2.58100770e-1
128,-49,22.871890,2.57279722e-1
128,-48.75,22.854093,2.56446964e-1
128,-48.5,22.836174,2.55602276e-1
128,-48.25,22.818136,2.54745432e-1
128,-48,22.799977,2.53876201e-1
128,-47.75,22.781699,2.53022653e-1
128,-47.5,22.763302,2.52171489e-1
128,-47.25,22.744786,2.51307846e-1
128,-47,22.726151,2.50431479e-1
128,-46.75,22.707399,2.49542138e-1
128,-46.5,22.688530,2.48653270e-1
128,-46.25,22.669543,2.47782691e-1
128,-46,22.650439,2.46899026e-1
128,-45.75,22.631219,2.46002011e-1
128,-45.5,22.611884,2.45091372e-1
128,-45.25,22.592433,2.44168901e-1
128,-45,22.572866,2.43277719e-1
128,-44.75,22.553186,2.42372781e-1
128,-44.5,22.533391,2.41453797e-1
128,-44.25,22.513482,2.40520469e-1
128,-44,22.493460,2.39572489e-1
128,-43.75,22.473325,2.38652860e-1
128,-43.5,22.453077,2.37725177e-1
128,-43.25,22.432718,2.36782675e-1
128,-43,22.412247,2.35825026e-1
128,-42.75,22.391665,2.34851893e-1
128,-42.5,22.370972,2.33903384e-1
128,-42.25,22.350169,2.32951229e-1
128,-42,22.329256,2.31983390e-1
128,-41.75,22.308233,2.30999506e-1
128,-41.5,22.287102,2.29999206e-1
128,-41.25,22.265863,2.29023369e-1
128,-41,22.244515,2.28044710e-1
128,-40.75,22.223060,2.27049396e-1
128,-40.5,22.201498,2.26037027e-1
128,-40.25,22.179829,2.25007194e-1
128,-40,22.158054,2.24005474e-1
128,-39.75,22.136174,2.22997915e-1
128,-39.5,22.114188,2.21972604e-1
128,-39.25,22.092098,2.20929098e-1
128,-39,22.069903,2.19866939e-1
128,-38.75,22.047605,2.18840647e-1
128,-38.5,22.025204,2.17801354e-1
128,-38.25,22.002700,2.16743064e-1
128,-38,21.980093,2.15665280e-1
128,-37.75,21.957385,2.14572282e-1
128,-37.5,21.934576,2.13517771e-1
128,-37.25,21.911666,2.12443376e-1
128,-37,21.888656,2.11348559e-1
128,-36.75,21.865546,2.10232762e-1
128,-36.5,21.842336,2.09115258e-1
128,-36.25,21.819029,2.08023192e-1
128,-36,21.795622,2.06881447e-1
128,-35.75,21.772119,2.05693242e-1
128,-35.5,21.748518,2.04466605e-1
128,-35.25,21.724820,2.03212638e-1
128,-35,21.701027,2.01921418e-1
128,-34.75,21.677137,2.00550208e-1
128,-34.5,21.653153,1.99090096e-1
128,-34.25,21.629074,1.97555726e-1
128,-34,21.604902,1.96080320e-1
128,-33.75,21.580636,1.94516666e-1
128,-33.5,21.556277,1.92863130e-1
128,-33.25,21.531825,1.91124817e-1
128,-33,21.507282,1.89318200e-1
128,-32.75,21.482648,1.87458118e-1
128,-32.5,21.457923,1.85566999e-1
128,-32.25,21.433108,1.83589713e-1
128,-32,21.408204,1.81519480e-1
128,-31.75,21.383211,1.79456454e-1
128,-31.5,21.358129,1.77813481e-1
128,-31.25,21.332959,1.75602426e-1
128,-31,21.307702,1.73406007e-1
128,-30.75,21.282359,1.71182391e-1
128,-30.5,21.256930,1.68984349e-1
128,-30.25,21.231415,1.66732573e-1
128,-30,21.205815,1.64497281e-1
128,-29.75,21.180131,1.62224868e-1
128,-29.5,21.154363,1.60020794e-1
128,-29.25,21.128512,1.57818156e-1
128,-29,21.102579,1.55586385e-1
128,-28.75,21.076564,1.53364771e-1
128,-28.5,21.050468,1.51092942e-1
128,-28.25,21.024291,1.48850924e-1
128,-28,20.998035,1.46631327e-1
128,-27.75,20.971699,1.44448912e-1
128,-27.5,20.945284,1.42224258e-1
128,-27.25,20.918792,1.40003228e-1
128,-27,20.892222,1.37758172e-1
128,-26.75,20.865575,1.35488874e-1
128,-26.5,20.838852,1.33324431e-1
128,-26.25,20.812054,1.31121108e-1
128,-26,20.785181,1.28942435e-1
128,-25.75,20.758235,1.26696590e-1
128,-25.5,20.731214,1.24493888e-1
128,-25.25,20.704122,1.22240422e-1
128,-25,20.676957,1.20113222e-1
128,-24.75,20.649721,1.17941945e-1
128,-24.5,20.622415,1.15770199e-1
128,-24.25,20.595039,1.11242478e-1
128,-24,20.567593,1.09118645e-1
128,-23.75,20.540080,1.07040524e-1
128,-23.5,20.512499,1.05002279e-1
128,-23.25,20.484851,1.03000630e-1
128,-23,20.457137,1.00932254e-1
128,-22.75,20.429358,9.89222261e-2
128,-22.5,20.401514,9.68351394e-2
128,-22.25,20.373607,9.48747863e-2
128,-22,20.345636,9.29209047e-2
128,-21.75,20.317604,9.09983356e-2
128,-21.5,20.289511,8.90416864e-2
128,-21.25,20.261357,8.70871048e-2
128,-21,20.233143,8.51032840e-2
128,-20.75,20.204871,8.32826536e-2
128,-20.5,20.176542,8.14852885e-2
128,-20.25,20.148155,7.96420897e-2
128,-20,20.119713,7.78550669e-2
128,-19.75,20.091215,7.59970838e-2
128,-19.5,20.062664,7.42215905e-2
128,-19.25,20.034059,7.23553934e-2
128,-19,20.005403,7.05759820e-2
128,-18.75,19.976695,6.87184331e-2
128,-18.5,19.947937,6.69275886e-2
128,-18.25,19.919131,6.50798607e-2
128,-18,19.890277,6.32669236e-2
128,-17.75,19.861376,6.14302194e-2
128,-17.5,19.832429,5.96037891e-2
128,-17.25,19.803439,5.77797054e-2
128,-17,19.774405,5.59278691e-2
128,-16.75,19.745329,5.41180876e-2
128,-16.5,19.716213,5.22495041e-2
128,-16.25,19.687057,5.04562915e-2
128,-16,19.657864,4.85571976e-2
128,-15.75,19.628634,4.67830216e-2
128,-15.5,19.599369,4.48628837e-2
128,-15.25,19.570071,4.31101387e-2
128,-15,19.540741,4.12014353e-2
128,-14.75,19.511381,3.94248057e-2
128,-14.5,19.481992,3.75295993e-2
128,-14.25,19.452577,3.57400677e-2
128,-14,19.423137,3.38615939e-2
128,-13.75,19.393674,3.20406593e-2
128,-13.5,19.364191,3.01825584e-2
128,-13.25,19.334689,2.83410053e-2
128,-13,19.305171,2.65091902e-2
128,-12.75,19.275639,2.46214169e-2
128,-12.5,19.246095,2.28232581e-2
128,-12.25,19.216543,2.08971502e-2
128,-12,19.186985,1.91454324e-2
128,-11.75,19.157424,1.71379092e-2
128,-11.5,19.127864,1.54512049e-2
128,-11.25,19.098307,1.33528542e-2
128,-11,19.068757,1.17681992e-2
128,-10.75,19.039219,9.59241919e-3
128,-10.5,19.009696,8.05482465e-3
128,-10.25,18.980192,7.17333571e-3
128,-10,18.950714,8.13319328e-3
128,-9.75,18.921265,9.99412585e-3
128,-9.5,18.891851,1.15826148e-2
128,-9.25,18.862478,1.28352119e-2
128,-9,18.833154,1.38482505e-2
128,-8.75,18.803884,1.46844408e-2
128,-8.5,18.974007,1.57072817e-2
128,-8.25,19.650272,1.72197450e-2
128,-8,20.444181,1.87285217e-2
128,-7.75,21.236048,2.00419953e-2
128,-7.5,22.025969,2.11957610e-2
128,-7.25,22.813529,2.22172595e-2
128,-7,23.604662,2.32563593e-2
128,-6.75,24.395769,2.46315801e-2
128,-6.5,25.179431,2.60969706e-2
128,-6.25,26.174835,2.74256188e-2
128,-6,27.241788,2.86357892e-2
128,-5.75,28.308526,2.97426321e-2
128,-5.5,29.655734,3.07850230e-2
128,-5.25,31.235617,3.20829638e-2
128,-5,32.833039,3.35217022e-2
128,-4.75,34.428474,3.51760833e-2
128,-4.5,36.022589,3.66876484e-2
128,-4.25,37.603728,3.80956780e-2
128,-4,39.198751,3.99160779e-2
128,-3.75,40.793439,4.17431656e-2
128,-3.5,42.355721,4.36065930e-2
128,-3.25,43.900683,4.54074283e-2
128,-3,45.488996,4.72856125e-2
128,-2.75,47.077127,4.90718184e-2
128,-2.5,48.665220,5.09623344e-2
128,-2.25,50.207747,5.27276774e-2
128,-2,51.718428,5.48275958e-2
128,-1.75,53.298407,5.68754128e-2
128,-1.5,54.878741,5.90149227e-2
128,-1.25,56.433680,6.10431746e-2
128,-1,57.960500,6.19471324e-2
128,-0.75,59.511873,6.37541973e-2
128,-0.5,61.017921,6.58496695e-2
128,-0.25,62.593110,6.78903287e-2
128,0,64.139139,6.99209153e-2
128,0.25,65.684298,7.19483774e-2
128,0.5,67.261029,7.39417497e-2
128,0.75,68.785716,7.60454708e-2
128,1,70.235404,7.81969333e-2
128,1.25,71.713851,8.03916504e-2
128,1.5,73.258499,8.24945986e-2
128,1.75,74.827220,8.46645006e-2
128,2,76.368612,8.67378528e-2
128,2.25,77.869957,8.90019179e-2
128,2.5,79.376708,9.12277696e-2
128,2.75,80.908850,9.34785685e-2
128,3,82.427588,9.56762844e-2
128,3.25,83.902054,9.78720655e-2
128,3.5,85.456816,1.00056555e-1
128,3.75,86.977692,1.02360429e-1
128,4,88.494795,1.04660004e-1
128,4.25,89.895636,1.06906000e-1
128,4.5,91.322671,1.09175640e-1
128,4.75,92.815213,1.11372847e-1
128,5,94.266742,1.13664614e-1
128,5.25,95.665215,1.15965686e-1
128,5.5,97.006040,1.18299442e-1
128,5.75,98.439291,1.20570771e-1
128,6,99.866979,1.22853337e-1
128,6.25,101.382640,1.25097986e-1
128,6.5,102.843257,1.27403311e-1
128,6.75,104.310648,1.29745858e-1
128,7,105.773319,1.32050919e-1
128,7.25,107.222311,1.34364080e-1
128,7.5,108.485462,1.36616724e-1
128,7.75,109.933560,1.38903200e-1
128,8,111.376783,1.41212713e-1
128,8.25,112.816857,1.43477876e-1
128,8.5,114.252014,1.45678114e-1
128,8.75,115.673067,1.47884149e-1
128,9,117.151440,1.50064099e-1
128,9.25,118.524334,1.52184035e-1
128,9.5,119.932701,1.54345340e-1
128,9.75,121.283801,1.56472201e-1
128,10,122.692524,1.58620553e-1
128,10.25,124.152691,1.60712626e-1
128,10.5,125.554841,1.62750559e-1
128,10.75,126.896365,1.64742867e-1
128,11,128.104918,1.66838217e-1
128,11.25,129.490111,1.68907798e-1
128,11.5,130.870096,1.70926248e-1
128,11.75,132.235880,1.72895393e-1
128,12,133.597523,1.74832992e-1
128,12.25,135.026976,1.76805437e-1
128,12.5,136.328961,1.78808161e-1
128,12.75,137.687901,1.80764044e-1
128,13,139.106610,1.82674665e-1
128,13.25,140.381357,1.84592762e-1
128,13.5,141.658340,1.81548232e-1
128,13.75,142.978285,1.83390083e-1
128,14,144.232754,1.85186921e-1
128,14.25,145.275996,1.86916351e-1
128,14.5,146.459658,1.88630327e-1
128,14.75,147.701089,1.90251944e-1
128,15,149.007810,1.91809440e-1
128,15.25,150.384428,1.93270099e-1
128,15.5,151.599746,1.94764494e-1
128,15.75,152.892231,1.98540042e-1
128,16,154.109838,1.99965710e-1
128,16.25,155.320068,2.01334407e-1
128,16.5,156.514121,2.02622271e-1
128,16.75,157.704747,2.03888443e-1
128,17,158.972081,2.05186581e-1
128,17.25,160.231710,2.06397616e-1
128,17.5,161.488799,2.07556930e-1
128,17.75,162.579347,2.08653518e-1
128,18,163.569727,2.09741004e-1
128,18.25,164.888500,2.10783229e-1
128,18.5,166.119993,2.11796530e-1
128,18.75,167.252974,2.12775602e-1
128,19,168.465826,2.13720360e-1
128,19.25,169.680412,2.14696964e-1
128,19.5,170.803493,2.15655807e-1
128,19.75,172.008955,2.16597342e-1
128,20,173.120501,2.17522009e-1
128,20.25,174.215185,2.18453051e-1
128,20.5,175.492496,2.19404388e-1
128,20.75,176.584745,2.20339049e-1
128,21,177.760564,2.21257445e-1
128,21.25,178.742538,2.22159968e-1
128,21.5,179.713262,2.23074962e-1
128,21.75,180.777568,2.24003116e-1
128,22,181.920759,2.24915557e-1
128,22.25,183.065846,2.25812654e-1
128,22.5,184.303021,2.26694766e-1
128,22.75,185.333018,2.27591398e-1
128,23,186.365393,2.28498125e-1
128,23.25,187.490928,2.29389996e-1
128,23.5,188.510562,2.30267347e-1
128,23.75,189.513558,2.31130503e-1
128,24,190.611342,2.32006478e-1
128,24.25,191.610345,2.32893261e-1
128,24.5,192.593289,2.34320354e-1
128,24.75,193.682368,2.35859856e-1
128,25,194.763748,2.37418147e-1
128,25.25,195.627627,2.38996531e-1
128,25.5,196.695994,2.40553693e-1
128,25.75,197.655157,2.42087882e-1
128,26,198.715018,2.43601119e-1
128,26.25,199.335043,2.45135006e-1
128,26.5,200.159028,2.46646592e-1
128,26.75,200.873339,2.48149372e-1
128,27,201.363554,2.49665880e-1
128,27.25,202.493472,2.51197510e-1
128,27.5,203.507284,2.52707288e-1
128,27.75,204.517902,2.54195623e-1
128,28,205.400284,2.55695800e-1
128,28.25,206.396579,2.57183509e-1
128,28.5,207.389381,2.58650361e-1
128,28.75,208.147487,2.60108867e-1
128,29,208.778677,2.61578448e-1
128,29.25,209.281457,2.63063641e-1
128,29.5,210.125739,2.64528357e-1
128,29.75,210.964608,2.65986796e-1
128,30,211.677070,2.67450346e-1
128,30.25,212.617914,2.68893952e-1
128,30.5,213.068936,2.70317959e-1
128,30.75,213.754712,2.71724847e-1
128,31,214.553323,2.73147791e-1
128,31.25,215.222819,2.74580975e-1
128,31.5,215.755353,2.76002357e-1
128,31.75,216.405608,2.77430351e-1
128,32,217.162807,2.78850181e-1
128,32.25,217.800159,2.80251203e-1
128,32.5,218.550522,2.81633727e-1
128,32.75,219.291366,2.82998055e-1
128,33,219.900062,2.84362921e-1
128,33.25,220.502765,2.85733547e-1
128,33.5,220.959770,2.87112821e-1
128,33.75,221.534399,2.88501453e-1
128,34,222.098002,2.89878745e-1
128,34.25,222.389721,2.91238228e-1
128,34.5,222.668050,2.92580179e-1
128,34.75,223.196110,2.93904870e-1
128,35,223.452419,2.95212568e-1
128,35.25,223.967628,2.96525462e-1
128,35.5,224.345108,2.97841454e-1
128,35.75,224.437117,2.99182096e-1
128,36,225.057592,3.00517598e-1
128,36.25,225.260495,3.01836170e-1
128,36.5,225.587456,3.03138062e-1
128,36.75,225.910867,3.04423519e-1
128,37,226.496792,3.05692782e-1
128,37.25,226.657851,3.06946086e-1
128,37.5,227.083073,3.08197248e-1
128,37.75,227.087244,3.09452397e-1
128,38,227.501513,3.10746471e-1
128,38.25,227.619901,3.12024389e-1
128,38.5,228.157378,3.13286378e-1
128,38.75,228.411252,3.14532661e-1
128,39,228.929412,3.15763455e-1
128,39.25,229.008294,3.16978974e-1
128,39.5,229.361076,3.18179427e-1
128,39.75,229.569385,3.19365019e-1
128,40,229.912508,3.20563455e-1
128,40.25,229.808792,3.21780450e-1
128,40.5,230.276809,3.23002367e-1
128,40.75,230.142799,3.24209219e-1
128,41,230.294719,3.25401205e-1
128,41.25,230.444906,3.26578519e-1
128,41.5,230.577972,3.27741351e-1
128,41.75,230.856085,3.28889889e-1
128,42,231.127890,3.30024315e-1
128,42.25,231.389835,3.31144809e-1
128,42.5,231.495349,3.32287793e-1
128,42.75,231.436192,3.33430085e-1
128,43,231.674162,3.34580876e-1
128,43.25,231.444829,3.35719285e-1
128,43.5,231.814773,3.36843727e-1
128,43.75,232.025206,3.37954371e-1
128,44,232.069021,3.39051386e-1
128,44.25,232.569195,3.40134935e-1
128,44.5,232.749903,3.41205180e-1
128,44.75,233.083190,3.42262277e-1
128,45,233.256335,3.43329060e-1
128,45.25,233.731887,3.44398133e-1
128,45.5,233.891782,3.45460983e-1
128,45.75,234.192972,3.46530649e-1
128,46,234.493460,3.47589094e-1
128,46.25,234.624420,3.48634480e-1
128,46.5,235.069846,3.49666954e-1
128,46.75,235.350940,3.50686663e-1
128,47,235.625703,3.51693747e-1
128,47.25,235.894255,3.52688346e-1
128,47.5,236.316643,3.53679351e-1
128,47.75,236.567860,3.54669818e-1
128,48,236.817896,3.55647949e-1
128,48.25,236.894823,3.56632840e-1
128,48.5,236.971721,3.57606338e-1
128,48.75,237.203956,3.58587082e-1
128,49,237.591097,3.59555517e-1
128,49.25,237.809309,3.60511771e-1
128,49.5,238.205089,3.61455970e-1
128,49.75,238.410554,3.62388236e-1
128,50,238.774883,3.63308692e-1
128,50.25,239.134236,3.64217455e-1
128,50.5,239.157582,3.65132521e-1
128,50.75,239.338753,3.66036308e-1
128,51,239.680737,3.66928516e-1
128,51.25,239.850223,3.67809257e-1
128,51.5,240.181429,3.68678644e-1
128,51.75,240.173316,3.69536783e-1
128,52,240.319810,3.70399016e-1
128,52.25,240.463902,3.71251731e-1
128,52.5,240.428276,3.72093295e-1
128,52.75,240.732068,3.72923811e-1
128,53,241.031321,3.73743380e-1
128,53.25,241.153691,3.74552102e-1
128,53.5,241.269091,3.75344236e-1
128,53.75,241.550237,3.76112565e-1
128,54,241.654541,3.76857724e-1
128,54.25,242.102221,3.77577563e-1
128,54.5,242.370896,3.78275093e-1
128,54.75,242.284151,3.78951174e-1
128,55,242.368716,3.79606414e-1
